{
"type": "FeatureCollection",
"name": "firs_simplified",
"crs": { "type": "name", "properties": { "name": "urn:ogc:def:crs:OGC:1.3:CRS84" } },
"features": [
{ "type": "Feature", "properties": { "id": "00-00-f0-00", "volumeName": "NIL1", "icaoID": "" }, "geometry": { "type": "Polygon", "coordinates": [ [ [ -92.0, 1.416666 ], [ -104.5, 10.000002 ], [ -120.0, 5.000002 ], [ -120.0, -15.0 ], [ -90.0, -15.0 ], [ -90.0, -3.4 ], [ -92.0, -3.4 ], [ -92.0, 1.416666 ] ] ] } },
{ "type": "Feature", "properties": { "id": "00-00-f0-01", "volumeName": "NIL2", "icaoID": "" }, "geometry": { "type": "Polygon", "coordinates": [ [ [ 32.083334, 71.500002 ], [ 32.083334, 74.000002 ], [ 35.000002, 74.000002 ], [ 35.000002, 81.000002 ], [ 32.000002, 81.000002 ], [ 32.000002, 90.0 ], [ 30.000002, 90.0 ], [ 30.000002, 71.000002 ], [ 31.716665, 70.366667 ], [ 31.133333, 70.000002 ], [ 32.083334, 70.166672 ], [ 32.083334, 71.500002 ] ] ] } },
{ "type": "Feature", "properties": { "id": "00-00-f0-02", "volumeName": "FIR ACCRA", "icaoID": "DGAC" }, "geometry": { "type": "Polygon", "coordinates": [ [ [ -2.764464, 9.868789 ], [ -2.737499, 9.820002 ], [ -2.794167, 9.735766 ], [ -2.744743, 9.652681 ], [ -2.771963, 9.578791 ], [ -2.676132, 9.471289 ], [ -2.668352, 9.376562 ], [ -2.715853, 9.31156 ], [ -2.660574, 9.257399 ], [ -2.766938, 9.134936 ], [ -2.773073, 9.055181 ], [ -2.651962, 9.00934 ], [ -2.616667, 8.914446 ], [ -2.595574, 8.82462 ], [ -2.620024, 8.788511 ], [ -2.581404, 8.779902 ], [ -2.487793, 8.19768 ], [ -2.59523, 8.164466 ], [ -2.588634, 8.040729 ], [ -2.683903, 8.0124 ], [ -2.741134, 7.938789 ], [ -2.774464, 7.946559 ], [ -2.785023, 7.85351 ], [ -2.823882, 7.823526 ], [ -2.923634, 7.595448 ], [ -2.973352, 7.262121 ], [ -2.948633, 7.22851 ], [ -3.017231, 7.133246 ], [ -3.023903, 7.07295 ], [ -3.090023, 7.061842 ], [ -3.224463, 6.81851 ], [ -3.228333, 6.76861 ], [ -3.186111, 6.716391 ], [ -3.249184, 6.611288 ], [ -3.168633, 6.255732 ], [ -3.094744, 6.145182 ], [ -3.070293, 5.991842 ], [ -3.006403, 5.857679 ], [ -3.013634, 5.707399 ], [ -2.948633, 5.71295 ], [ -2.960293, 5.627119 ], [ -2.860237, 5.651308 ], [ -2.778292, 5.620474 ], [ -2.71611, 5.38611 ], [ -2.717243, 5.34656 ], [ -2.773353, 5.3499 ], [ -2.783608, 5.280275 ], [ -2.729166, 5.147501 ], [ -2.753634, 5.100728 ], [ -3.108061, 5.147196 ], [ -3.0, 4.683332 ], [ -3.0, -9.533333 ], [ 6.583334, -5.866665 ], [ 6.583334, 3.000002 ], [ 2.75, 5.7 ], [ 2.75, 6.218333 ], [ 2.719152, 6.236763 ], [ 2.719168, 6.456388 ], [ 2.756666, 6.570833 ], [ 2.741667, 6.621946 ], [ 2.799166, 6.694166 ], [ 2.789999, 6.758612 ], [ 2.739721, 6.798056 ], [ 2.756388, 6.910555 ], [ 2.725279, 6.954443 ], [ 2.742777, 7.006666 ], [ 2.798334, 7.039999 ], [ 2.747778, 7.099169 ], [ 2.778612, 7.134447 ], [ 2.757502, 7.419443 ], [ 2.805834, 7.422777 ], [ 2.810278, 7.493055 ], [ 2.740557, 7.566668 ], [ 2.742224, 7.808611 ], [ 2.681948, 7.89353 ], [ 2.753611, 8.206945 ], [ 2.709169, 8.338888 ], [ 2.762777, 8.519167 ], [ 2.738611, 8.781111 ], [ 2.770002, 8.811666 ], [ 2.785639, 9.060789 ], [ 3.094999, 9.090555 ], [ 3.170279, 9.274443 ], [ 3.141668, 9.441111 ], [ 3.263334, 9.591665 ], [ 3.263334, 9.635832 ], [ 3.317225, 9.63611 ], [ 3.363333, 9.681944 ], [ 3.33111, 9.755835 ], [ 3.343889, 9.804998 ], [ 3.471392, 9.855833 ], [ 3.525278, 9.844168 ], [ 3.609446, 9.948057 ], [ 3.625555, 10.070555 ], [ 3.671114, 10.093889 ], [ 3.683889, 10.170557 ], [ 3.581945, 10.275278 ], [ 3.637224, 10.411665 ], [ 3.683889, 10.448057 ], [ 3.793612, 10.405554 ], [ 3.855001, 10.585001 ], [ 3.846666, 10.703054 ], [ 3.796946, 10.720835 ], [ 3.748613, 10.803057 ], [ 3.775278, 10.898611 ], [ 3.751535, 10.994646 ], [ -2.831806, 10.994347 ], [ -2.816111, 10.920832 ], [ -2.927221, 10.719446 ], [ -2.906389, 10.687498 ], [ -2.933056, 10.62361 ], [ -2.854723, 10.453054 ], [ -2.768333, 10.416666 ], [ -2.823889, 10.383333 ], [ -2.844721, 10.320833 ], [ -2.752222, 10.260279 ], [ -2.803333, 10.186388 ], [ -2.79611, 10.057779 ], [ -2.752222, 9.963888 ], [ -2.764464, 9.868789 ] ] ] } },
{ "type": "Feature", "properties": { "id": "00-00-f0-03", "volumeName": "FIR AKTOBE", "icaoID": "UATT" }, "geometry": { "type": "Polygon", "coordinates": [ [ [ 52.373049, 51.733049 ], [ 52.329165, 51.781939 ], [ 52.30916, 51.739161 ], [ 52.177492, 51.728876 ], [ 52.105829, 51.664156 ], [ 51.89361, 51.68194 ], [ 51.783335, 51.60055 ], [ 51.803324, 51.500002 ], [ 51.68194, 51.454714 ], [ 51.649996, 51.469713 ], [ 51.649439, 51.528605 ], [ 51.591105, 51.545 ], [ 51.437212, 51.469156 ], [ 51.303049, 51.479715 ], [ 51.25889, 51.550547 ], [ 51.391382, 51.568888 ], [ 51.389994, 51.63833 ], [ 51.302492, 51.64805 ], [ 51.258051, 51.694155 ], [ 50.938883, 51.688883 ], [ 50.863329, 51.75139 ], [ 50.773302, 51.769182 ], [ 50.758608, 51.719713 ], [ 50.813608, 51.64805 ], [ 50.810549, 51.591661 ], [ 50.682772, 51.573053 ], [ 50.717493, 51.622492 ], [ 50.602777, 51.639994 ], [ 50.594713, 51.589716 ], [ 50.543612, 51.567217 ], [ 50.548883, 51.468599 ], [ 50.384722, 51.425272 ], [ 50.397219, 51.399721 ], [ 50.354441, 51.378046 ], [ 50.363329, 51.316942 ], [ 49.96805, 51.226099 ], [ 49.804163, 51.110277 ], [ 49.461939, 51.124163 ], [ 49.364443, 50.979715 ], [ 49.440828, 50.905825 ], [ 49.425829, 50.851389 ], [ 49.158327, 50.792772 ], [ 49.030825, 50.688044 ], [ 48.830278, 50.596659 ], [ 48.593607, 50.648333 ], [ 48.595545, 50.622492 ], [ 48.697489, 50.591936 ], [ 48.722765, 50.353052 ], [ 48.811106, 50.194155 ], [ 48.791109, 50.123606 ], [ 48.879717, 50.101664 ], [ 48.916941, 50.034166 ], [ 48.828333, 49.955828 ], [ 48.45083, 49.816942 ], [ 48.332216, 49.878878 ], [ 48.245829, 49.873049 ], [ 48.24888, 49.908884 ], [ 48.139719, 50.008608 ], [ 48.110552, 50.098604 ], [ 47.760828, 50.375269 ], [ 47.620272, 50.459993 ], [ 47.490831, 50.421381 ], [ 47.416101, 50.331942 ], [ 47.316668, 50.294443 ], [ 47.342768, 50.241938 ], [ 47.28055, 50.182215 ], [ 47.356661, 50.090273 ], [ 47.302492, 50.031939 ], [ 47.188326, 49.944155 ], [ 46.929438, 49.863611 ], [ 46.795832, 49.339716 ], [ 47.026102, 49.236109 ], [ 47.062769, 49.142771 ], [ 46.954439, 49.013056 ], [ 46.778879, 48.936655 ], [ 46.499163, 48.417498 ], [ 47.122766, 48.271662 ], [ 47.133333, 48.242495 ], [ 47.096376, 48.209993 ], [ 47.138323, 48.169992 ], [ 47.12221, 48.102221 ], [ 47.214991, 48.070833 ], [ 47.062487, 47.996096 ], [ 47.182772, 47.874163 ], [ 47.13666, 47.822496 ], [ 47.383326, 47.688883 ], [ 47.435823, 47.843599 ], [ 47.663317, 47.769442 ], [ 48.046656, 47.782495 ], [ 48.151651, 47.744989 ], [ 48.443872, 47.43693 ], [ 48.547213, 47.417208 ], [ 48.721102, 47.09833 ], [ 49.027208, 46.776094 ], [ 48.941378, 46.704165 ], [ 48.765268, 46.690821 ], [ 48.691095, 46.767771 ], [ 48.538607, 46.751657 ], [ 48.476206, 46.667681 ], [ 48.554155, 46.643885 ], [ 48.584002, 46.598429 ], [ 48.560549, 46.564997 ], [ 48.740274, 46.558329 ], [ 48.833879, 46.484995 ], [ 48.918131, 46.489222 ], [ 49.433332, 46.233335 ], [ 49.433332, 46.133333 ], [ 49.500002, 45.916666 ], [ 49.500002, 42.833334 ], [ 51.500002, 42.000002 ], [ 52.440073, 41.740938 ], [ 53.015001, 42.138887 ], [ 53.46277, 42.271379 ], [ 53.995546, 42.348604 ], [ 54.173052, 42.337214 ], [ 54.76111, 42.058886 ], [ 54.956659, 41.912493 ], [ 54.971659, 41.802217 ], [ 55.289164, 41.439714 ], [ 55.394716, 41.387217 ], [ 55.456942, 41.286661 ], [ 55.652491, 41.267214 ], [ 55.903879, 41.333605 ], [ 55.999299, 41.328261 ], [ 56.000017, 45.003 ], [ 58.694842, 45.600202 ], [ 60.117638, 44.864667 ], [ 61.683332, 46.166666 ], [ 64.537818, 47.193194 ], [ 62.681669, 48.627268 ], [ 62.4153, 50.391935 ], [ 61.478876, 50.969988 ], [ 61.474795, 50.890087 ], [ 61.410547, 50.792498 ], [ 60.76111, 50.65999 ], [ 60.319719, 50.690271 ], [ 60.170275, 50.77527 ], [ 60.16527, 50.845827 ], [ 60.019159, 50.858332 ], [ 59.938601, 50.762499 ], [ 59.946383, 50.689157 ], [ 59.819719, 50.54722 ], [ 59.650827, 50.533884 ], [ 59.542498, 50.478327 ], [ 59.466387, 50.532495 ], [ 59.57583, 50.556383 ], [ 59.586382, 50.584436 ], [ 59.492495, 50.629435 ], [ 59.296389, 50.61944 ], [ 59.23472, 50.668329 ], [ 58.940271, 50.683054 ], [ 58.808603, 50.743326 ], [ 58.770273, 50.801661 ], [ 58.665545, 50.804995 ], [ 58.669992, 50.869158 ], [ 58.596659, 50.866106 ], [ 58.566668, 50.908884 ], [ 58.624437, 50.988604 ], [ 58.609995, 51.038332 ], [ 58.543329, 51.072496 ], [ 58.390833, 51.079439 ], [ 58.391108, 51.115274 ], [ 58.33777, 51.156099 ], [ 58.215273, 51.115831 ], [ 58.17222, 51.054438 ], [ 58.07583, 51.094439 ], [ 57.961382, 51.074442 ], [ 57.794436, 51.118944 ], [ 57.74972, 51.072496 ], [ 57.741938, 50.913607 ], [ 57.569162, 50.925554 ], [ 57.481936, 50.864717 ], [ 57.350832, 50.907495 ], [ 57.297495, 51.006388 ], [ 57.218882, 51.024714 ], [ 57.18638, 51.108606 ], [ 56.873323, 51.058329 ], [ 56.774439, 51.09083 ], [ 56.700274, 51.056383 ], [ 56.729158, 50.97777 ], [ 56.626101, 50.985826 ], [ 56.503328, 51.081667 ], [ 56.439157, 51.034998 ], [ 56.453325, 50.978045 ], [ 56.373049, 50.958048 ], [ 56.356104, 50.901659 ], [ 56.178049, 50.916384 ], [ 56.116106, 50.739161 ], [ 55.701387, 50.53277 ], [ 55.545, 50.605555 ], [ 55.497774, 50.661661 ], [ 55.369989, 50.651934 ], [ 55.292772, 50.690546 ], [ 55.087503, 50.815836 ], [ 55.081667, 50.893885 ], [ 54.948046, 50.903605 ], [ 54.828882, 50.983332 ], [ 54.647219, 51.036943 ], [ 54.558329, 51.015001 ], [ 54.566668, 50.957216 ], [ 54.519442, 50.931383 ], [ 54.673883, 50.87388 ], [ 54.658327, 50.721933 ], [ 54.701937, 50.606943 ], [ 54.610277, 50.543612 ], [ 54.523935, 50.528841 ], [ 54.453325, 50.555552 ], [ 54.397776, 50.625551 ], [ 54.438044, 50.765276 ], [ 54.506388, 50.856943 ], [ 54.301386, 50.907495 ], [ 54.167215, 50.998331 ], [ 54.133051, 51.106104 ], [ 54.041941, 51.122766 ], [ 53.957216, 51.193048 ], [ 53.678331, 51.227488 ], [ 53.595827, 51.360552 ], [ 53.638605, 51.393053 ], [ 53.364443, 51.502779 ], [ 53.294443, 51.486383 ], [ 53.15555, 51.514719 ], [ 53.148333, 51.482492 ], [ 53.048334, 51.491663 ], [ 52.94388, 51.448603 ], [ 52.769716, 51.504168 ], [ 52.677774, 51.452776 ], [ 52.603327, 51.456942 ], [ 52.50139, 51.510279 ], [ 52.373049, 51.733049 ] ] ] } },
{ "type": "Feature", "properties": { "id": "00-00-f0-04", "volumeName": "FIR ALBUQUERQUE", "icaoID": "KZAB" }, "geometry": { "type": "Polygon", "coordinates": [ [ [ -100.0, 35.829168 ], [ -101.75, 36.500002 ], [ -102.549999, 37.500002 ], [ -105.0, 36.716669 ], [ -106.083332, 36.716669 ], [ -107.466667, 36.200003 ], [ -108.216667, 36.033335 ], [ -110.233332, 35.700003 ], [ -111.841667, 35.766668 ], [ -112.0, 35.433332 ], [ -112.666666, 35.383333 ], [ -113.616667, 34.91667 ], [ -114.0, 34.66667 ], [ -114.0, 32.683332 ], [ -113.684722, 32.7375 ], [ -113.506322, 32.09225 ], [ -111.06532, 31.328993 ], [ -108.204999, 31.331375 ], [ -108.203479, 31.78335 ], [ -106.452984, 31.764583 ], [ -106.349571, 31.696721 ], [ -106.206625, 31.466212 ], [ -105.953935, 31.364871 ], [ -105.772943, 31.166723 ], [ -105.604775, 31.084028 ], [ -105.557282, 30.989776 ], [ -105.400013, 30.889273 ], [ -105.395569, 30.849392 ], [ -105.257154, 30.794274 ], [ -105.215066, 30.805932 ], [ -105.061777, 30.685879 ], [ -105.006519, 30.686089 ], [ -104.971443, 30.609951 ], [ -104.922554, 30.603567 ], [ -104.866608, 30.494458 ], [ -104.859055, 30.390543 ], [ -104.706221, 30.234795 ], [ -104.679946, 29.920799 ], [ -104.56589, 29.771355 ], [ -104.508882, 29.633036 ], [ -104.337674, 29.519824 ], [ -104.213711, 29.484718 ], [ -104.167212, 29.394645 ], [ -104.038248, 29.320125 ], [ -103.783869, 29.265419 ], [ -103.777073, 29.220294 ], [ -103.758541, 29.233022 ], [ -103.718642, 29.180901 ], [ -103.553682, 29.158029 ], [ -103.432872, 29.043595 ], [ -103.360521, 29.018524 ], [ -103.330449, 29.043132 ], [ -103.286023, 28.976773 ], [ -103.26708, 28.996046 ], [ -103.153729, 28.971553 ], [ -103.116453, 28.984442 ], [ -103.100522, 29.06067 ], [ -103.033604, 29.101335 ], [ -102.995628, 29.179171 ], [ -102.950665, 29.17362 ], [ -102.867376, 29.22383 ], [ -102.903227, 29.279144 ], [ -102.884139, 29.34787 ], [ -102.812341, 29.400456 ], [ -102.830919, 29.444303 ], [ -102.768312, 29.595253 ], [ -102.740536, 29.597613 ], [ -102.67388, 29.744675 ], [ -102.560837, 29.767778 ], [ -102.15, 31.283335 ], [ -103.333332, 31.65 ], [ -103.799999, 32.033335 ], [ -103.933332, 32.466669 ], [ -103.799999, 33.000002 ], [ -103.799999, 33.383333 ], [ -103.691666, 33.402781 ], [ -103.366667, 33.775 ], [ -102.799999, 34.316668 ], [ -102.324999, 34.550001 ], [ -102.0, 34.6 ], [ -100.75, 34.466669 ], [ -100.316666, 34.866667 ], [ -100.0, 35.333334 ], [ -100.0, 35.829168 ] ] ] } },
{ "type": "Feature", "properties": { "id": "00-00-f0-05", "volumeName": "FIR ALMATY", "icaoID": "UAAA" }, "geometry": { "type": "Polygon", "coordinates": [ [ [ 80.852816, 51.263773 ], [ 80.687838, 51.314722 ], [ 80.63344, 51.214762 ], [ 80.449846, 51.206026 ], [ 80.430681, 51.119089 ], [ 80.483461, 51.076838 ], [ 80.467913, 50.968233 ], [ 80.199053, 50.888361 ], [ 80.172106, 50.829195 ], [ 80.065447, 50.860598 ], [ 80.035173, 50.833376 ], [ 80.109606, 50.759478 ], [ 79.993868, 50.813051 ], [ 79.841808, 51.026673 ], [ 78.172846, 50.690606 ], [ 76.182524, 49.800294 ], [ 76.183332, 48.833334 ], [ 74.282766, 48.133066 ], [ 71.816668, 48.000002 ], [ 71.918361, 45.077687 ], [ 74.906182, 44.25071 ], [ 74.180337, 43.746249 ], [ 74.321657, 43.213854 ], [ 74.566942, 43.132738 ], [ 74.752779, 42.993578 ], [ 74.893328, 42.979128 ], [ 75.216936, 42.852182 ], [ 75.664431, 42.807459 ], [ 75.74721, 42.850512 ], [ 75.802477, 42.940508 ], [ 76.61693, 42.900232 ], [ 76.976931, 42.996347 ], [ 77.350267, 42.896624 ], [ 77.459719, 42.930239 ], [ 77.591097, 42.887461 ], [ 77.729708, 42.914675 ], [ 77.811922, 42.902452 ], [ 77.829439, 42.87079 ], [ 77.897493, 42.900232 ], [ 78.093874, 42.857462 ], [ 78.265276, 42.875513 ], [ 78.336931, 42.852457 ], [ 78.512209, 42.885241 ], [ 78.68915, 42.812456 ], [ 79.027773, 42.759684 ], [ 79.194704, 42.795794 ], [ 79.215273, 42.679125 ], [ 79.356646, 42.607737 ], [ 79.443865, 42.472178 ], [ 79.571932, 42.453012 ], [ 79.716936, 42.474123 ], [ 79.952776, 42.434122 ], [ 80.192202, 42.209124 ], [ 80.281099, 42.212175 ], [ 80.293871, 42.252184 ], [ 80.217211, 42.45051 ], [ 80.242479, 42.490511 ], [ 80.158037, 42.632456 ], [ 80.255266, 42.811907 ], [ 80.5786, 42.891077 ], [ 80.561373, 42.926355 ], [ 80.390276, 42.992739 ], [ 80.383608, 43.033579 ], [ 80.646379, 43.141352 ], [ 80.778597, 43.110247 ], [ 80.817217, 43.156069 ], [ 80.769152, 43.288858 ], [ 80.66054, 43.328852 ], [ 80.731936, 43.423296 ], [ 80.736376, 43.478571 ], [ 80.441927, 43.986361 ], [ 80.431368, 44.053026 ], [ 80.362764, 44.125246 ], [ 80.399996, 44.25831 ], [ 80.348879, 44.450251 ], [ 80.407213, 44.602198 ], [ 80.374987, 44.656076 ], [ 80.516665, 44.707201 ], [ 80.52083, 44.732477 ], [ 80.262209, 44.824427 ], [ 80.001665, 44.797762 ], [ 79.875811, 44.865534 ], [ 79.871096, 44.904978 ], [ 80.12137, 45.039423 ], [ 80.391665, 45.04915 ], [ 80.469149, 45.111094 ], [ 81.05443, 45.166086 ], [ 81.688311, 45.350817 ], [ 81.797762, 45.305811 ], [ 81.815813, 45.200533 ], [ 81.94803, 45.15748 ], [ 82.296938, 45.237757 ], [ 82.481661, 45.127474 ], [ 82.561647, 45.129419 ], [ 82.635546, 45.240534 ], [ 82.649431, 45.430262 ], [ 82.3622, 45.495531 ], [ 82.317766, 45.570536 ], [ 82.51082, 45.901926 ], [ 82.57332, 46.173044 ], [ 82.708879, 46.354158 ], [ 82.873873, 46.763605 ], [ 83.014711, 46.960276 ], [ 83.040545, 47.212214 ], [ 83.162493, 47.223604 ], [ 83.564989, 47.061106 ], [ 83.922487, 46.973879 ], [ 84.29471, 47.007502 ], [ 84.531939, 46.975267 ], [ 84.678041, 46.993608 ], [ 84.778872, 46.931665 ], [ 84.735262, 46.836939 ], [ 84.759432, 46.826387 ], [ 84.96361, 46.864161 ], [ 85.257769, 47.051104 ], [ 85.529314, 47.060167 ], [ 85.57332, 47.176943 ], [ 85.686647, 47.211939 ], [ 85.705553, 47.283609 ], [ 85.700548, 47.383883 ], [ 85.603594, 47.519442 ], [ 85.62221, 47.621103 ], [ 85.537767, 47.959993 ], [ 85.613878, 48.158327 ], [ 85.759157, 48.387774 ], [ 85.86249, 48.425272 ], [ 86.230822, 48.425272 ], [ 86.344149, 48.495272 ], [ 86.46361, 48.493608 ], [ 86.596102, 48.536112 ], [ 86.644991, 48.616388 ], [ 86.783327, 48.72777 ], [ 86.759432, 48.793612 ], [ 86.821383, 48.846659 ], [ 86.752779, 48.90027 ], [ 86.730547, 48.972216 ], [ 86.874697, 49.110826 ], [ 86.998873, 49.099436 ], [ 87.167482, 49.133051 ], [ 87.348207, 49.092623 ], [ 87.299715, 49.21055 ], [ 87.218874, 49.246103 ], [ 87.052477, 49.254168 ], [ 86.926653, 49.353052 ], [ 86.964434, 49.391939 ], [ 86.839708, 49.452219 ], [ 86.846941, 49.521662 ], [ 86.616655, 49.587214 ], [ 86.682207, 49.669992 ], [ 86.800264, 49.702219 ], [ 86.762774, 49.734438 ], [ 86.774996, 49.788889 ], [ 86.616381, 49.79722 ], [ 86.611101, 49.76111 ], [ 86.497087, 49.715509 ], [ 86.505831, 49.676386 ], [ 86.287493, 49.585825 ], [ 86.245821, 49.50139 ], [ 86.191088, 49.47249 ], [ 86.132753, 49.53277 ], [ 85.969439, 49.488604 ], [ 85.969149, 49.566385 ], [ 85.837206, 49.543886 ], [ 85.77083, 49.579996 ], [ 85.690538, 49.56444 ], [ 85.630816, 49.627489 ], [ 85.524431, 49.590548 ], [ 85.403872, 49.623323 ], [ 85.258608, 49.591379 ], [ 85.211107, 49.647219 ], [ 85.210543, 49.715548 ], [ 85.091936, 49.819719 ], [ 85.083605, 49.88138 ], [ 84.97777, 49.912767 ], [ 84.979158, 49.997774 ], [ 85.058321, 50.013613 ], [ 85.014437, 50.07583 ], [ 84.851931, 50.091661 ], [ 84.810534, 50.144159 ], [ 84.736376, 50.146105 ], [ 84.674425, 50.196939 ], [ 84.559984, 50.195543 ], [ 84.473879, 50.256662 ], [ 84.373034, 50.209719 ], [ 84.266939, 50.270548 ], [ 84.262774, 50.354441 ], [ 84.196932, 50.453051 ], [ 84.224703, 50.509722 ], [ 84.166933, 50.557497 ], [ 84.167482, 50.600275 ], [ 83.979158, 50.707499 ], [ 83.976931, 50.797495 ], [ 83.901659, 50.813883 ], [ 83.835817, 50.880823 ], [ 83.731096, 50.885553 ], [ 83.662493, 50.932497 ], [ 83.49721, 50.961664 ], [ 83.456377, 51.002497 ], [ 83.138597, 51.00194 ], [ 83.087206, 50.923609 ], [ 83.009996, 50.889437 ], [ 82.78998, 50.918055 ], [ 82.72748, 50.898882 ], [ 82.720263, 50.810823 ], [ 82.498873, 50.721102 ], [ 82.442751, 50.758051 ], [ 82.356371, 50.759722 ], [ 82.15027, 50.71055 ], [ 82.01111, 50.771379 ], [ 81.828875, 50.768328 ], [ 81.782763, 50.793329 ], [ 81.725817, 50.747492 ], [ 81.46805, 50.74222 ], [ 81.435259, 50.769159 ], [ 81.489977, 50.841105 ], [ 81.421923, 50.927774 ], [ 81.4247, 50.966387 ], [ 81.073046, 50.952257 ], [ 81.183596, 51.1961 ], [ 81.040834, 51.181437 ], [ 80.940294, 51.221216 ], [ 80.940004, 51.280931 ], [ 80.852816, 51.263773 ] ] ] } },
{ "type": "Feature", "properties": { "id": "00-00-f0-06", "volumeName": "FIR AMAZONICA", "icaoID": "SBAZ" }, "geometry": { "type": "Polygon", "coordinates": [ [ [ -47.805513, -9.9142 ], [ -47.701, -10.1605 ], [ -47.687833, -10.290332 ], [ -46.672222, -8.859999 ], [ -45.780277, -8.14361 ], [ -44.796667, -6.304499 ], [ -44.202778, -5.936111 ], [ -43.386499, -4.703499 ], [ -43.157667, -4.485332 ], [ -42.523888, -4.176943 ], [ -40.782167, 0.930166 ], [ -48.0, 5.0 ], [ -51.612221, 4.413057 ], [ -51.613961, 4.169513 ], [ -51.65422, 4.058576 ], [ -51.749259, 3.999574 ], [ -51.794717, 3.890929 ], [ -51.930557, 3.773058 ], [ -51.931671, 3.726667 ], [ -51.97834, 3.707502 ], [ -51.998894, 3.618612 ], [ -52.220284, 3.260279 ], [ -52.278336, 3.23889 ], [ -52.34494, 3.157404 ], [ -52.333893, 3.070002 ], [ -52.410561, 2.933889 ], [ -52.395836, 2.902224 ], [ -52.439445, 2.877779 ], [ -52.53334, 2.649725 ], [ -52.564171, 2.639444 ], [ -52.539452, 2.583334 ], [ -52.561951, 2.52389 ], [ -52.675285, 2.373888 ], [ -52.847229, 2.285555 ], [ -52.948059, 2.178057 ], [ -53.05278, 2.185556 ], [ -53.105003, 2.222502 ], [ -53.271515, 2.184752 ], [ -53.216667, 2.253332 ], [ -53.328339, 2.353334 ], [ -53.458618, 2.257502 ], [ -53.529724, 2.249166 ], [ -53.733894, 2.312223 ], [ -53.745003, 2.373888 ], [ -53.886673, 2.267778 ], [ -53.931946, 2.271944 ], [ -53.940834, 2.219168 ], [ -54.013062, 2.181391 ], [ -54.057503, 2.194445 ], [ -54.079445, 2.135557 ], [ -54.123337, 2.113611 ], [ -54.180557, 2.172503 ], [ -54.249168, 2.146669 ], [ -54.328056, 2.164446 ], [ -54.365837, 2.208891 ], [ -54.46389, 2.210833 ], [ -54.537781, 2.265554 ], [ -54.515007, 2.289724 ], [ -54.546669, 2.318335 ], [ -54.692505, 2.327223 ], [ -54.712502, 2.384169 ], [ -54.683891, 2.403334 ], [ -54.689171, 2.45389 ], [ -54.759727, 2.471113 ], [ -54.806396, 2.435556 ], [ -54.8675, 2.440279 ], [ -54.972229, 2.554724 ], [ -54.948334, 2.617502 ], [ -55.111946, 2.527224 ], [ -55.138062, 2.573889 ], [ -55.241394, 2.499166 ], [ -55.322502, 2.516947 ], [ -55.380005, 2.428057 ], [ -55.584724, 2.438334 ], [ -55.710281, 2.399168 ], [ -55.965836, 2.532778 ], [ -55.991951, 2.407499 ], [ -56.04528, 2.344446 ], [ -56.089172, 2.35528 ], [ -56.138062, 2.266947 ], [ -56.042503, 2.232779 ], [ -56.036392, 2.1775 ], [ -55.90139, 2.045279 ], [ -55.899445, 1.901945 ], [ -55.946671, 1.853334 ], [ -56.037224, 1.836946 ], [ -56.470634, 1.944502 ], [ -56.554451, 1.903334 ], [ -56.621674, 1.939722 ], [ -56.724449, 1.920557 ], [ -56.78334, 1.872499 ], [ -56.879448, 1.893057 ], [ -56.905281, 1.928888 ], [ -57.011116, 1.926111 ], [ -57.089172, 2.023333 ], [ -57.236946, 1.947222 ], [ -57.30278, 1.98139 ], [ -57.420006, 1.913057 ], [ -57.448616, 1.814444 ], [ -57.554169, 1.701391 ], [ -57.753616, 1.720556 ], [ -57.915283, 1.6425 ], [ -57.976952, 1.66028 ], [ -58.008614, 1.513613 ], [ -58.127785, 1.517778 ], [ -58.168335, 1.566389 ], [ -58.252502, 1.565836 ], [ -58.311951, 1.603334 ], [ -58.379173, 1.533613 ], [ -58.38195, 1.479445 ], [ -58.502289, 1.454676 ], [ -58.466949, 1.343889 ], [ -58.502785, 1.275835 ], [ -58.695282, 1.286947 ], [ -58.726112, 1.228613 ], [ -58.806946, 1.185556 ], [ -58.899445, 1.230001 ], [ -58.928337, 1.302778 ], [ -59.241669, 1.383612 ], [ -59.320839, 1.520277 ], [ -59.414452, 1.563334 ], [ -59.526672, 1.716669 ], [ -59.633614, 1.726667 ], [ -59.672783, 1.762777 ], [ -59.634109, 1.846418 ], [ -59.751945, 1.865278 ], [ -59.730278, 2.278055 ], [ -59.900558, 2.376944 ], [ -59.893333, 2.457224 ], [ -59.988892, 2.687223 ], [ -59.990005, 2.8225 ], [ -59.949722, 3.071947 ], [ -59.901115, 3.12639 ], [ -59.904724, 3.204168 ], [ -59.809723, 3.361944 ], [ -59.813057, 3.434725 ], [ -59.833618, 3.426947 ], [ -59.81028, 3.490835 ], [ -59.849167, 3.596392 ], [ -59.66806, 3.700003 ], [ -59.668335, 3.76111 ], [ -59.596115, 3.789724 ], [ -59.583618, 3.894167 ], [ -59.516396, 3.941668 ], [ -59.583618, 3.972223 ], [ -59.65139, 4.077223 ], [ -59.635559, 4.146387 ], [ -59.705284, 4.167223 ], [ -59.729446, 4.210833 ], [ -59.730835, 4.293333 ], [ -59.675835, 4.388891 ], [ -59.866394, 4.490278 ], [ -59.901115, 4.473333 ], [ -59.935005, 4.507776 ], [ -60.147507, 4.5175 ], [ -60.152229, 4.573336 ], [ -60.07917, 4.608332 ], [ -60.025841, 4.707224 ], [ -59.969452, 5.058332 ], [ -59.974724, 5.093054 ], [ -60.080872, 5.161516 ], [ -60.116112, 5.247499 ], [ -60.167503, 5.23139 ], [ -60.207504, 5.27389 ], [ -60.311111, 5.199167 ], [ -60.396118, 5.214167 ], [ -60.446114, 5.17528 ], [ -60.601669, 5.213057 ], [ -60.73037, 5.204802 ], [ -60.651672, 5.178057 ], [ -60.576118, 4.964445 ], [ -60.652229, 4.838888 ], [ -60.728889, 4.771112 ], [ -60.885002, 4.711668 ], [ -60.989174, 4.518057 ], [ -61.157784, 4.493334 ], [ -61.297501, 4.526667 ], [ -61.315834, 4.510836 ], [ -61.282227, 4.451113 ], [ -61.498611, 4.402502 ], [ -61.512222, 4.298056 ], [ -61.553062, 4.249166 ], [ -61.75695, 4.247225 ], [ -61.848892, 4.160555 ], [ -61.99556, 4.169722 ], [ -62.136391, 4.093611 ], [ -62.438339, 4.184168 ], [ -62.535561, 4.123888 ], [ -62.555, 4.027224 ], [ -62.745834, 4.032499 ], [ -62.781113, 3.902224 ], [ -62.732506, 3.681944 ], [ -62.775284, 3.606943 ], [ -62.875, 3.560278 ], [ -62.987228, 3.600836 ], [ -63.246391, 3.904165 ], [ -63.343056, 3.961111 ], [ -63.42334, 3.966112 ], [ -63.481949, 3.858057 ], [ -63.537224, 3.870558 ], [ -63.608337, 3.943613 ], [ -63.779449, 3.931112 ], [ -63.841118, 3.960279 ], [ -64.017792, 3.88611 ], [ -64.055557, 3.910833 ], [ -64.130005, 4.11278 ], [ -64.335556, 4.154165 ], [ -64.58223, 4.121668 ], [ -64.65834, 4.246668 ], [ -64.786667, 4.28639 ], [ -64.800842, 4.201944 ], [ -64.718063, 4.152777 ], [ -64.636398, 3.97611 ], [ -64.534454, 3.859167 ], [ -64.321396, 3.7325 ], [ -64.191116, 3.594446 ], [ -64.190567, 3.505278 ], [ -64.236954, 3.426947 ], [ -64.205566, 3.25778 ], [ -64.218338, 3.123335 ], [ -64.078613, 2.924166 ], [ -63.987503, 2.72389 ], [ -64.045013, 2.4825 ], [ -63.812225, 2.424723 ], [ -63.666672, 2.445833 ], [ -63.361115, 2.419168 ], [ -63.357506, 2.269724 ], [ -63.393059, 2.151388 ], [ -63.605003, 2.107222 ], [ -63.78334, 1.97278 ], [ -63.928337, 1.978613 ], [ -64.001953, 1.951113 ], [ -64.052231, 1.890833 ], [ -64.08223, 1.627501 ], [ -64.278625, 1.463057 ], [ -64.338058, 1.370279 ], [ -64.382507, 1.389723 ], [ -64.350006, 1.484167 ], [ -64.38945, 1.513613 ], [ -64.536118, 1.429724 ], [ -64.587509, 1.335833 ], [ -64.718903, 1.250834 ], [ -64.821121, 1.281111 ], [ -65.017227, 1.13389 ], [ -65.120834, 1.133612 ], [ -65.188339, 0.929167 ], [ -65.315002, 0.91889 ], [ -65.389725, 0.830835 ], [ -65.436111, 0.69528 ], [ -65.524445, 0.648611 ], [ -65.583618, 0.725836 ], [ -65.513062, 0.833891 ], [ -65.509445, 0.899168 ], [ -65.589737, 0.989168 ], [ -65.740845, 0.981668 ], [ -65.870834, 0.908335 ], [ -65.971115, 0.803888 ], [ -66.067505, 0.786669 ], [ -66.123901, 0.733889 ], [ -66.185562, 0.764723 ], [ -66.311951, 0.750555 ], [ -66.870453, 1.220934 ], [ -67.076675, 1.173334 ], [ -67.07251, 1.62528 ], [ -67.335007, 2.111113 ], [ -67.418335, 2.1425 ], [ -67.58223, 2.056112 ], [ -67.78334, 1.806944 ], [ -67.914734, 1.745279 ], [ -68.005005, 1.763056 ], [ -68.089447, 1.933611 ], [ -68.170837, 1.97389 ], [ -68.186676, 2.020002 ], [ -68.277237, 1.837778 ], [ -68.229172, 1.823336 ], [ -68.232788, 1.775557 ], [ -68.175842, 1.763056 ], [ -68.153061, 1.724169 ], [ -69.37793, 1.726149 ], [ -69.555847, 1.784166 ], [ -69.631393, 1.73778 ], [ -69.716949, 1.748056 ], [ -69.786957, 1.70611 ], [ -69.8461, 1.710455 ], [ -69.842224, 1.062223 ], [ -69.765015, 1.095835 ], [ -69.704727, 1.059446 ], [ -69.601959, 1.080835 ], [ -69.446396, 1.062223 ], [ -69.420837, 1.026114 ], [ -69.343613, 1.074724 ], [ -69.270004, 1.038336 ], [ -69.193344, 0.951944 ], [ -69.202789, 0.906668 ], [ -69.140015, 0.866945 ], [ -69.18251, 0.724447 ], [ -69.124725, 0.645002 ], [ -69.286957, 0.620832 ], [ -69.2939, 0.66778 ], [ -69.350006, 0.636946 ], [ -69.464172, 0.740278 ], [ -69.56723, 0.701113 ], [ -69.607788, 0.646391 ], [ -69.678345, 0.678888 ], [ -69.797791, 0.600279 ], [ -70.044174, 0.590834 ], [ -70.05806, -0.157499 ], [ -69.928345, -0.309444 ], [ -69.851669, -0.335278 ], [ -69.746124, -0.452221 ], [ -69.607513, -0.5175 ], [ -69.572784, -0.636665 ], [ -69.614731, -0.75111 ], [ -69.5625, -0.808056 ], [ -69.529175, -0.924444 ], [ -69.434723, -0.994165 ], [ -69.438904, -1.083889 ], [ -69.380005, -1.1875 ], [ -69.379456, -1.350277 ], [ -69.460556, -1.496111 ], [ -69.950287, -4.262501 ], [ -70.018616, -4.339167 ], [ -70.074112, -4.313082 ], [ -70.106949, -4.253056 ], [ -70.201569, -4.332127 ], [ -70.306671, -4.244722 ], [ -70.323898, -4.136667 ], [ -70.359726, -4.165833 ], [ -70.433334, -4.131666 ], [ -70.511948, -4.180277 ], [ -70.545288, -4.138611 ], [ -70.584167, -4.195555 ], [ -70.628891, -4.156666 ], [ -70.62001, -4.115 ], [ -70.683899, -4.173334 ], [ -70.765839, -4.146389 ], [ -70.834732, -4.187778 ], [ -70.830566, -4.234444 ], [ -70.950287, -4.38139 ], [ -70.988617, -4.340555 ], [ -71.011398, -4.382223 ], [ -71.083344, -4.363611 ], [ -71.129181, -4.39889 ], [ -71.169449, -4.357779 ], [ -71.200287, -4.410555 ], [ -71.232956, -4.374615 ], [ -71.290558, -4.383055 ], [ -71.295288, -4.433611 ], [ -71.353897, -4.457222 ], [ -71.382233, -4.430834 ], [ -71.47084, -4.438334 ], [ -71.510559, -4.481388 ], [ -71.607224, -4.498056 ], [ -71.623062, -4.475834 ], [ -71.64473, -4.509167 ], [ -71.690567, -4.473888 ], [ -71.902481, -4.518188 ], [ -72.028061, -4.612499 ], [ -72.066574, -4.606091 ], [ -72.129181, -4.693611 ], [ -72.235001, -4.753334 ], [ -72.37529, -4.784445 ], [ -72.406113, -4.878889 ], [ -72.609177, -5.000834 ], [ -72.62529, -5.054167 ], [ -72.741394, -5.050833 ], [ -72.898056, -5.129723 ], [ -72.917511, -5.151112 ], [ -72.884171, -5.258055 ], [ -72.962784, -5.458055 ], [ -72.942505, -5.543333 ], [ -72.963348, -5.654167 ], [ -73.126114, -5.8675 ], [ -73.229736, -6.093611 ], [ -73.163071, -6.207222 ], [ -73.123901, -6.447222 ], [ -73.191681, -6.552778 ], [ -73.353058, -6.576944 ], [ -73.744171, -6.876944 ], [ -73.806671, -7.101389 ], [ -73.720001, -7.223055 ], [ -73.702789, -7.306944 ], [ -73.892502, -7.375 ], [ -73.972778, -7.345833 ], [ -73.92778, -7.455833 ], [ -73.954727, -7.52389 ], [ -74.010559, -7.541389 ], [ -73.828903, -7.728333 ], [ -73.703613, -7.77861 ], [ -73.713898, -7.872499 ], [ -73.785278, -7.875278 ], [ -73.771957, -7.948055 ], [ -73.645004, -8.02389 ], [ -73.533066, -8.355556 ], [ -73.345001, -8.475279 ], [ -73.343338, -8.606945 ], [ -73.273346, -8.675835 ], [ -73.169724, -8.710279 ], [ -73.06279, -8.899168 ], [ -72.964172, -8.983334 ], [ -72.9664, -9.143057 ], [ -73.021393, -9.171112 ], [ -73.023621, -9.221111 ], [ -73.083618, -9.244167 ], [ -73.205292, -9.407223 ], [ -72.730011, -9.413057 ], [ -72.305557, -9.530001 ], [ -72.296677, -9.60639 ], [ -72.251953, -9.659723 ], [ -72.271118, -9.746668 ], [ -72.180008, -9.80139 ], [ -72.150848, -9.882778 ], [ -72.185837, -10.003889 ], [ -71.368057, -10.003889 ], [ -71.338623, -9.973057 ], [ -71.298889, -9.996389 ], [ -71.184448, -9.936945 ], [ -71.136124, -9.860834 ], [ -71.002228, -9.814724 ], [ -70.881958, -9.67 ], [ -70.592789, -9.443611 ], [ -70.514664, -9.428001 ], [ -70.575562, -9.5275 ], [ -70.569458, -9.569723 ], [ -70.61499, -9.564808 ], [ -70.530838, -9.725834 ], [ -70.628067, -9.835556 ], [ -70.631393, -11.009167 ], [ -70.532791, -10.932222 ], [ -70.431396, -11.032223 ], [ -70.328903, -11.069168 ], [ -70.154175, -11.030001 ], [ -69.929169, -10.914446 ], [ -69.780563, -10.923334 ], [ -69.730835, -10.965279 ], [ -69.395279, -10.926945 ], [ -68.900284, -11.015278 ], [ -68.785843, -10.992224 ], [ -68.747604, -11.010374 ], [ -68.779175, -11.133612 ], [ -68.620834, -11.11639 ], [ -68.280563, -10.980001 ], [ -68.061111, -10.67639 ], [ -67.845566, -10.657501 ], [ -67.74556, -10.712502 ], [ -67.703339, -10.695723 ], [ -67.611679, -10.532223 ], [ -67.463623, -10.455557 ], [ -67.418335, -10.383057 ], [ -67.333344, -10.370001 ], [ -67.324173, -10.320835 ], [ -67.174454, -10.325001 ], [ -67.080841, -10.271946 ], [ -66.888062, -10.08639 ], [ -66.648056, -9.942223 ], [ -66.634445, -9.906946 ], [ -66.430283, -9.889446 ], [ -66.352234, -9.841667 ], [ -66.107788, -9.804167 ], [ -66.080841, -9.775278 ], [ -66.035568, -9.806946 ], [ -65.903061, -9.764168 ], [ -65.863068, -9.786945 ], [ -65.823624, -9.75639 ], [ -65.803345, -9.784723 ], [ -65.782501, -9.731945 ], [ -65.764175, -9.767778 ], [ -65.705841, -9.750278 ], [ -65.704453, -9.794724 ], [ -65.570007, -9.83639 ], [ -65.492508, -9.719168 ], [ -65.442337, -9.679195 ], [ -65.390015, -9.692223 ], [ -65.299454, -9.842779 ], [ -65.336945, -9.956945 ], [ -65.287781, -10.201668 ], [ -65.313339, -10.29389 ], [ -65.449509, -10.47924 ], [ -65.436951, -10.624723 ], [ -65.38028, -10.679724 ], [ -65.409454, -10.798889 ], [ -65.323242, -10.859617 ], [ -65.300568, -10.967224 ], [ -65.344727, -11.038612 ], [ -65.333618, -11.104445 ], [ -65.401947, -11.169724 ], [ -65.360565, -11.223333 ], [ -65.392792, -11.26639 ], [ -65.325562, -11.331945 ], [ -65.351959, -11.380556 ], [ -65.321396, -11.480721 ], [ -65.2314, -11.51 ], [ -65.223892, -11.583334 ], [ -65.168625, -11.611946 ], [ -65.194168, -11.628613 ], [ -65.202515, -11.740002 ], [ -65.148621, -11.777224 ], [ -65.12149, -11.692755 ], [ -65.113617, -11.739723 ], [ -65.063339, -11.752501 ], [ -65.03862, -11.877501 ], [ -64.994904, -11.914835 ], [ -65.016953, -11.970001 ], [ -64.991669, -12.008057 ], [ -64.811951, -12.0275 ], [ -64.736389, -12.153057 ], [ -64.691391, -12.1 ], [ -64.680283, -12.168612 ], [ -64.622513, -12.208889 ], [ -64.485001, -12.235556 ], [ -64.49556, -12.368334 ], [ -64.39418, -12.461668 ], [ -64.300842, -12.467779 ], [ -64.280563, -12.502224 ], [ -64.221115, -12.475557 ], [ -64.153625, -12.525278 ], [ -64.122787, -12.494722 ], [ -63.933891, -12.55028 ], [ -63.864449, -12.472223 ], [ -63.671951, -12.470556 ], [ -63.476112, -12.564444 ], [ -63.415558, -12.653891 ], [ -63.33139, -12.703335 ], [ -63.241394, -12.704445 ], [ -63.136642, -12.636353 ], [ -63.075005, -12.650002 ], [ -62.994171, -12.839333 ], [ -62.92556, -12.852222 ], [ -62.779167, -13.010834 ], [ -62.687225, -12.966667 ], [ -62.64389, -13.03389 ], [ -62.474449, -13.06889 ], [ -62.384727, -13.145834 ], [ -62.222778, -13.120001 ], [ -62.176117, -13.140835 ], [ -62.160278, -13.117779 ], [ -62.111946, -13.1525 ], [ -62.110001, -13.260834 ], [ -61.874451, -13.452223 ], [ -61.833893, -13.544724 ], [ -61.593529, -13.50724 ], [ -61.492783, -13.553335 ], [ -61.338341, -13.48778 ], [ -61.245834, -13.529167 ], [ -61.160561, -13.526945 ], [ -61.060005, -13.473333 ], [ -61.034729, -13.543335 ], [ -60.976952, -13.545834 ], [ -60.957779, -13.582779 ], [ -60.67556, -13.738611 ], [ -60.47084, -13.807222 ], [ -60.383896, -13.984446 ], [ -60.482079, -14.175547 ], [ -60.280611, -14.626642 ], [ -60.244773, -15.097203 ], [ -60.565136, -15.104648 ], [ -60.227226, -15.478613 ], [ -60.160278, -16.263058 ], [ -58.44445, -16.330002 ], [ -58.386673, -16.278057 ], [ -58.327507, -16.279167 ], [ -58.34639, -16.506111 ], [ -58.475769, -16.674633 ], [ -58.397507, -17.249168 ], [ -58.25, -17.326115 ], [ -58.194168, -17.391113 ], [ -58.122223, -17.408058 ], [ -58.091667, -17.455559 ], [ -58.04834, -17.453613 ], [ -58.022781, -17.495556 ], [ -57.901672, -17.461945 ], [ -57.756218, -17.580269 ], [ -57.741394, -17.601112 ], [ -57.77948, -17.637741 ], [ -57.717285, -17.727577 ], [ -57.687441, -17.827421 ], [ -57.712539, -17.833318 ], [ -55.5245, -17.650667 ], [ -54.54995, -17.537061 ], [ -54.012669, -17.371706 ], [ -53.100832, -16.709166 ], [ -53.626667, -14.5625 ], [ -53.501333, -12.959999 ], [ -53.050999, -12.183611 ], [ -51.0865, -10.515667 ], [ -49.901833, -10.494167 ], [ -49.041263, -10.222031 ], [ -48.992472, -10.043955 ], [ -48.875414, -9.853083 ], [ -48.652838, -9.685581 ], [ -48.367744, -9.621391 ], [ -48.163517, -9.651611 ], [ -48.005125, -9.723764 ], [ -47.805513, -9.9142 ] ] ] } },
{ "type": "Feature", "properties": { "id": "00-00-f0-07", "volumeName": "FIR AMSTERDAM", "icaoID": "EHAA" }, "geometry": { "type": "Polygon", "coordinates": [ [ [ 7.058889, 52.663889 ], [ 7.069723, 52.814997 ], [ 7.215834, 53.00889 ], [ 7.185556, 53.130556 ], [ 7.218054, 53.20833 ], [ 7.191667, 53.3 ], [ 7.025, 53.316667 ], [ 6.863611, 53.474444 ], [ 6.672222, 53.522778 ], [ 6.5, 53.666667 ], [ 6.500002, 55.000002 ], [ 5.000002, 55.000002 ], [ 3.438762, 53.259679 ], [ 2.000003, 51.500002 ], [ 3.370867, 51.373857 ], [ 3.380835, 51.273607 ], [ 3.439169, 51.24444 ], [ 3.520834, 51.248056 ], [ 3.524725, 51.288332 ], [ 3.608057, 51.304163 ], [ 3.897501, 51.205278 ], [ 4.16139, 51.294168 ], [ 4.252367, 51.375147 ], [ 4.428057, 51.36194 ], [ 4.393888, 51.450274 ], [ 4.486666, 51.480829 ], [ 4.549444, 51.482775 ], [ 4.541945, 51.426668 ], [ 4.650557, 51.423334 ], [ 4.788336, 51.503054 ], [ 4.846109, 51.477495 ], [ 4.839724, 51.421106 ], [ 4.782778, 51.414721 ], [ 4.929998, 51.398607 ], [ 5.041388, 51.486666 ], [ 5.104445, 51.434999 ], [ 5.077223, 51.395273 ], [ 5.140001, 51.320833 ], [ 5.237501, 51.308329 ], [ 5.227777, 51.265001 ], [ 5.510836, 51.294443 ], [ 5.557779, 51.263887 ], [ 5.563055, 51.222223 ], [ 5.849173, 51.156382 ], [ 5.815832, 51.118052 ], [ 5.839724, 51.098886 ], [ 5.802778, 51.093332 ], [ 5.764166, 50.99 ], [ 5.72278, 50.965273 ], [ 5.759165, 50.949167 ], [ 5.65, 50.87694 ], [ 5.640833, 50.839724 ], [ 5.701944, 50.805834 ], [ 5.69861, 50.757776 ], [ 5.774725, 50.781664 ], [ 5.814169, 50.757219 ], [ 6.011797, 50.757273 ], [ 5.978334, 50.798052 ], [ 6.071665, 50.854166 ], [ 6.080278, 50.915834 ], [ 6.015001, 50.932497 ], [ 6.025557, 50.978334 ], [ 5.891668, 50.972773 ], [ 5.864721, 51.046106 ], [ 5.906946, 51.06389 ], [ 5.952223, 51.036661 ], [ 6.169722, 51.157495 ], [ 6.143332, 51.171946 ], [ 6.16361, 51.193605 ], [ 6.083612, 51.171663 ], [ 6.071665, 51.214998 ], [ 6.222223, 51.361666 ], [ 6.222223, 51.46583 ], [ 6.094168, 51.604441 ], [ 6.11611, 51.651941 ], [ 6.035833, 51.671663 ], [ 6.039167, 51.716944 ], [ 5.953333, 51.740831 ], [ 5.986666, 51.766939 ], [ 5.948336, 51.824999 ], [ 6.057501, 51.86278 ], [ 6.166998, 51.837778 ], [ 6.110003, 51.892778 ], [ 6.155279, 51.90555 ], [ 6.403612, 51.828051 ], [ 6.395555, 51.867495 ], [ 6.467222, 51.853609 ], [ 6.789167, 51.928057 ], [ 6.826113, 51.988611 ], [ 6.688055, 52.038889 ], [ 6.691946, 52.066668 ], [ 6.762503, 52.116106 ], [ 6.860556, 52.120279 ], [ 6.988058, 52.224443 ], [ 7.0525, 52.235834 ], [ 7.028891, 52.286943 ], [ 7.071112, 52.358889 ], [ 6.990835, 52.459719 ], [ 6.946112, 52.434443 ], [ 6.764444, 52.459162 ], [ 6.705557, 52.485834 ], [ 6.68889, 52.549166 ], [ 6.759447, 52.564722 ], [ 6.720278, 52.587496 ], [ 6.718924, 52.626787 ], [ 6.756666, 52.649164 ], [ 7.030832, 52.632502 ], [ 7.058889, 52.663889 ] ] ] } },
{ "type": "Feature", "properties": { "id": "00-00-f0-08", "volumeName": "FIR ANCHORAGE ARCTIC", "icaoID": "PAZA" }, "geometry": { "type": "Polygon", "coordinates": [ [ [ -141.0, 72.0 ], [ -141.0, 90.0 ], [ -169.0, 90.0 ], [ -169.0, 68.000002 ], [ -158.0, 72.000002 ], [ -141.0, 72.0 ] ] ] } },
{ "type": "Feature", "properties": { "id": "00-00-f0-09", "volumeName": "FIR ANCHORAGE CONTINENTAL AM EAST", "icaoID": "PAZA" }, "geometry": { "type": "Polygon", "coordinates": [ [ [ 180.0, 60.000001 ], [ 177.561002, 58.908473 ], [ 174.746519, 57.495297 ], [ 173.12832, 56.599815 ], [ 171.665104, 55.732806 ], [ 170.0, 54.677778 ], [ 170.000002, 51.500002 ], [ 173.733335, 51.082987 ], [ 180.0, 50.469588 ], [ 180.0, 60.000001 ] ] ] } },
{ "type": "Feature", "properties": { "id": "00-00-f0-0a", "volumeName": "FIR ANCHORAGE CONTINENTAL AM WEST", "icaoID": "PAZA" }, "geometry": { "type": "Polygon", "coordinates": [ [ [ -141.0, 72.0 ], [ -158.0, 72.000002 ], [ -169.0, 68.000002 ], [ -169.0, 65.000002 ], [ -172.199999, 64.050001 ], [ -173.427404, 63.508561 ], [ -175.621841, 62.458608 ], [ -176.84133, 61.825661 ], [ -177.751667, 61.336655 ], [ -180.0, 60.000002 ], [ -180.0, 50.466665 ], [ -176.566666, 50.133333 ], [ -167.816666, 51.4 ], [ -160.0, 53.500002 ], [ -153.0, 56.000002 ], [ -151.75, 56.766668 ], [ -149.338128, 56.367666 ], [ -146.391924, 55.799834 ], [ -143.795539, 55.226098 ], [ -140.972706, 54.520011 ], [ -139.365982, 54.083658 ], [ -137.269378, 53.458083 ], [ -135.0, 52.716665 ], [ -136.0, 54.000002 ], [ -132.700914, 54.659237 ], [ -130.618259, 54.709791 ], [ -130.659088, 54.763084 ], [ -130.345978, 54.917751 ], [ -130.187576, 55.062862 ], [ -130.102859, 55.192612 ], [ -129.974197, 55.281944 ], [ -130.128021, 55.581085 ], [ -130.111771, 55.682945 ], [ -130.152557, 55.766335 ], [ -130.003922, 55.907471 ], [ -130.003632, 56.00811 ], [ -130.103943, 56.12286 ], [ -130.246368, 56.096474 ], [ -130.426163, 56.141613 ], [ -130.468033, 56.243111 ], [ -130.623474, 56.266945 ], [ -130.774445, 56.366106 ], [ -131.087494, 56.406082 ], [ -131.581728, 56.612249 ], [ -131.835445, 56.599584 ], [ -131.900939, 56.753481 ], [ -131.87294, 56.806026 ], [ -132.123611, 56.873665 ], [ -132.045303, 57.045113 ], [ -132.366799, 57.091234 ], [ -132.254844, 57.219012 ], [ -132.869446, 57.839779 ], [ -133.07016, 58.000389 ], [ -133.172363, 58.153694 ], [ -133.361115, 58.28055 ], [ -133.461533, 58.387722 ], [ -133.377335, 58.430557 ], [ -133.683319, 58.595545 ], [ -133.84053, 58.729443 ], [ -134.258118, 58.861027 ], [ -134.336502, 58.923416 ], [ -134.313522, 58.962196 ], [ -134.407166, 58.979221 ], [ -134.381912, 59.038776 ], [ -134.483414, 59.131611 ], [ -134.566406, 59.130548 ], [ -134.679138, 59.192276 ], [ -134.699013, 59.244492 ], [ -134.959915, 59.280918 ], [ -135.030533, 59.346359 ], [ -134.990927, 59.387567 ], [ -135.101028, 59.427528 ], [ -135.027557, 59.474751 ], [ -135.028885, 59.563667 ], [ -135.219833, 59.662777 ], [ -135.233673, 59.69614 ], [ -135.483056, 59.8 ], [ -135.938889, 59.666944 ], [ -136.353912, 59.599834 ], [ -136.239807, 59.559418 ], [ -136.238626, 59.528191 ], [ -136.304977, 59.464527 ], [ -136.477112, 59.465832 ], [ -136.469223, 59.284084 ], [ -136.575833, 59.17 ], [ -136.82872, 59.159973 ], [ -137.451721, 58.90836 ], [ -137.526108, 58.906361 ], [ -137.500031, 58.98539 ], [ -137.607391, 59.243805 ], [ -138.626328, 59.768555 ], [ -138.707504, 59.906307 ], [ -139.053833, 59.994804 ], [ -139.199005, 60.088276 ], [ -139.074861, 60.352104 ], [ -139.686045, 60.335391 ], [ -139.981247, 60.181946 ], [ -140.45302, 60.306671 ], [ -140.521393, 60.222216 ], [ -140.995558, 60.307376 ], [ -141.0, 72.0 ] ] ] } },
{ "type": "Feature", "properties": { "id": "00-00-f0-0b", "volumeName": "FIR ANCHORAGE OCEANIC AM WEST", "icaoID": "PAZA" }, "geometry": { "type": "Polygon", "coordinates": [ [ [ 168.054243, 46.810152 ], [ 180.0, 49.391443 ], [ 180.0, 50.469588 ], [ 173.733335, 51.082987 ], [ 170.000002, 51.500002 ], [ 170.0, 54.677778 ], [ 169.0, 54.0 ], [ 166.498083, 53.16043 ], [ 163.625762, 52.08643 ], [ 160.596802, 50.814945 ], [ 159.000002, 50.083334 ], [ 162.916666, 45.700003 ], [ 168.054243, 46.810152 ] ] ] } },
{ "type": "Feature", "properties": { "id": "00-00-f0-0c", "volumeName": "FIR ANCHORAGE OCEANIC AM EAST", "icaoID": "PAZA" }, "geometry": { "type": "Polygon", "coordinates": [ [ [ -179.999989, 49.404673 ], [ -176.566666, 50.133333 ], [ -180.0, 50.466665 ], [ -179.999989, 49.404673 ] ] ] } },
{ "type": "Feature", "properties": { "id": "00-00-f0-0d", "volumeName": "FIR ANTANANARIVO", "icaoID": "FMMM" }, "geometry": { "type": "Polygon", "coordinates": [ [ [ 57.000002, -30.0 ], [ 57.000002, -22.333332 ], [ 55.500002, -19.0 ], [ 55.500002, -10.0 ], [ 45.000002, -10.0 ], [ 44.000002, -10.333332 ], [ 41.500002, -11.0 ], [ 43.000002, -15.0 ], [ 40.000002, -20.0 ], [ 40.000002, -30.0 ], [ 57.000002, -30.0 ] ] ] } },
{ "type": "Feature", "properties": { "id": "00-00-f0-0e", "volumeName": "FIR ANTOFAGASTA", "icaoID": "SCFZ" }, "geometry": { "type": "Polygon", "coordinates": [ [ [ -69.483612, -17.635559 ], [ -69.499725, -17.50528 ], [ -69.683899, -17.663612 ], [ -69.814728, -17.652225 ], [ -69.850845, -17.748611 ], [ -69.770004, -17.968891 ], [ -69.8414, -18.128613 ], [ -69.965836, -18.256111 ], [ -70.141113, -18.323334 ], [ -70.355835, -18.319725 ], [ -70.405487, -18.348545 ], [ -90.0, -18.35 ], [ -90.0, -28.5 ], [ -69.660843, -28.505836 ], [ -69.65538, -28.400932 ], [ -69.530014, -28.312225 ], [ -69.47612, -28.191391 ], [ -69.410278, -28.212502 ], [ -69.294449, -28.031391 ], [ -69.302996, -28.002149 ], [ -69.185837, -27.965836 ], [ -69.107631, -27.72137 ], [ -69.063834, -27.695424 ], [ -69.082434, -27.642369 ], [ -69.010779, -27.528203 ], [ -69.00546, -27.456044 ], [ -68.904724, -27.366669 ], [ -68.864112, -27.284593 ], [ -68.875495, -27.227369 ], [ -68.810837, -27.120556 ], [ -68.696671, -27.107502 ], [ -68.581955, -27.169724 ], [ -68.501334, -27.071256 ], [ -68.313834, -27.03848 ], [ -68.294104, -26.888204 ], [ -68.581885, -26.501813 ], [ -68.563614, -26.300556 ], [ -68.396048, -26.152646 ], [ -68.494101, -25.729036 ], [ -68.54827, -25.663202 ], [ -68.54306, -25.567223 ], [ -68.599731, -25.479725 ], [ -68.500495, -25.173757 ], [ -68.463278, -25.13709 ], [ -68.350501, -25.11987 ], [ -68.422446, -25.030145 ], [ -68.453269, -24.901536 ], [ -68.543555, -24.870145 ], [ -68.568549, -24.812368 ], [ -68.493622, -24.611668 ], [ -68.443619, -24.626392 ], [ -68.389175, -24.501667 ], [ -68.307785, -24.4925 ], [ -68.252697, -24.397141 ], [ -67.35, -24.016667 ], [ -67.000825, -23.002767 ], [ -67.183624, -22.821667 ], [ -67.579178, -22.901112 ], [ -67.793335, -22.878056 ], [ -67.876404, -22.828056 ], [ -67.848068, -22.549168 ], [ -67.948334, -22.334167 ], [ -67.921951, -22.267502 ], [ -67.966675, -22.162502 ], [ -67.945282, -22.102222 ], [ -68.084457, -21.966946 ], [ -68.102783, -21.753056 ], [ -68.188614, -21.606392 ], [ -68.188614, -21.296947 ], [ -68.421112, -20.939167 ], [ -68.5, -20.939445 ], [ -68.55806, -20.896389 ], [ -68.565292, -20.730003 ], [ -68.466675, -20.628891 ], [ -68.697235, -20.500278 ], [ -68.756958, -20.406948 ], [ -68.749725, -20.362225 ], [ -68.668335, -20.327778 ], [ -68.725845, -20.231113 ], [ -68.710007, -20.14917 ], [ -68.770279, -20.134724 ], [ -68.784729, -20.097778 ], [ -68.574448, -20.057503 ], [ -68.523346, -19.916389 ], [ -68.543335, -19.840279 ], [ -68.699722, -19.730003 ], [ -68.480835, -19.444447 ], [ -68.4375, -19.430279 ], [ -68.546951, -19.321945 ], [ -68.650848, -19.277225 ], [ -68.684448, -19.206669 ], [ -68.820557, -19.096111 ], [ -68.89473, -19.070278 ], [ -68.979446, -18.945557 ], [ -68.932785, -18.882778 ], [ -69.030289, -18.643612 ], [ -69.02417, -18.477222 ], [ -69.075562, -18.389446 ], [ -69.087509, -18.233334 ], [ -69.149734, -18.155556 ], [ -69.074722, -18.077225 ], [ -69.075287, -18.021667 ], [ -69.13945, -18.0275 ], [ -69.259171, -17.956112 ], [ -69.298889, -17.973057 ], [ -69.330566, -17.790279 ], [ -69.483612, -17.635559 ] ] ] } },
{ "type": "Feature", "properties": { "id": "00-00-f0-0f", "volumeName": "FIR ARKHANGELSK", "icaoID": "ULAA" }, "geometry": { "type": "Polygon", "coordinates": [ [ [ 58.068824, 67.092199 ], [ 59.700021, 68.466668 ], [ 59.316688, 68.966668 ], [ 58.566688, 69.466668 ], [ 57.600023, 70.716669 ], [ 58.000027, 73.900002 ], [ 48.61669, 73.000003 ], [ 49.50002, 70.500003 ], [ 43.266684, 68.66667 ], [ 44.150017, 67.86667 ], [ 42.500015, 66.783336 ], [ 40.00003, 66.250006 ], [ 38.500028, 66.000006 ], [ 36.650013, 66.000003 ], [ 35.166679, 65.06667 ], [ 36.0, 64.55 ], [ 36.433345, 63.833336 ], [ 37.300011, 61.333336 ], [ 40.333345, 61.233335 ], [ 41.000013, 62.000002 ], [ 44.050014, 62.916669 ], [ 46.750014, 63.000002 ], [ 48.450927, 63.927383 ], [ 50.266667, 64.833333 ], [ 50.0, 65.816667 ], [ 51.883333, 66.783333 ], [ 55.133352, 67.033335 ], [ 57.966668, 67.000001 ], [ 58.068824, 67.092199 ] ] ] } },
{ "type": "Feature", "properties": { "id": "00-00-f0-10", "volumeName": "FIR ASHGABAT", "icaoID": "UTAA" }, "geometry": { "type": "Polygon", "coordinates": [ [ [ 61.237854, 35.712532 ], [ 61.227408, 35.645714 ], [ 61.274124, 35.605148 ], [ 61.463301, 36.626669 ], [ 62.000002, 37.500002 ], [ 61.385035, 38.655001 ], [ 60.286634, 39.895033 ], [ 60.266668, 40.433332 ], [ 57.616667, 40.316668 ], [ 56.4517, 40.055002 ], [ 55.566668, 39.283335 ], [ 55.463354, 38.092632 ], [ 55.763349, 38.127836 ], [ 55.986109, 38.076522 ], [ 56.334987, 38.077504 ], [ 56.352254, 38.122066 ], [ 56.318698, 38.179117 ], [ 56.453291, 38.264503 ], [ 56.570011, 38.263728 ], [ 56.604848, 38.233308 ], [ 56.753153, 38.286121 ], [ 56.84001, 38.228881 ], [ 57.062936, 38.180632 ], [ 57.157056, 38.270343 ], [ 57.217965, 38.279489 ], [ 57.378024, 38.084859 ], [ 57.35016, 37.98595 ], [ 57.440628, 37.943541 ], [ 57.71789, 37.922836 ], [ 57.826369, 37.864045 ], [ 57.891798, 37.871521 ], [ 58.02719, 37.805737 ], [ 58.154452, 37.793249 ], [ 58.207603, 37.770787 ], [ 58.228687, 37.680732 ], [ 58.364432, 37.656625 ], [ 58.385342, 37.627557 ], [ 58.485939, 37.637599 ], [ 58.556357, 37.705278 ], [ 58.740973, 37.631364 ], [ 58.755442, 37.659924 ], [ 58.794689, 37.643439 ], [ 58.818942, 37.697992 ], [ 59.052933, 37.620029 ], [ 59.22884, 37.512405 ], [ 59.353621, 37.528493 ], [ 59.411292, 37.435717 ], [ 59.377805, 37.40776 ], [ 59.396643, 37.317292 ], [ 59.483597, 37.248235 ], [ 59.475715, 37.214111 ], [ 59.552362, 37.176663 ], [ 59.551921, 37.135942 ], [ 59.768962, 37.126244 ], [ 59.899875, 37.051434 ], [ 60.042984, 37.021754 ], [ 60.345988, 36.629048 ], [ 61.146173, 36.643259 ], [ 61.184662, 36.562781 ], [ 61.149108, 36.317508 ], [ 61.196719, 36.262662 ], [ 61.230647, 36.117589 ], [ 61.163674, 36.035768 ], [ 61.16909, 35.991102 ], [ 61.117275, 35.961491 ], [ 61.234299, 35.910659 ], [ 61.268653, 35.799675 ], [ 61.237854, 35.712532 ] ] ] } },
{ "type": "Feature", "properties": { "id": "00-00-f0-11", "volumeName": "FIR ASTANA", "icaoID": "UACC" }, "geometry": { "type": "Polygon", "coordinates": [ [ [ 69.185534, 55.343882 ], [ 69.168322, 55.400545 ], [ 68.952486, 55.444712 ], [ 68.923311, 55.424166 ], [ 68.939425, 55.370272 ], [ 69.001101, 55.353609 ], [ 69.002489, 55.2875 ], [ 68.933321, 55.286112 ], [ 68.879976, 55.342768 ], [ 68.731371, 55.370546 ], [ 68.704988, 55.286661 ], [ 68.638887, 55.255556 ], [ 68.625811, 55.201937 ], [ 68.220263, 55.187212 ], [ 68.210268, 55.138887 ], [ 68.329988, 55.068056 ], [ 68.259432, 55.048883 ], [ 68.205263, 54.966105 ], [ 68.034426, 54.950274 ], [ 67.929705, 54.983332 ], [ 67.832216, 54.963327 ], [ 67.76639, 54.891939 ], [ 67.581377, 54.854441 ], [ 67.322771, 54.867495 ], [ 67.245531, 54.806658 ], [ 66.80887, 54.766665 ], [ 66.722765, 54.726938 ], [ 66.495256, 54.723047 ], [ 65.991091, 54.617495 ], [ 65.966936, 54.71361 ], [ 65.844439, 54.684717 ], [ 65.757494, 54.601389 ], [ 65.483324, 54.638048 ], [ 65.475542, 54.562769 ], [ 65.355547, 54.569445 ], [ 65.218599, 54.527773 ], [ 65.201097, 54.461382 ], [ 65.240541, 54.348047 ], [ 65.216387, 54.318888 ], [ 65.106096, 54.315546 ], [ 64.957766, 54.409159 ], [ 64.741214, 54.341582 ], [ 64.600344, 54.391893 ], [ 64.411379, 54.341661 ], [ 63.992769, 54.311106 ], [ 63.97999, 54.28055 ], [ 64.019991, 54.237772 ], [ 63.899103, 54.198137 ], [ 63.726381, 54.259722 ], [ 63.404993, 54.17277 ], [ 63.31668, 54.199998 ], [ 63.155268, 54.183054 ], [ 63.132212, 54.168886 ], [ 63.148882, 54.114161 ], [ 63.109995, 54.095545 ], [ 62.833879, 54.108606 ], [ 62.669161, 54.082499 ], [ 62.565546, 54.033052 ], [ 62.608889, 53.977488 ], [ 62.553049, 53.940828 ], [ 62.574167, 53.896944 ], [ 62.547495, 53.879435 ], [ 62.406382, 53.956102 ], [ 62.47027, 54.002222 ], [ 62.457773, 54.039995 ], [ 62.024714, 54.024996 ], [ 62.025827, 53.939714 ], [ 61.855272, 53.951662 ], [ 61.814714, 54.008333 ], [ 61.642221, 54.00194 ], [ 61.63138, 53.959436 ], [ 61.584162, 53.956659 ], [ 61.572771, 54.002497 ], [ 61.486658, 54.015551 ], [ 61.45083, 54.064997 ], [ 61.326105, 54.069162 ], [ 61.303324, 54.033335 ], [ 61.215548, 54.025827 ], [ 61.253038, 53.951563 ], [ 61.223322, 53.914438 ], [ 61.166666, 53.959436 ], [ 61.004168, 53.939432 ], [ 61.000551, 53.889719 ], [ 61.118601, 53.883333 ], [ 61.226938, 53.811937 ], [ 61.134722, 53.722216 ], [ 61.074167, 53.710825 ], [ 61.059717, 53.643328 ], [ 60.917498, 53.661379 ], [ 60.901102, 53.624437 ], [ 61.094156, 53.616938 ], [ 61.14805, 53.574717 ], [ 61.343882, 53.548334 ], [ 61.395273, 53.592768 ], [ 61.538889, 53.593325 ], [ 61.577205, 53.514018 ], [ 61.434435, 53.443323 ], [ 61.311937, 53.511942 ], [ 61.241938, 53.506945 ], [ 61.237772, 53.455828 ], [ 61.15197, 53.375368 ], [ 61.176039, 53.315201 ], [ 61.53805, 53.215548 ], [ 61.675554, 53.254999 ], [ 61.781107, 53.180826 ], [ 62.104715, 53.124994 ], [ 62.144716, 53.074442 ], [ 62.10972, 52.987772 ], [ 61.967211, 52.937494 ], [ 61.862497, 52.986658 ], [ 61.685266, 52.982767 ], [ 61.620546, 52.952776 ], [ 61.46277, 53.029718 ], [ 61.375826, 52.992769 ], [ 61.203325, 53.021936 ], [ 60.99666, 52.978876 ], [ 61.080553, 52.92972 ], [ 60.878046, 52.819445 ], [ 60.858332, 52.781939 ], [ 60.731661, 52.74972 ], [ 60.694155, 52.680826 ], [ 60.735826, 52.637499 ], [ 60.834719, 52.635828 ], [ 60.834719, 52.529993 ], [ 60.970827, 52.494997 ], [ 60.978601, 52.41305 ], [ 61.061937, 52.342493 ], [ 60.782495, 52.22027 ], [ 60.715273, 52.156939 ], [ 60.486658, 52.154711 ], [ 60.223047, 51.999163 ], [ 60.025553, 52.000834 ], [ 60.004168, 51.952776 ], [ 60.06444, 51.873606 ], [ 60.142221, 51.865274 ], [ 60.167498, 51.899996 ], [ 60.316103, 51.831385 ], [ 60.49666, 51.801935 ], [ 60.461664, 51.737772 ], [ 60.373606, 51.695543 ], [ 60.38666, 51.672495 ], [ 60.519442, 51.655825 ], [ 60.527773, 51.627214 ], [ 60.942949, 51.618891 ], [ 60.933878, 51.561106 ], [ 60.978045, 51.497774 ], [ 61.501108, 51.428606 ], [ 61.581667, 51.303049 ], [ 61.685823, 51.265833 ], [ 61.549166, 51.215548 ], [ 61.478876, 50.969988 ], [ 62.4153, 50.391935 ], [ 62.681669, 48.627268 ], [ 64.537818, 47.193194 ], [ 69.406581, 45.417919 ], [ 71.918361, 45.077687 ], [ 71.816668, 48.000002 ], [ 74.282766, 48.133066 ], [ 76.183332, 48.833334 ], [ 76.182524, 49.800294 ], [ 78.172846, 50.690606 ], [ 79.841808, 51.026673 ], [ 79.536379, 51.449999 ], [ 78.923037, 52.176386 ], [ 77.908037, 53.271105 ], [ 77.523882, 53.506388 ], [ 76.542757, 53.973322 ], [ 76.392488, 54.158884 ], [ 76.721376, 54.153322 ], [ 76.864992, 54.318056 ], [ 76.855822, 54.358889 ], [ 76.778872, 54.394159 ], [ 76.92499, 54.437494 ], [ 76.923601, 54.47555 ], [ 76.675264, 54.429995 ], [ 76.656939, 54.367769 ], [ 76.487764, 54.325556 ], [ 76.238878, 54.358889 ], [ 76.185534, 54.295549 ], [ 76.207216, 54.259165 ], [ 75.691362, 54.110277 ], [ 75.501101, 54.115274 ], [ 75.384157, 54.067217 ], [ 75.457216, 53.994158 ], [ 75.033876, 53.806658 ], [ 74.947206, 53.838602 ], [ 74.789431, 53.836382 ], [ 74.758333, 53.766939 ], [ 74.675264, 53.763887 ], [ 74.646944, 53.688326 ], [ 74.466387, 53.693323 ], [ 74.438875, 53.609995 ], [ 74.483599, 53.584436 ], [ 74.429155, 53.478601 ], [ 74.376375, 53.471659 ], [ 74.283876, 53.527491 ], [ 74.293596, 53.560823 ], [ 74.246645, 53.602221 ], [ 74.08832, 53.573885 ], [ 74.081377, 53.632212 ], [ 73.917482, 53.654161 ], [ 73.811098, 53.59833 ], [ 73.676928, 53.61944 ], [ 73.663317, 53.568056 ], [ 73.600817, 53.573053 ], [ 73.581667, 53.519716 ], [ 73.437197, 53.436106 ], [ 73.370256, 53.466936 ], [ 73.414431, 53.527773 ], [ 73.253878, 53.579996 ], [ 73.281939, 53.613886 ], [ 73.238588, 53.644442 ], [ 73.260271, 53.683329 ], [ 73.329714, 53.693323 ], [ 73.356371, 53.789721 ], [ 73.461107, 53.816103 ], [ 73.414431, 53.835825 ], [ 73.443041, 53.875826 ], [ 73.711657, 53.874994 ], [ 73.763887, 54.065546 ], [ 73.61165, 54.077494 ], [ 73.626925, 54.039164 ], [ 73.541658, 54.015276 ], [ 73.545824, 53.959436 ], [ 73.40999, 53.98221 ], [ 73.397219, 53.948603 ], [ 73.290819, 53.953882 ], [ 73.069445, 53.988886 ], [ 73.05942, 54.043329 ], [ 73.000551, 54.053606 ], [ 72.975267, 54.128328 ], [ 72.613314, 54.145273 ], [ 72.550539, 54.107775 ], [ 72.527437, 54.050768 ], [ 72.669436, 54.063608 ], [ 72.731096, 53.961664 ], [ 72.569994, 53.987497 ], [ 72.468599, 53.908884 ], [ 72.392488, 53.931108 ], [ 72.445528, 54.026102 ], [ 72.378313, 54.087214 ], [ 72.508883, 54.142771 ], [ 72.321657, 54.186106 ], [ 72.360262, 54.244158 ], [ 72.196932, 54.37388 ], [ 72.051653, 54.387774 ], [ 72.045259, 54.363054 ], [ 72.133883, 54.314997 ], [ 72.084719, 54.229158 ], [ 72.205828, 54.199999 ], [ 72.196093, 54.137499 ], [ 72.12221, 54.133051 ], [ 72.032488, 54.235552 ], [ 71.767763, 54.255274 ], [ 71.730547, 54.213053 ], [ 71.749147, 54.154436 ], [ 71.653597, 54.109995 ], [ 71.596651, 54.136942 ], [ 71.501101, 54.113329 ], [ 71.483324, 54.193605 ], [ 71.336382, 54.214998 ], [ 71.257769, 54.126101 ], [ 71.185534, 54.103327 ], [ 71.066942, 54.193605 ], [ 71.074999, 54.27083 ], [ 70.997759, 54.278048 ], [ 70.996935, 54.339159 ], [ 71.21361, 54.32583 ], [ 71.221651, 54.410273 ], [ 71.188585, 54.419443 ], [ 71.195818, 54.471376 ], [ 71.167208, 54.483606 ], [ 71.160265, 54.595545 ], [ 71.288317, 54.634165 ], [ 71.278872, 54.690271 ], [ 71.22748, 54.733881 ], [ 71.105257, 54.736109 ], [ 71.013048, 54.797495 ], [ 71.024996, 54.849436 ], [ 70.968325, 54.893053 ], [ 70.999712, 54.955553 ], [ 70.975817, 54.975824 ], [ 70.997759, 55.095827 ], [ 70.803316, 55.250834 ], [ 70.843325, 55.301935 ], [ 70.679155, 55.313608 ], [ 70.578325, 55.276384 ], [ 70.469988, 55.296663 ], [ 70.398333, 55.209162 ], [ 70.288042, 55.187212 ], [ 70.238878, 55.138887 ], [ 70.055819, 55.207773 ], [ 69.949144, 55.204165 ], [ 69.846102, 55.295 ], [ 69.672762, 55.354441 ], [ 69.351381, 55.394442 ], [ 69.232759, 55.332499 ], [ 69.185534, 55.343882 ] ] ] } },
{ "type": "Feature", "properties": { "id": "00-00-f0-12", "volumeName": "FIR ASUNCION", "icaoID": "SGFA" }, "geometry": { "type": "Polygon", "coordinates": [ [ [ -58.155838, -20.190834 ], [ -58.130562, -19.999168 ], [ -58.15139, -19.828056 ], [ -59.09584, -19.348892 ], [ -60.015938, -19.299427 ], [ -60.613335, -19.459167 ], [ -61.7425, -19.645 ], [ -61.913067, -20.080006 ], [ -62.269447, -20.562225 ], [ -62.258896, -21.056946 ], [ -62.643768, -22.238903 ], [ -62.521393, -22.370834 ], [ -62.460281, -22.379723 ], [ -62.39917, -22.452778 ], [ -62.290558, -22.480556 ], [ -62.246948, -22.528893 ], [ -62.259171, -22.604446 ], [ -62.190002, -22.630001 ], [ -62.188614, -22.710281 ], [ -62.029449, -22.891945 ], [ -61.986389, -23.010281 ], [ -61.78167, -23.147503 ], [ -61.739723, -23.243614 ], [ -61.517227, -23.345001 ], [ -61.496948, -23.413612 ], [ -61.294724, -23.48917 ], [ -61.115562, -23.603615 ], [ -61.116394, -23.666668 ], [ -61.007782, -23.813335 ], [ -60.921394, -23.823059 ], [ -60.849167, -23.87389 ], [ -60.613892, -23.894447 ], [ -60.573334, -23.951115 ], [ -60.286392, -24.037502 ], [ -60.038063, -24.009724 ], [ -59.472778, -24.353058 ], [ -59.33889, -24.488892 ], [ -59.06778, -24.606945 ], [ -58.803337, -24.784168 ], [ -58.450562, -24.856945 ], [ -58.338341, -24.99778 ], [ -58.22139, -24.939167 ], [ -57.980835, -25.078056 ], [ -57.871117, -25.08778 ], [ -57.756111, -25.176945 ], [ -57.640282, -25.379169 ], [ -57.55584, -25.438057 ], [ -57.575279, -25.573334 ], [ -57.761116, -25.682503 ], [ -57.741951, -25.728058 ], [ -57.818336, -25.780281 ], [ -57.803612, -25.834724 ], [ -57.874451, -25.878613 ], [ -57.849724, -25.918335 ], [ -57.903618, -25.958336 ], [ -57.855835, -26.001945 ], [ -58.078056, -26.124725 ], [ -58.110001, -26.198059 ], [ -58.152504, -26.188614 ], [ -58.103889, -26.235558 ], [ -58.172501, -26.273056 ], [ -58.162506, -26.319725 ], [ -58.210281, -26.420002 ], [ -58.182503, -26.455002 ], [ -58.21917, -26.535004 ], [ -58.168335, -26.597225 ], [ -58.181671, -26.656113 ], [ -58.239723, -26.649723 ], [ -58.246391, -26.765003 ], [ -58.285835, -26.771946 ], [ -58.28389, -26.81139 ], [ -58.34584, -26.817223 ], [ -58.31778, -26.878334 ], [ -58.47834, -26.939167 ], [ -58.510284, -27.058613 ], [ -58.546394, -27.046112 ], [ -58.564171, -27.1175 ], [ -58.652779, -27.158337 ], [ -58.655731, -27.191612 ], [ -58.598892, -27.245003 ], [ -58.604622, -27.316921 ], [ -58.220001, -27.265556 ], [ -57.791389, -27.292225 ], [ -57.626396, -27.369167 ], [ -57.129448, -27.489723 ], [ -57.071671, -27.491947 ], [ -56.908615, -27.417778 ], [ -56.736946, -27.506947 ], [ -56.673058, -27.461391 ], [ -56.550003, -27.452503 ], [ -56.378059, -27.588337 ], [ -56.270836, -27.461391 ], [ -56.268059, -27.387501 ], [ -56.137779, -27.308891 ], [ -55.898338, -27.32917 ], [ -55.842506, -27.40778 ], [ -55.736115, -27.439445 ], [ -55.67556, -27.368614 ], [ -55.59639, -27.338058 ], [ -55.567505, -27.249447 ], [ -55.601952, -27.168335 ], [ -55.556671, -27.161667 ], [ -55.539726, -27.105003 ], [ -55.455002, -27.09528 ], [ -55.421394, -26.990002 ], [ -55.271118, -26.9375 ], [ -55.128891, -26.949169 ], [ -55.128891, -26.868057 ], [ -55.051117, -26.800282 ], [ -54.95723, -26.778336 ], [ -54.923889, -26.680557 ], [ -54.806114, -26.664169 ], [ -54.778618, -26.610836 ], [ -54.793617, -26.523056 ], [ -54.69278, -26.428337 ], [ -54.667503, -26.23888 ], [ -54.633339, -26.200279 ], [ -54.661667, -26.158337 ], [ -54.640839, -26.071392 ], [ -54.665001, -25.982502 ], [ -54.601395, -25.952778 ], [ -54.617226, -25.895557 ], [ -54.585556, -25.825836 ], [ -54.645561, -25.674168 ], [ -54.583893, -25.636669 ], [ -54.616951, -25.438057 ], [ -54.423058, -25.143059 ], [ -54.45639, -25.087223 ], [ -54.452507, -25.011112 ], [ -54.313896, -24.62167 ], [ -54.33139, -24.492779 ], [ -54.248894, -24.353615 ], [ -54.337784, -24.14389 ], [ -54.243057, -24.052223 ], [ -54.359726, -23.983059 ], [ -54.418892, -23.906113 ], [ -54.627785, -23.80389 ], [ -55.031395, -23.994446 ], [ -55.188614, -24.020279 ], [ -55.405006, -23.964447 ], [ -55.441673, -23.700836 ], [ -55.521667, -23.602779 ], [ -55.536118, -23.464169 ], [ -55.501945, -23.390835 ], [ -55.550285, -23.319168 ], [ -55.523338, -23.242226 ], [ -55.538338, -23.148891 ], [ -55.58889, -23.121948 ], [ -55.587784, -23.044724 ], [ -55.629173, -22.992779 ], [ -55.648895, -22.81139 ], [ -55.608063, -22.731945 ], [ -55.609451, -22.633892 ], [ -55.712784, -22.570004 ], [ -55.743057, -22.399723 ], [ -55.849724, -22.288891 ], [ -55.863525, -22.317772 ], [ -55.988892, -22.273335 ], [ -56.090279, -22.294445 ], [ -56.205833, -22.273613 ], [ -56.357506, -22.163059 ], [ -56.403061, -22.065556 ], [ -56.508339, -22.09639 ], [ -56.562782, -22.190556 ], [ -56.643616, -22.235001 ], [ -56.64167, -22.265556 ], [ -56.70723, -22.215 ], [ -56.730278, -22.257778 ], [ -56.803894, -22.246948 ], [ -56.834167, -22.298336 ], [ -56.875557, -22.285004 ], [ -56.88195, -22.23917 ], [ -56.904724, -22.263336 ], [ -56.953339, -22.234169 ], [ -57.098335, -22.240002 ], [ -57.103058, -22.213337 ], [ -57.18306, -22.214447 ], [ -57.206947, -22.185837 ], [ -57.243896, -22.213612 ], [ -57.371117, -22.218056 ], [ -57.551117, -22.162781 ], [ -57.595001, -22.182224 ], [ -57.650558, -22.096947 ], [ -57.73056, -22.097225 ], [ -57.827507, -22.145 ], [ -57.985107, -22.091827 ], [ -57.922783, -21.895279 ], [ -57.958336, -21.852779 ], [ -57.941673, -21.760002 ], [ -57.89167, -21.689445 ], [ -57.936394, -21.641945 ], [ -57.908615, -21.583614 ], [ -57.953896, -21.510834 ], [ -57.850281, -21.336945 ], [ -57.907784, -21.287224 ], [ -57.838341, -21.200558 ], [ -57.856949, -21.056114 ], [ -57.814445, -20.971947 ], [ -57.919724, -20.90778 ], [ -57.856674, -20.838612 ], [ -57.943336, -20.79417 ], [ -57.857224, -20.73917 ], [ -57.92028, -20.668335 ], [ -57.978615, -20.711113 ], [ -58.009171, -20.515278 ], [ -57.990837, -20.440834 ], [ -58.085556, -20.371113 ], [ -58.094452, -20.275558 ], [ -58.142784, -20.280281 ], [ -58.161949, -20.243614 ], [ -58.121391, -20.196114 ], [ -58.155838, -20.190834 ] ] ] } },
{ "type": "Feature", "properties": { "id": "00-00-f0-14", "volumeName": "FIR ATHENS", "icaoID": "LGGG" }, "geometry": { "type": "Polygon", "coordinates": [ [ [ 20.983505, 40.855224 ], [ 20.961943, 40.771662 ], [ 21.051943, 40.676668 ], [ 21.041388, 40.561945 ], [ 20.945555, 40.466944 ], [ 20.84889, 40.479166 ], [ 20.788889, 40.428331 ], [ 20.789721, 40.360834 ], [ 20.713057, 40.27833 ], [ 20.721109, 40.223055 ], [ 20.67861, 40.185274 ], [ 20.671946, 40.098055 ], [ 20.449999, 40.072496 ], [ 20.394167, 39.999163 ], [ 20.316111, 39.993334 ], [ 20.412222, 39.815828 ], [ 20.381388, 39.787218 ], [ 20.291388, 39.806665 ], [ 20.319445, 39.729441 ], [ 20.218332, 39.646387 ], [ 20.000019, 39.687861 ], [ 19.966574, 39.850061 ], [ 19.766667, 39.983333 ], [ 19.649777, 39.983482 ], [ 19.000002, 40.4167 ], [ 19.000002, 36.500002 ], [ 23.583334, 34.333334 ], [ 24.166666, 34.000002 ], [ 27.166666, 34.000002 ], [ 30.000002, 33.500002 ], [ 30.000002, 36.08338 ], [ 29.658113, 36.11772 ], [ 29.600393, 36.159754 ], [ 29.463728, 36.18236 ], [ 29.404505, 36.146193 ], [ 28.339003, 36.54093 ], [ 28.063181, 36.482431 ], [ 27.843294, 36.701216 ], [ 27.509691, 36.510351 ], [ 27.275713, 36.651617 ], [ 27.302294, 36.7623 ], [ 27.430777, 36.912836 ], [ 27.209257, 36.943827 ], [ 27.151663, 37.063372 ], [ 27.182676, 37.249323 ], [ 26.974447, 37.647799 ], [ 27.147234, 37.749628 ], [ 27.036474, 37.842607 ], [ 26.199133, 38.17024 ], [ 26.221285, 38.316343 ], [ 26.305464, 38.475733 ], [ 26.309893, 38.648405 ], [ 26.690905, 38.976038 ], [ 26.690905, 39.086725 ], [ 26.451666, 39.396669 ], [ 26.336473, 39.423216 ], [ 26.000002, 39.363337 ], [ 25.750002, 39.496668 ], [ 25.583334, 40.163336 ], [ 25.633333, 40.313337 ], [ 25.833334, 40.363337 ], [ 25.91667, 40.496668 ], [ 25.866667, 40.613337 ], [ 26.044722, 40.735826 ], [ 26.118334, 40.745546 ], [ 26.157221, 40.81444 ], [ 26.215834, 40.840273 ], [ 26.222219, 40.89139 ], [ 26.359446, 40.951937 ], [ 26.329721, 40.986666 ], [ 26.375277, 41.025553 ], [ 26.320555, 41.076113 ], [ 26.339724, 41.111933 ], [ 26.31111, 41.116655 ], [ 26.321386, 41.240557 ], [ 26.418886, 41.261103 ], [ 26.537218, 41.346102 ], [ 26.589994, 41.327768 ], [ 26.631662, 41.350824 ], [ 26.59421, 41.610933 ], [ 26.486383, 41.652491 ], [ 26.493315, 41.67444 ], [ 26.163054, 41.746668 ], [ 26.066111, 41.697496 ], [ 26.068605, 41.660273 ], [ 26.134722, 41.632212 ], [ 26.148333, 41.56222 ], [ 26.183886, 41.536943 ], [ 26.160555, 41.479158 ], [ 26.198053, 41.43944 ], [ 26.139997, 41.354715 ], [ 25.886663, 41.309168 ], [ 25.829996, 41.34749 ], [ 25.70944, 41.297213 ], [ 25.567778, 41.322222 ], [ 25.528334, 41.284433 ], [ 25.285002, 41.243052 ], [ 25.118891, 41.346102 ], [ 24.903891, 41.411943 ], [ 24.819445, 41.405001 ], [ 24.809446, 41.352221 ], [ 24.712221, 41.423334 ], [ 24.612501, 41.430277 ], [ 24.52611, 41.572222 ], [ 24.460001, 41.529718 ], [ 24.317778, 41.519442 ], [ 24.269445, 41.570002 ], [ 24.184721, 41.516665 ], [ 24.097502, 41.551111 ], [ 24.05361, 41.456385 ], [ 24.019445, 41.470552 ], [ 23.974443, 41.440554 ], [ 23.913332, 41.480272 ], [ 23.769445, 41.402773 ], [ 23.674723, 41.409998 ], [ 23.635832, 41.378054 ], [ 23.440554, 41.409441 ], [ 23.344446, 41.36944 ], [ 23.294722, 41.406107 ], [ 23.180834, 41.322779 ], [ 22.79887, 41.34064 ], [ 22.76088, 41.31761 ], [ 22.74775, 41.16547 ], [ 22.71141, 41.13986 ], [ 22.66636, 41.1867 ], [ 22.59038, 41.11789 ], [ 22.33251, 41.12079 ], [ 22.32349, 41.15179 ], [ 22.21601, 41.17003 ], [ 22.12955, 41.12344 ], [ 22.06189, 41.16114 ], [ 21.90938, 41.09176 ], [ 21.91375, 41.05024 ], [ 21.80036, 40.97484 ], [ 21.78803, 40.93136 ], [ 21.68417, 40.94113 ], [ 21.67106, 40.89942 ], [ 21.59294, 40.86636 ], [ 21.52486, 40.90994 ], [ 21.41709, 40.91804 ], [ 21.31361, 40.86729 ], [ 21.20683, 40.88434 ], [ 21.14349, 40.85545 ], [ 20.983505, 40.855224 ] ] ] } },
{ "type": "Feature", "properties": { "id": "00-00-f0-16", "volumeName": "FIR ATLANTA", "icaoID": "KZTL" }, "geometry": { "type": "Polygon", "coordinates": [ [ [ -80.633333, 37.331944 ], [ -85.4, 36.183333 ], [ -85.233333, 35.416667 ], [ -85.483333, 34.85 ], [ -85.930556, 34.811111 ], [ -86.075, 34.636111 ], [ -86.175, 34.3875 ], [ -86.713333, 34.1 ], [ -87.25, 34.1 ], [ -87.55, 34.016667 ], [ -87.633333, 33.316667 ], [ -87.986111, 33.043056 ], [ -87.85, 32.697222 ], [ -88.347222, 32.330556 ], [ -88.325, 31.516667 ], [ -87.816667, 31.520833 ], [ -87.4, 31.280558 ], [ -86.95, 31.491667 ], [ -83.8, 32.091667 ], [ -83.495833, 32.125 ], [ -82.645833, 32.447222 ], [ -82.199999, 32.29167 ], [ -81.933332, 32.562502 ], [ -81.841667, 32.9 ], [ -81.85, 33.888889 ], [ -81.679167, 34.25 ], [ -80.147222, 34.855556 ], [ -79.804167, 35.383333 ], [ -79.744444, 36.088888 ], [ -79.95, 36.154167 ], [ -80.633333, 37.331944 ] ] ] } },
{ "type": "Feature", "properties": { "id": "00-00-f0-17", "volumeName": "FIR ATLANTICO", "icaoID": "SBAO" }, "geometry": { "type": "Polygon", "coordinates": [ [ [ -16.752525, -5.81875 ], [ -28.774739, 3.110341 ], [ -35.0, 7.666666 ], [ -37.076452, 6.588446 ], [ -37.333332, 6.41667 ], [ -40.0, 5.000002 ], [ -48.0, 5.0 ], [ -40.782167, 0.930166 ], [ -35.460833, -1.743832 ], [ -32.121111, -3.271666 ], [ -31.796944, -4.080555 ], [ -33.215832, -6.798889 ], [ -33.818333, -8.43 ], [ -35.546944, -11.307499 ], [ -37.612778, -15.211666 ], [ -38.067499, -16.726389 ], [ -39.012499, -18.428833 ], [ -37.672832, -18.862499 ], [ -39.377777, -21.191111 ], [ -38.147249, -22.433899 ], [ -40.959166, -24.665277 ], [ -43.75, -26.75 ], [ -44.834999, -28.1075 ], [ -46.036667, -29.542221 ], [ -50.397167, -34.0 ], [ -10.0, -34.0 ], [ -10.0, -6.366667 ], [ -16.0, -6.366667 ], [ -16.752525, -5.81875 ] ] ] } },
{ "type": "Feature", "properties": { "id": "00-00-f0-18", "volumeName": "FIR AUCKLAND OCEANIC AM EAST", "icaoID": "NZZO" }, "geometry": { "type": "Polygon", "coordinates": [ [ [ 180.0, -89.9 ], [ 180.0, -25.0 ], [ 171.416666, -25.0 ], [ 168.000002, -28.0 ], [ 163.000002, -30.0 ], [ 163.000002, -89.9 ], [ 180.0, -89.9 ] ] ] } },
{ "type": "Feature", "properties": { "id": "00-00-f0-19", "volumeName": "FIR AUCKLAND OCEANIC AM WEST", "icaoID": "NZZO" }, "geometry": { "type": "Polygon", "coordinates": [ [ [ -157.0, -21.805555 ], [ -157.0, -5.0 ], [ -171.0, -5.0 ], [ -175.025389, -14.131222 ], [ -180.0, -25.0 ], [ -180.0, -90.0 ], [ -131.0, -90.0 ], [ -131.0, -30.0 ], [ -157.0, -30.0 ], [ -157.0, -21.805555 ] ] ] } },
{ "type": "Feature", "properties": { "id": "00-00-f0-1a", "volumeName": "FIR BAHRAIN", "icaoID": "OBBB" }, "geometry": { "type": "Polygon", "coordinates": [ [ [ 53.1, 25.816667 ], [ 53.950003, 26.066668 ], [ 51.166666, 26.916666 ], [ 50.916666, 27.083334 ], [ 49.666666, 28.733335 ], [ 48.866667, 28.25 ], [ 49.133333, 27.833333 ], [ 50.466389, 26.572222 ], [ 50.3875, 26.53 ], [ 50.314539, 26.171744 ], [ 50.269625, 26.080583 ], [ 50.301839, 25.883758 ], [ 50.435486, 25.6825 ], [ 50.595556, 25.519722 ], [ 50.664167, 25.132778 ], [ 50.793889, 24.878889 ], [ 50.811667, 24.744444 ], [ 50.928889, 24.545278 ], [ 51.098611, 24.471111 ], [ 51.313611, 24.485278 ], [ 51.413611, 24.596944 ], [ 51.405833, 24.629722 ], [ 51.572778, 24.713056 ], [ 51.590556, 24.123333 ], [ 51.718889, 23.971111 ], [ 53.1, 25.816667 ] ] ] } },
{ "type": "Feature", "properties": { "id": "00-00-f0-1b", "volumeName": "FIR BANGKOK", "icaoID": "VTBB" }, "geometry": { "type": "Polygon", "coordinates": [ [ [ 100.022776, 20.381666 ], [ 99.959154, 20.455275 ], [ 99.869982, 20.427221 ], [ 99.809145, 20.336386 ], [ 99.673601, 20.310831 ], [ 99.445253, 20.383055 ], [ 99.555254, 20.206663 ], [ 99.538881, 20.149443 ], [ 99.325548, 20.066111 ], [ 99.18387, 20.128054 ], [ 99.076387, 20.097498 ], [ 99.022493, 19.927774 ], [ 99.036104, 19.842775 ], [ 98.999712, 19.783335 ], [ 98.91971, 19.748053 ], [ 98.836931, 19.816389 ], [ 98.775545, 19.75889 ], [ 98.649157, 19.741941 ], [ 98.561647, 19.675276 ], [ 98.509722, 19.712496 ], [ 98.253603, 19.673052 ], [ 98.238588, 19.722219 ], [ 98.04999, 19.807501 ], [ 98.03499, 19.643888 ], [ 97.869081, 19.570177 ], [ 97.87665, 19.495275 ], [ 97.792482, 19.401941 ], [ 97.837206, 19.298887 ], [ 97.788317, 19.276945 ], [ 97.841814, 19.207102 ], [ 97.836382, 19.10111 ], [ 97.677202, 18.934164 ], [ 97.747759, 18.865553 ], [ 97.774706, 18.569998 ], [ 97.624147, 18.554445 ], [ 97.526934, 18.489164 ], [ 97.442476, 18.497217 ], [ 97.359987, 18.583055 ], [ 97.345263, 18.550833 ], [ 97.50139, 18.275831 ], [ 97.535814, 18.26861 ], [ 97.563601, 18.327776 ], [ 97.643053, 18.290277 ], [ 97.618044, 18.231386 ], [ 97.686647, 18.146666 ], [ 97.691362, 18.058054 ], [ 97.75194, 17.972219 ], [ 97.686647, 17.864443 ], [ 97.774431, 17.750834 ], [ 97.778322, 17.703329 ], [ 98.014711, 17.506388 ], [ 98.053041, 17.415831 ], [ 98.115541, 17.376108 ], [ 98.118868, 17.313887 ], [ 98.242479, 17.218607 ], [ 98.335817, 17.055555 ], [ 98.423601, 17.053331 ], [ 98.488314, 16.981939 ], [ 98.54999, 16.854719 ], [ 98.519716, 16.867777 ], [ 98.546648, 16.807775 ], [ 98.47777, 16.734995 ], [ 98.533602, 16.641665 ], [ 98.580278, 16.620275 ], [ 98.589983, 16.553331 ], [ 98.662493, 16.460276 ], [ 98.689699, 16.284998 ], [ 98.715822, 16.276388 ], [ 98.814425, 16.37583 ], [ 98.860811, 16.475275 ], [ 98.867479, 16.434164 ], [ 98.926378, 16.391108 ], [ 98.918596, 16.26861 ], [ 98.863314, 16.21472 ], [ 98.85277, 16.134165 ], [ 98.808031, 16.103052 ], [ 98.692751, 16.128332 ], [ 98.638048, 16.04722 ], [ 98.572496, 16.051664 ], [ 98.617479, 15.969999 ], [ 98.565264, 15.722776 ], [ 98.596376, 15.458334 ], [ 98.579988, 15.353052 ], [ 98.55887, 15.33 ], [ 98.497484, 15.387777 ], [ 98.425814, 15.363611 ], [ 98.413607, 15.26 ], [ 98.310259, 15.303053 ], [ 98.26639, 15.235556 ], [ 98.201387, 15.220831 ], [ 98.217211, 15.1775 ], [ 98.18442, 15.099165 ], [ 98.234423, 15.046946 ], [ 98.213884, 15.003332 ], [ 98.264162, 14.806944 ], [ 98.447756, 14.605833 ], [ 98.477205, 14.528055 ], [ 98.502214, 14.531389 ], [ 98.610811, 14.326666 ], [ 98.731096, 14.277777 ], [ 98.759722, 14.217497 ], [ 98.971651, 14.083609 ], [ 99.032763, 13.937777 ], [ 99.119432, 13.878611 ], [ 99.127764, 13.773611 ], [ 99.180544, 13.7125 ], [ 99.170534, 13.571112 ], [ 99.217211, 13.405832 ], [ 99.21277, 13.216108 ], [ 99.120821, 13.175833 ], [ 99.1122, 13.055834 ], [ 99.191652, 12.974443 ], [ 99.178591, 12.917498 ], [ 99.245256, 12.723608 ], [ 99.438875, 12.571112 ], [ 99.412493, 12.466387 ], [ 99.499712, 12.188334 ], [ 99.473314, 12.13389 ], [ 99.57332, 12.136667 ], [ 99.545259, 12.045553 ], [ 99.594439, 11.996943 ], [ 99.589434, 11.872499 ], [ 99.661654, 11.826944 ], [ 99.63582, 11.73361 ], [ 99.561922, 11.630552 ], [ 99.46776, 11.60972 ], [ 99.468874, 11.519999 ], [ 99.404711, 11.451666 ], [ 99.400545, 11.384165 ], [ 99.330278, 11.322222 ], [ 99.23749, 11.109442 ], [ 99.106646, 11.01 ], [ 99.081667, 10.951387 ], [ 99.020266, 10.963331 ], [ 99.006945, 10.831942 ], [ 98.913042, 10.809721 ], [ 98.787203, 10.682222 ], [ 98.773882, 10.616941 ], [ 98.823885, 10.516668 ], [ 98.580975, 9.996615 ], [ 96.500002, 10.000002 ], [ 98.000002, 7.250002 ], [ 99.5, 6.5 ], [ 99.513581, 6.435525 ], [ 99.882744, 6.541492 ], [ 100.023714, 6.423208 ], [ 100.127115, 6.424948 ], [ 100.171358, 6.476667 ], [ 100.193575, 6.569445 ], [ 100.174685, 6.625834 ], [ 100.214983, 6.711111 ], [ 100.248308, 6.683332 ], [ 100.302752, 6.698889 ], [ 100.336908, 6.582777 ], [ 100.436899, 6.515554 ], [ 100.498865, 6.523058 ], [ 100.661089, 6.4475 ], [ 100.754152, 6.501944 ], [ 100.765535, 6.451944 ], [ 100.83359, 6.419443 ], [ 100.85747, 6.234446 ], [ 100.951372, 6.239721 ], [ 100.989695, 6.277502 ], [ 101.033312, 6.243887 ], [ 101.115519, 6.248888 ], [ 101.12163, 6.18722 ], [ 101.075533, 6.150557 ], [ 101.119959, 6.098333 ], [ 101.119425, 5.984446 ], [ 101.101358, 5.926947 ], [ 101.035799, 5.896112 ], [ 100.990252, 5.788057 ], [ 101.145815, 5.631109 ], [ 101.25609, 5.705832 ], [ 101.28969, 5.810556 ], [ 101.351641, 5.808332 ], [ 101.569979, 5.916666 ], [ 101.658861, 5.860556 ], [ 101.691645, 5.763613 ], [ 101.762484, 5.788889 ], [ 101.833864, 5.743334 ], [ 101.94385, 5.861944 ], [ 101.948305, 5.969442 ], [ 102.091639, 6.110556 ], [ 102.096154, 6.25 ], [ 102.25, 6.25 ], [ 102.666666, 6.750002 ], [ 103.000002, 7.000002 ], [ 102.2535, 9.998 ], [ 102.924974, 11.654444 ], [ 102.913858, 11.752222 ], [ 102.847475, 11.835833 ], [ 102.716379, 12.165556 ], [ 102.741365, 12.363054 ], [ 102.787775, 12.440001 ], [ 102.63611, 12.60111 ], [ 102.507219, 12.67222 ], [ 102.53499, 12.805277 ], [ 102.489702, 12.936388 ], [ 102.518885, 12.998331 ], [ 102.417215, 13.116941 ], [ 102.345545, 13.277498 ], [ 102.359995, 13.500834 ], [ 102.338594, 13.552778 ], [ 102.367754, 13.576666 ], [ 102.538309, 13.569166 ], [ 102.622759, 13.606943 ], [ 102.561655, 13.678888 ], [ 102.724428, 13.765833 ], [ 102.791658, 13.936945 ], [ 102.903589, 14.022223 ], [ 102.945253, 14.191389 ], [ 103.180544, 14.329721 ], [ 103.39583, 14.358889 ], [ 103.441935, 14.394999 ], [ 103.466928, 14.371664 ], [ 103.572489, 14.425554 ], [ 103.611925, 14.404444 ], [ 103.659151, 14.447779 ], [ 103.695826, 14.440001 ], [ 103.706102, 14.387777 ], [ 103.844995, 14.380552 ], [ 103.922213, 14.339167 ], [ 103.945826, 14.368608 ], [ 104.029985, 14.344442 ], [ 104.128862, 14.385557 ], [ 104.166933, 14.369997 ], [ 104.205553, 14.413057 ], [ 104.22304, 14.381941 ], [ 104.278589, 14.408888 ], [ 104.47304, 14.356943 ], [ 104.509165, 14.380831 ], [ 104.575548, 14.365274 ], [ 104.64554, 14.430277 ], [ 104.687479, 14.408335 ], [ 104.72304, 14.438055 ], [ 104.735811, 14.410276 ], [ 104.805544, 14.448332 ], [ 105.00194, 14.383333 ], [ 104.992754, 14.317221 ], [ 105.076929, 14.217497 ], [ 105.146654, 14.246386 ], [ 105.18471, 14.348333 ], [ 105.441935, 14.432222 ], [ 105.536104, 14.563334 ], [ 105.512499, 14.805834 ], [ 105.550539, 14.841387 ], [ 105.541094, 14.880278 ], [ 105.579714, 14.894724 ], [ 105.553591, 14.944998 ], [ 105.620249, 14.984999 ], [ 105.469149, 15.113333 ], [ 105.489435, 15.201109 ], [ 105.596369, 15.274721 ], [ 105.588335, 15.335787 ], [ 105.505259, 15.326666 ], [ 105.474703, 15.36083 ], [ 105.599993, 15.433054 ], [ 105.639429, 15.645277 ], [ 105.596369, 15.728056 ], [ 105.504709, 15.7675 ], [ 105.449144, 15.756945 ], [ 105.401094, 15.807222 ], [ 105.345545, 15.929998 ], [ 105.41971, 16.013887 ], [ 105.076929, 16.097498 ], [ 105.012499, 16.251665 ], [ 104.905825, 16.350275 ], [ 104.85248, 16.451941 ], [ 104.752779, 16.5175 ], [ 104.768335, 16.863611 ], [ 104.740808, 17.006945 ], [ 104.809145, 17.190275 ], [ 104.805544, 17.381941 ], [ 104.699144, 17.523333 ], [ 104.46776, 17.643332 ], [ 104.35721, 17.810556 ], [ 104.277773, 17.85 ], [ 104.19803, 18.018431 ], [ 104.103319, 18.104719 ], [ 104.071932, 18.19972 ], [ 103.97249, 18.329443 ], [ 103.868593, 18.280001 ], [ 103.814699, 18.333055 ], [ 103.691935, 18.339167 ], [ 103.507769, 18.421663 ], [ 103.305254, 18.42111 ], [ 103.236368, 18.353888 ], [ 103.282763, 18.286665 ], [ 103.159151, 18.238607 ], [ 103.140825, 18.165274 ], [ 103.065813, 18.118608 ], [ 103.044985, 17.994162 ], [ 102.951662, 18.007223 ], [ 102.858599, 17.974718 ], [ 102.671656, 17.861944 ], [ 102.669985, 17.801664 ], [ 102.589983, 17.841665 ], [ 102.603594, 17.950274 ], [ 102.419436, 17.983885 ], [ 102.295259, 18.050276 ], [ 102.178865, 18.193888 ], [ 102.089434, 18.214998 ], [ 101.907213, 18.034166 ], [ 101.779985, 18.063334 ], [ 101.726931, 17.909163 ], [ 101.628313, 17.886942 ], [ 101.604433, 17.849443 ], [ 101.579714, 17.863611 ], [ 101.55971, 17.813837 ], [ 101.585825, 17.790556 ], [ 101.514429, 17.765001 ], [ 101.496645, 17.726107 ], [ 101.483599, 17.755835 ], [ 101.408335, 17.730829 ], [ 101.434145, 17.716108 ], [ 101.411654, 17.684721 ], [ 101.27083, 17.601389 ], [ 101.162775, 17.459997 ], [ 101.028322, 17.544443 ], [ 100.916658, 17.570833 ], [ 100.98749, 17.719442 ], [ 100.989702, 17.806108 ], [ 101.029428, 17.833055 ], [ 101.023882, 17.895552 ], [ 101.190538, 18.054167 ], [ 101.167215, 18.120275 ], [ 101.188028, 18.203329 ], [ 101.151659, 18.254446 ], [ 101.181665, 18.330832 ], [ 101.093874, 18.374998 ], [ 101.056376, 18.439718 ], [ 101.267488, 18.680552 ], [ 101.228868, 18.725275 ], [ 101.25194, 18.889719 ], [ 101.354433, 19.03861 ], [ 101.258333, 19.128332 ], [ 101.240541, 19.333887 ], [ 101.202478, 19.353888 ], [ 101.210543, 19.45944 ], [ 101.268885, 19.477221 ], [ 101.281099, 19.56222 ], [ 101.219355, 19.596407 ], [ 101.196932, 19.568609 ], [ 101.12137, 19.567778 ], [ 101.035814, 19.618608 ], [ 100.899721, 19.623053 ], [ 100.77527, 19.484442 ], [ 100.651934, 19.551664 ], [ 100.582766, 19.493052 ], [ 100.503603, 19.526667 ], [ 100.404161, 19.754446 ], [ 100.509165, 19.881941 ], [ 100.580462, 20.15777 ], [ 100.52054, 20.144999 ], [ 100.454355, 20.190889 ], [ 100.332766, 20.388609 ], [ 100.25638, 20.385275 ], [ 100.214998, 20.312777 ], [ 100.163042, 20.288332 ], [ 100.159716, 20.234995 ], [ 100.097216, 20.256109 ], [ 100.104158, 20.320833 ], [ 100.066095, 20.382776 ], [ 100.022776, 20.381666 ] ] ] } },
{ "type": "Feature", "properties": { "id": "00-00-f0-1c", "volumeName": "FIR BARCELONA", "icaoID": "LECB" }, "geometry": { "type": "Polygon", "coordinates": [ [ [ 0.733614, 42.855555 ], [ 0.66778, 42.839167 ], [ 0.649168, 42.756105 ], [ 0.681391, 42.729441 ], [ 0.675508, 42.688486 ], [ 0.432779, 42.686663 ], [ 0.370832, 42.724161 ], [ 0.304167, 42.67444 ], [ 0.261946, 42.717501 ], [ 0.178614, 42.735277 ], [ 0.0, 42.685442 ], [ -0.066667, 42.7 ], [ -1.1, 39.733335 ], [ -2.100028, 35.833135 ], [ -1.500003, 36.249886 ], [ 3.750002, 38.333334 ], [ 4.669626, 39.000002 ], [ 4.666666, 42.000002 ], [ 3.177656, 42.436808 ], [ 3.092222, 42.429995 ], [ 3.045279, 42.474718 ], [ 2.877501, 42.463335 ], [ 2.784166, 42.411112 ], [ 2.678335, 42.401667 ], [ 2.656946, 42.379442 ], [ 2.681391, 42.340273 ], [ 2.564722, 42.358889 ], [ 2.541945, 42.332499 ], [ 2.269167, 42.43722 ], [ 2.137777, 42.417223 ], [ 2.093611, 42.364168 ], [ 2.017221, 42.353052 ], [ 1.940001, 42.451387 ], [ 1.723611, 42.509438 ], [ 1.541667, 42.437218 ], [ 1.454721, 42.441668 ], [ 1.424166, 42.493334 ], [ 1.471666, 42.514162 ], [ 1.423056, 42.53583 ], [ 1.445833, 42.601946 ], [ 1.359167, 42.715273 ], [ 1.173891, 42.709719 ], [ 1.091669, 42.784441 ], [ 0.936945, 42.790277 ], [ 0.733614, 42.855555 ] ] ] } },
{ "type": "Feature", "properties": { "id": "00-00-f0-1d", "volumeName": "FIR BARRANQUILLA", "icaoID": "SKEC" }, "geometry": { "type": "Polygon", "coordinates": [ [ [ -71.0, 12.000002 ], [ -71.416666, 12.500002 ], [ -74.0, 14.333334 ], [ -74.0, 15.000002 ], [ -77.416666, 15.000002 ], [ -77.416667, 8.583333 ], [ -74.799999, 7.616667 ], [ -72.664459, 8.641111 ], [ -72.790298, 9.083052 ], [ -72.768188, 9.111425 ], [ -72.816956, 9.145277 ], [ -72.94223, 9.104166 ], [ -73.001404, 9.3025 ], [ -73.218903, 9.171389 ], [ -73.383621, 9.183054 ], [ -73.168335, 9.536112 ], [ -73.092789, 9.585554 ], [ -72.962234, 9.836943 ], [ -72.987228, 9.914167 ], [ -72.900558, 10.451944 ], [ -72.760284, 10.651388 ], [ -72.665283, 10.872778 ], [ -72.558624, 10.97389 ], [ -72.493057, 11.121111 ], [ -72.341125, 11.164999 ], [ -72.26001, 11.154444 ], [ -71.977234, 11.664999 ], [ -71.403336, 11.812777 ], [ -71.0, 12.000002 ] ] ] } },
{ "type": "Feature", "properties": { "id": "00-00-f0-1e", "volumeName": "FIR BEIJING", "icaoID": "ZBPE" }, "geometry": { "type": "Polygon", "coordinates": [ [ [ 114.858599, 45.406939 ], [ 114.736101, 45.442217 ], [ 114.545259, 45.389437 ], [ 114.541094, 45.322771 ], [ 114.462198, 45.211664 ], [ 114.178591, 45.042223 ], [ 114.080278, 44.941103 ], [ 113.916933, 44.92277 ], [ 113.633104, 44.746241 ], [ 112.853045, 44.846102 ], [ 112.607485, 44.926386 ], [ 112.427202, 45.080553 ], [ 112.097216, 45.075274 ], [ 112.051088, 45.10055 ], [ 111.78499, 45.000551 ], [ 111.568048, 44.679163 ], [ 111.561098, 44.577776 ], [ 111.436922, 44.43638 ], [ 111.422762, 44.342768 ], [ 111.508043, 44.300272 ], [ 111.556932, 44.174715 ], [ 111.67499, 44.051104 ], [ 111.879464, 43.938872 ], [ 111.959719, 43.835268 ], [ 111.958401, 43.692222 ], [ 111.783894, 43.672506 ], [ 111.638603, 43.543327 ], [ 111.005303, 43.325006 ], [ 110.440539, 42.777775 ], [ 110.107478, 42.645536 ], [ 109.942229, 42.640834 ], [ 109.703135, 42.560787 ], [ 109.51401, 42.456522 ], [ 109.313601, 42.429995 ], [ 109.000002, 42.45833 ], [ 108.848604, 42.399996 ], [ 108.527773, 42.442217 ], [ 108.299425, 42.437212 ], [ 108.248598, 42.46277 ], [ 107.907763, 42.408327 ], [ 107.571115, 42.410273 ], [ 107.471918, 42.466105 ], [ 107.277208, 42.410547 ], [ 107.262499, 42.359995 ], [ 106.781939, 42.295549 ], [ 105.21805, 41.743608 ], [ 105.916666, 40.716665 ], [ 107.016668, 40.333334 ], [ 109.683332, 38.733335 ], [ 110.6, 38.366667 ], [ 110.733335, 37.466665 ], [ 110.300001, 35.533335 ], [ 110.250002, 34.533335 ], [ 113.81, 36.066667 ], [ 117.500002, 37.483335 ], [ 120.000002, 38.250002 ], [ 119.866667, 39.500002 ], [ 119.35, 39.9 ], [ 117.516668, 43.250002 ], [ 115.29471, 45.400545 ], [ 114.938028, 45.382769 ], [ 114.858599, 45.406939 ] ] ] } },
{ "type": "Feature", "properties": { "id": "00-00-f0-1f", "volumeName": "FIR BEIRA", "icaoID": "FQBE" }, "geometry": { "type": "Polygon", "coordinates": [ [ [ 40.500002, -10.416666 ], [ 40.381388, -10.540279 ], [ 40.236109, -10.602779 ], [ 40.006662, -10.805557 ], [ 39.898333, -10.831667 ], [ 39.766939, -10.920557 ], [ 39.508333, -10.995279 ], [ 39.268053, -11.168055 ], [ 39.134439, -11.141945 ], [ 38.897776, -11.172224 ], [ 38.77389, -11.261667 ], [ 38.655275, -11.281113 ], [ 38.491709, -11.415312 ], [ 38.377779, -11.377224 ], [ 38.235277, -11.274168 ], [ 38.160555, -11.284445 ], [ 38.107218, -11.252224 ], [ 37.941385, -11.285002 ], [ 37.861666, -11.33889 ], [ 37.791941, -11.561111 ], [ 37.663057, -11.638334 ], [ 37.526667, -11.6625 ], [ 37.462046, -11.727329 ], [ 37.347223, -11.686668 ], [ 37.286112, -11.704168 ], [ 37.125834, -11.673334 ], [ 37.025835, -11.567223 ], [ 36.904444, -11.594723 ], [ 36.829721, -11.568611 ], [ 36.677774, -11.714724 ], [ 36.561945, -11.740278 ], [ 36.49, -11.681112 ], [ 36.189722, -11.706667 ], [ 36.163057, -11.577778 ], [ 35.965555, -11.500834 ], [ 35.943056, -11.434723 ], [ 35.838335, -11.414722 ], [ 35.772501, -11.475279 ], [ 35.70389, -11.48778 ], [ 35.652498, -11.584723 ], [ 35.576387, -11.606668 ], [ 35.41128, -11.576548 ], [ 34.642075, -11.583653 ], [ 34.406669, -12.20505 ], [ 34.522128, -12.778183 ], [ 34.5225, -13.35 ], [ 34.600375, -13.480556 ], [ 34.859167, -13.480556 ], [ 35.095278, -13.686111 ], [ 35.877222, -14.656113 ], [ 35.881105, -14.885 ], [ 35.924166, -14.885557 ], [ 35.80028, -15.177778 ], [ 35.86722, -15.419445 ], [ 35.802228, -16.038267 ], [ 35.655825, -16.117481 ], [ 35.503016, -16.295831 ], [ 35.356306, -16.400425 ], [ 35.190148, -16.473162 ], [ 34.829347, -16.511752 ], [ 34.483719, -16.404851 ], [ 34.213623, -16.171149 ], [ 34.07627, -15.892518 ], [ 33.683375, -14.601419 ], [ 33.54944, -14.442223 ], [ 33.478884, -14.410557 ], [ 33.377497, -14.215279 ], [ 33.303606, -14.148056 ], [ 33.309717, -14.07139 ], [ 33.25, -14.00205 ], [ 32.374662, -14.314054 ], [ 31.69494, -14.510165 ], [ 31.486606, -14.625443 ], [ 30.86244, -14.764054 ], [ 30.345495, -14.973499 ], [ 30.214662, -14.986832 ], [ 30.253332, -15.218613 ], [ 30.364443, -15.344168 ], [ 30.388056, -15.485001 ], [ 30.357779, -15.554724 ], [ 30.417223, -15.636667 ], [ 30.422777, -16.009167 ], [ 30.92861, -16.002224 ], [ 31.00139, -16.065281 ], [ 31.137499, -15.995001 ], [ 31.276667, -16.018612 ], [ 31.42861, -16.163612 ], [ 31.721945, -16.214725 ], [ 31.899443, -16.355556 ], [ 31.90994, -16.425573 ], [ 32.377779, -16.470001 ], [ 32.701113, -16.600834 ], [ 32.707773, -16.68417 ], [ 32.767466, -16.71804 ], [ 32.981142, -16.709053 ], [ 32.938608, -16.842224 ], [ 32.842775, -16.936111 ], [ 32.968332, -17.147503 ], [ 32.991945, -17.306393 ], [ 33.041109, -17.344448 ], [ 32.954165, -17.500278 ], [ 33.043612, -17.620003 ], [ 33.019724, -17.799725 ], [ 32.96805, -17.823059 ], [ 32.973886, -17.930279 ], [ 32.946108, -17.975002 ], [ 33.001108, -18.183334 ], [ 32.969446, -18.246391 ], [ 33.073053, -18.348892 ], [ 33.001108, -18.412781 ], [ 33.017221, -18.463337 ], [ 32.88833, -18.530556 ], [ 32.949717, -18.690281 ], [ 32.924997, -18.773056 ], [ 32.817217, -18.779167 ], [ 32.707224, -18.82917 ], [ 32.735277, -18.918892 ], [ 32.699167, -18.944447 ], [ 32.716112, -19.021946 ], [ 32.839167, -19.023056 ], [ 32.884165, -19.09528 ], [ 32.854166, -19.28167 ], [ 32.784723, -19.36639 ], [ 32.783052, -19.467781 ], [ 32.850557, -19.493893 ], [ 32.841661, -19.681667 ], [ 32.912775, -19.692501 ], [ 32.96583, -19.648613 ], [ 32.972498, -19.73278 ], [ 33.059443, -19.780281 ], [ 33.026667, -20.031113 ], [ 32.953051, -20.036392 ], [ 32.948885, -20.083614 ], [ 32.905275, -20.099445 ], [ 32.871668, -20.278614 ], [ 32.665834, -20.557224 ], [ 32.550829, -20.555 ], [ 32.502222, -20.598614 ], [ 32.483606, -20.661667 ], [ 32.521387, -20.914169 ], [ 32.358332, -21.130558 ], [ 32.488878, -21.344448 ], [ 32.416109, -21.307217 ], [ 31.407499, -22.340279 ], [ 31.297506, -22.414764 ], [ 31.561666, -23.186668 ], [ 31.550833, -23.476669 ], [ 31.683611, -23.613613 ], [ 31.769724, -23.856392 ], [ 31.87639, -23.927502 ], [ 31.885832, -24.171116 ], [ 32.016108, -24.459446 ], [ 31.988054, -25.504169 ], [ 32.019999, -25.65028 ], [ 31.981668, -25.672501 ], [ 31.919443, -25.814167 ], [ 31.968512, -25.95784 ], [ 32.089998, -26.009445 ], [ 32.103052, -26.162224 ], [ 32.061106, -26.261391 ], [ 32.072222, -26.393333 ], [ 32.129168, -26.505836 ], [ 32.133402, -26.839626 ], [ 32.890429, -26.847145 ], [ 35.000002, -27.833332 ], [ 40.000002, -30.0 ], [ 40.000002, -20.0 ], [ 43.000002, -15.0 ], [ 41.500002, -11.0 ], [ 40.500002, -10.416666 ] ] ] } },
{ "type": "Feature", "properties": { "id": "00-00-f0-20", "volumeName": "FIR BEOGRAD", "icaoID": "LYBA" }, "geometry": { "type": "Polygon", "coordinates": [ [ [ 19.725279, 46.171389 ], [ 19.559999, 46.171946 ], [ 19.467222, 46.078608 ], [ 19.302778, 46.026384 ], [ 19.28639, 45.989443 ], [ 19.155279, 45.987223 ], [ 19.096388, 46.024439 ], [ 19.065554, 45.964441 ], [ 18.995554, 45.952501 ], [ 19.006109, 45.928888 ], [ 18.817022, 45.912966 ], [ 18.859167, 45.843332 ], [ 18.958612, 45.778612 ], [ 18.956667, 45.736109 ], [ 18.909655, 45.713282 ], [ 18.968359, 45.663019 ], [ 18.90946, 45.62076 ], [ 18.902498, 45.570276 ], [ 18.955271, 45.537188 ], [ 19.020525, 45.56299 ], [ 19.099989, 45.515871 ], [ 19.087839, 45.489504 ], [ 19.000002, 45.490831 ], [ 18.994444, 45.451662 ], [ 19.037542, 45.413591 ], [ 18.980326, 45.378626 ], [ 19.085833, 45.347773 ], [ 19.138613, 45.2875 ], [ 19.423887, 45.225832 ], [ 19.411112, 45.174997 ], [ 19.298613, 45.203608 ], [ 19.261667, 45.180277 ], [ 19.17111, 45.216387 ], [ 19.160555, 45.14583 ], [ 19.081667, 45.126108 ], [ 19.105276, 44.983889 ], [ 19.147501, 44.959162 ], [ 19.076113, 44.909441 ], [ 19.036665, 44.932497 ], [ 19.010832, 44.914164 ], [ 19.039721, 44.861383 ], [ 19.177221, 44.923609 ], [ 19.310278, 44.908609 ], [ 19.382776, 44.863054 ], [ 19.356112, 44.852777 ], [ 19.313612, 44.704721 ], [ 19.188391, 44.58082 ], [ 19.188391, 44.545961 ], [ 19.123404, 44.514544 ], [ 19.146944, 44.438334 ], [ 19.104445, 44.355829 ], [ 19.161707, 44.286013 ], [ 19.323095, 44.270952 ], [ 19.35494, 44.187029 ], [ 19.481039, 44.150019 ], [ 19.503889, 44.089724 ], [ 19.571844, 44.049318 ], [ 19.593363, 44.070406 ], [ 19.621767, 44.021769 ], [ 19.514177, 43.958078 ], [ 19.23702, 44.011011 ], [ 19.251223, 43.962381 ], [ 19.487501, 43.76333 ], [ 19.50889, 43.570276 ], [ 19.371668, 43.616388 ], [ 19.228811, 43.513216 ], [ 19.098333, 43.505556 ], [ 19.006666, 43.555834 ], [ 18.949446, 43.509439 ], [ 18.955832, 43.45833 ], [ 19.023054, 43.435556 ], [ 19.020555, 43.391939 ], [ 19.088057, 43.323053 ], [ 19.068609, 43.241388 ], [ 19.016668, 43.239443 ], [ 18.919722, 43.357218 ], [ 18.839342, 43.348024 ], [ 18.851656, 43.330774 ], [ 18.697779, 43.252497 ], [ 18.707499, 43.214441 ], [ 18.643888, 43.139162 ], [ 18.65, 43.044168 ], [ 18.524443, 43.012217 ], [ 18.480555, 42.964441 ], [ 18.490835, 42.861666 ], [ 18.455557, 42.825556 ], [ 18.577501, 42.655001 ], [ 18.455557, 42.565828 ], [ 18.453333, 42.512499 ], [ 18.6, 42.200003 ], [ 18.316677, 41.416695 ], [ 18.866667, 41.129999 ], [ 19.372017, 41.85308 ], [ 19.374166, 41.88833 ], [ 19.340555, 41.904444 ], [ 19.348333, 41.959719 ], [ 19.383055, 41.968332 ], [ 19.368334, 42.029718 ], [ 19.400278, 42.105272 ], [ 19.282499, 42.185556 ], [ 19.416666, 42.32889 ], [ 19.429445, 42.380274 ], [ 19.708887, 42.658884 ], [ 19.755835, 42.639715 ], [ 19.773611, 42.593607 ], [ 19.746668, 42.543055 ], [ 19.793612, 42.483889 ], [ 19.830278, 42.469721 ], [ 20.071424, 42.560915 ], [ 20.168612, 42.506945 ], [ 20.244722, 42.328608 ], [ 20.347776, 42.326387 ], [ 20.470434, 42.264559 ], [ 20.566668, 42.133333 ], [ 20.564444, 42.075274 ], [ 20.623335, 41.966944 ], [ 20.58111, 41.918886 ], [ 20.591225, 41.886857 ], [ 20.895556, 42.096944 ], [ 21.310556, 42.138889 ], [ 21.783333, 42.283333 ], [ 22.449999, 42.33555 ], [ 22.558889, 42.487497 ], [ 22.438612, 42.574717 ], [ 22.461111, 42.692499 ], [ 22.50139, 42.739168 ], [ 22.442221, 42.821665 ], [ 22.525, 42.878611 ], [ 22.745554, 42.89361 ], [ 22.790834, 42.985277 ], [ 22.966391, 43.101664 ], [ 23.007223, 43.196108 ], [ 22.904444, 43.230829 ], [ 22.766668, 43.385828 ], [ 22.543333, 43.472498 ], [ 22.495554, 43.570276 ], [ 22.495554, 43.645555 ], [ 22.4275, 43.688608 ], [ 22.359446, 43.816942 ], [ 22.416945, 44.006945 ], [ 22.622499, 44.070833 ], [ 22.616667, 44.172777 ], [ 22.691668, 44.264162 ], [ 22.549723, 44.323053 ], [ 22.460001, 44.482218 ], [ 22.54611, 44.487497 ], [ 22.590277, 44.549166 ], [ 22.699587, 44.522524 ], [ 22.762705, 44.561922 ], [ 22.436388, 44.714441 ], [ 22.313612, 44.664164 ], [ 22.176943, 44.481943 ], [ 22.128611, 44.481386 ], [ 22.039446, 44.551668 ], [ 21.993891, 44.635553 ], [ 21.649443, 44.657778 ], [ 21.588335, 44.76333 ], [ 21.4004, 44.780825 ], [ 21.36611, 44.864443 ], [ 21.558611, 44.896112 ], [ 21.540834, 44.938608 ], [ 21.366945, 45.008333 ], [ 21.447222, 45.034998 ], [ 21.460279, 45.102777 ], [ 21.512777, 45.123331 ], [ 21.513613, 45.15111 ], [ 21.416666, 45.214724 ], [ 21.2675, 45.232775 ], [ 21.163057, 45.309717 ], [ 21.048887, 45.316385 ], [ 20.783056, 45.48472 ], [ 20.82361, 45.532495 ], [ 20.766668, 45.609995 ], [ 20.798887, 45.656664 ], [ 20.795832, 45.769167 ], [ 20.713335, 45.743891 ], [ 20.591665, 45.894167 ], [ 20.378054, 45.978052 ], [ 20.32139, 46.063608 ], [ 20.200834, 46.151384 ], [ 19.961111, 46.170832 ], [ 19.80139, 46.128328 ], [ 19.725279, 46.171389 ] ] ] } },
{ "type": "Feature", "properties": { "id": "00-00-f0-21", "volumeName": "FIR BISHKEK", "icaoID": "UCFM" }, "geometry": { "type": "Polygon", "coordinates": [ [ [ 74.299715, 43.214685 ], [ 74.202013, 43.268503 ], [ 74.234987, 43.207186 ], [ 74.05942, 43.188013 ], [ 73.97304, 43.223848 ], [ 73.913317, 43.122736 ], [ 73.831942, 43.129129 ], [ 73.583879, 43.038576 ], [ 73.513887, 42.896357 ], [ 73.52582, 42.799967 ], [ 73.432482, 42.621065 ], [ 73.451097, 42.533297 ], [ 73.533327, 42.434397 ], [ 73.519716, 42.408007 ], [ 73.344149, 42.429125 ], [ 73.334154, 42.509401 ], [ 73.209154, 42.521341 ], [ 73.156649, 42.559954 ], [ 72.908602, 42.548304 ], [ 72.832766, 42.576914 ], [ 72.757219, 42.656069 ], [ 72.504717, 42.687738 ], [ 72.296938, 42.773577 ], [ 72.123873, 42.757189 ], [ 71.869707, 42.842745 ], [ 71.597216, 42.76359 ], [ 71.530275, 42.802195 ], [ 71.4247, 42.80414 ], [ 71.35277, 42.743586 ], [ 71.27527, 42.759142 ], [ 71.166933, 42.686914 ], [ 71.167208, 42.604143 ], [ 71.031099, 42.573587 ], [ 71.089708, 42.480799 ], [ 71.060534, 42.460802 ], [ 70.99637, 42.486635 ], [ 70.962496, 42.388308 ], [ 70.873308, 42.313028 ], [ 70.882497, 42.266746 ], [ 73.116667, 42.200003 ], [ 74.866667, 41.783335 ], [ 75.733335, 41.416666 ], [ 75.830828, 40.311884 ], [ 75.896379, 40.30105 ], [ 76.068056, 40.395777 ], [ 76.194139, 40.377993 ], [ 76.277483, 40.454386 ], [ 76.338594, 40.348551 ], [ 76.45833, 40.409105 ], [ 76.563875, 40.55633 ], [ 76.642488, 40.612719 ], [ 76.649721, 40.744944 ], [ 76.793596, 40.862444 ], [ 76.781939, 40.940775 ], [ 76.873873, 41.014109 ], [ 77.058321, 41.049112 ], [ 77.138048, 41.016054 ], [ 77.377474, 41.028002 ], [ 77.543596, 40.986612 ], [ 77.68471, 41.001894 ], [ 77.854708, 41.069399 ], [ 78.080828, 41.040789 ], [ 78.188875, 41.101343 ], [ 78.288317, 41.227724 ], [ 78.373598, 41.275507 ], [ 78.375536, 41.378832 ], [ 78.531099, 41.463839 ], [ 78.639986, 41.483004 ], [ 78.670824, 41.531893 ], [ 79.207491, 41.728281 ], [ 79.30942, 41.791338 ], [ 79.431932, 41.782167 ], [ 79.654985, 41.882174 ], [ 79.778597, 41.887178 ], [ 79.879427, 42.016352 ], [ 80.204714, 42.029123 ], [ 80.283327, 42.079683 ], [ 80.234026, 42.196222 ], [ 79.960268, 42.431345 ], [ 79.716936, 42.474123 ], [ 79.571932, 42.453012 ], [ 79.443865, 42.472178 ], [ 79.356646, 42.607737 ], [ 79.215273, 42.679125 ], [ 79.194704, 42.795794 ], [ 79.027773, 42.759684 ], [ 78.68915, 42.812456 ], [ 78.512209, 42.885241 ], [ 78.336931, 42.852457 ], [ 78.265276, 42.875513 ], [ 78.093874, 42.857462 ], [ 77.897493, 42.900232 ], [ 77.829439, 42.87079 ], [ 77.811922, 42.902452 ], [ 77.729708, 42.914675 ], [ 77.591097, 42.887461 ], [ 77.459719, 42.930239 ], [ 77.350267, 42.896624 ], [ 76.976931, 42.996347 ], [ 76.61693, 42.900232 ], [ 75.802477, 42.940508 ], [ 75.74721, 42.850512 ], [ 75.664431, 42.807459 ], [ 75.210543, 42.853846 ], [ 74.893328, 42.979128 ], [ 74.740816, 42.998301 ], [ 74.566942, 43.132738 ], [ 74.299715, 43.214685 ] ] ] } },
{ "type": "Feature", "properties": { "id": "00-00-f0-22", "volumeName": "FIR BODO OCEANIC", "icaoID": "ENOB" }, "geometry": { "type": "Polygon", "coordinates": [ [ [ 30.000002, 71.000002 ], [ 30.000002, 82.000002 ], [ 0.0, 82.000002 ], [ 0.0, 63.000002 ], [ 4.000002, 63.000002 ], [ 5.014722, 64.0 ], [ 6.266667, 65.133333 ], [ 6.840555, 65.618334 ], [ 7.707778, 66.211111 ], [ 9.4225, 67.25 ], [ 15.000002, 70.000002 ], [ 17.988055, 70.475556 ], [ 25.000002, 71.333334 ], [ 28.000002, 71.333334 ], [ 30.000002, 71.000002 ] ] ] } },
{ "type": "Feature", "properties": { "id": "00-00-f0-23", "volumeName": "FIR BOGOTA", "icaoID": "SKED" }, "geometry": { "type": "Polygon", "coordinates": [ [ [ -72.432251, 8.390455 ], [ -72.664459, 8.641111 ], [ -74.799999, 7.616667 ], [ -77.416416, 8.58324 ], [ -77.472229, 8.532221 ], [ -77.474731, 8.469721 ], [ -77.406677, 8.453054 ], [ -77.361954, 8.282221 ], [ -77.30751, 8.258612 ], [ -77.191116, 7.9825 ], [ -77.146667, 7.943056 ], [ -77.29834, 7.903612 ], [ -77.371948, 7.786112 ], [ -77.328613, 7.704721 ], [ -77.573898, 7.525278 ], [ -77.662231, 7.677778 ], [ -77.746674, 7.722223 ], [ -77.729172, 7.509722 ], [ -77.810837, 7.480001 ], [ -77.889725, 7.228888 ], [ -78.299999, 6.733335 ], [ -78.783333, 6.466665 ], [ -79.049999, 6.266668 ], [ -80.0, 4.500002 ], [ -82.916666, 4.533335 ], [ -82.916666, 1.416666 ], [ -78.916384, 1.416722 ], [ -78.809723, 1.437778 ], [ -78.677505, 1.285555 ], [ -78.595001, 1.271391 ], [ -78.560867, 1.198622 ], [ -78.468613, 1.195555 ], [ -78.348068, 1.064169 ], [ -78.241394, 1.027224 ], [ -78.091675, 0.910555 ], [ -77.910278, 0.88278 ], [ -77.889725, 0.829721 ], [ -77.810318, 0.803839 ], [ -77.678345, 0.837225 ], [ -77.640289, 0.721666 ], [ -77.541672, 0.656111 ], [ -77.452515, 0.645834 ], [ -77.424454, 0.413336 ], [ -77.379456, 0.384722 ], [ -77.218903, 0.336111 ], [ -77.079605, 0.35956 ], [ -77.029724, 0.3025 ], [ -76.935287, 0.295557 ], [ -76.868896, 0.238611 ], [ -76.733063, 0.2325 ], [ -76.711945, 0.285833 ], [ -76.550293, 0.218058 ], [ -76.40889, 0.248335 ], [ -76.406509, 0.39805 ], [ -76.33168, 0.374445 ], [ -76.283615, 0.421114 ], [ -76.115845, 0.379168 ], [ -76.09668, 0.314722 ], [ -76.043274, 0.339991 ], [ -75.936401, 0.181944 ], [ -75.742233, 0.037222 ], [ -75.628067, 0.029722 ], [ -75.597778, 0.055834 ], [ -75.434448, -0.059444 ], [ -75.275192, -0.123245 ], [ -75.233902, -0.108055 ], [ -75.201675, -0.031389 ], [ -75.071671, -0.0725 ], [ -74.930847, -0.204721 ], [ -74.854172, -0.232777 ], [ -74.776947, -0.204166 ], [ -74.70668, -0.367222 ], [ -74.66362, -0.345833 ], [ -74.638336, -0.409721 ], [ -74.607513, -0.38361 ], [ -74.496948, -0.498055 ], [ -74.392227, -0.533611 ], [ -74.347229, -0.757778 ], [ -74.238892, -0.858334 ], [ -74.242233, -0.889166 ], [ -74.29834, -0.910555 ], [ -74.261398, -0.931665 ], [ -74.227234, -1.027777 ], [ -74.077789, -1.072777 ], [ -74.020279, -1.035276 ], [ -74.001678, -1.123611 ], [ -73.952515, -1.128334 ], [ -73.938065, -1.168888 ], [ -73.850281, -1.170277 ], [ -73.868057, -1.208611 ], [ -73.837784, -1.270277 ], [ -73.755569, -1.294167 ], [ -73.726959, -1.238056 ], [ -73.703613, -1.28861 ], [ -73.65834, -1.281666 ], [ -73.556396, -1.370832 ], [ -73.555008, -1.460556 ], [ -73.476959, -1.525 ], [ -73.443344, -1.605833 ], [ -73.507507, -1.748333 ], [ -73.300003, -1.875834 ], [ -73.267227, -1.824999 ], [ -73.230286, -1.851665 ], [ -73.199173, -1.803055 ], [ -73.171951, -1.846388 ], [ -73.132782, -1.849167 ], [ -73.131958, -1.908054 ], [ -73.087784, -1.929167 ], [ -73.093903, -2.042778 ], [ -73.05751, -2.139999 ], [ -73.088348, -2.22361 ], [ -73.133621, -2.243334 ], [ -73.112228, -2.338055 ], [ -73.036118, -2.365278 ], [ -73.022507, -2.422222 ], [ -72.985001, -2.377777 ], [ -72.964737, -2.407221 ], [ -72.935562, -2.395555 ], [ -72.890839, -2.503056 ], [ -72.805847, -2.487223 ], [ -72.744446, -2.433887 ], [ -72.716675, -2.475 ], [ -72.683334, -2.440001 ], [ -72.636124, -2.494165 ], [ -72.595566, -2.407221 ], [ -72.506668, -2.442778 ], [ -72.373474, -2.428127 ], [ -72.33667, -2.478889 ], [ -72.253616, -2.467501 ], [ -72.218063, -2.505833 ], [ -72.198624, -2.450834 ], [ -72.12973, -2.440001 ], [ -72.103622, -2.476389 ], [ -72.008347, -2.357222 ], [ -71.888336, -2.381666 ], [ -71.882782, -2.326944 ], [ -71.830002, -2.299723 ], [ -71.813065, -2.235277 ], [ -71.698059, -2.146944 ], [ -71.669174, -2.229166 ], [ -71.619171, -2.201666 ], [ -71.506119, -2.24 ], [ -71.460281, -2.351667 ], [ -71.430008, -2.276945 ], [ -71.406113, -2.284721 ], [ -71.343063, -2.394722 ], [ -71.255844, -2.353056 ], [ -71.239456, -2.381111 ], [ -71.158066, -2.370277 ], [ -71.084457, -2.298889 ], [ -70.987228, -2.300278 ], [ -70.97139, -2.223055 ], [ -70.914169, -2.254444 ], [ -70.861115, -2.223055 ], [ -70.808334, -2.285833 ], [ -70.659729, -2.352501 ], [ -70.577515, -2.487223 ], [ -70.540558, -2.494165 ], [ -70.536392, -2.422222 ], [ -70.420013, -2.51111 ], [ -70.30751, -2.495556 ], [ -70.2789, -2.522778 ], [ -70.335556, -2.575001 ], [ -70.236954, -2.552221 ], [ -70.197784, -2.6425 ], [ -70.156677, -2.646111 ], [ -70.116119, -2.704166 ], [ -70.062225, -2.664444 ], [ -70.047745, -2.731157 ], [ -70.724167, -3.779722 ], [ -70.516113, -3.861111 ], [ -70.371948, -3.788334 ], [ -70.323059, -3.799166 ], [ -70.180847, -3.938334 ], [ -70.126404, -4.06889 ], [ -69.983063, -4.180834 ], [ -69.956924, -4.236874 ], [ -69.460556, -1.496111 ], [ -69.379456, -1.350277 ], [ -69.380005, -1.1875 ], [ -69.438904, -1.083889 ], [ -69.434723, -0.994165 ], [ -69.529175, -0.924444 ], [ -69.5625, -0.808056 ], [ -69.614731, -0.75111 ], [ -69.572784, -0.636665 ], [ -69.607513, -0.5175 ], [ -69.746124, -0.452221 ], [ -69.851669, -0.335278 ], [ -69.928345, -0.309444 ], [ -70.05806, -0.157499 ], [ -70.044174, 0.590834 ], [ -69.797791, 0.600279 ], [ -69.678345, 0.678888 ], [ -69.607788, 0.646391 ], [ -69.56723, 0.701113 ], [ -69.464172, 0.740278 ], [ -69.350006, 0.636946 ], [ -69.2939, 0.66778 ], [ -69.286957, 0.620832 ], [ -69.124725, 0.645002 ], [ -69.18251, 0.724447 ], [ -69.140015, 0.866945 ], [ -69.202789, 0.906668 ], [ -69.193344, 0.951944 ], [ -69.270004, 1.038336 ], [ -69.343613, 1.074724 ], [ -69.420837, 1.026114 ], [ -69.446396, 1.062223 ], [ -69.601959, 1.080835 ], [ -69.704727, 1.059446 ], [ -69.765015, 1.095835 ], [ -69.842224, 1.062223 ], [ -69.8461, 1.710455 ], [ -69.786957, 1.70611 ], [ -69.716949, 1.748056 ], [ -69.631393, 1.73778 ], [ -69.555847, 1.784166 ], [ -69.37793, 1.726149 ], [ -68.153061, 1.724169 ], [ -68.175842, 1.763056 ], [ -68.232788, 1.775557 ], [ -68.229172, 1.823336 ], [ -68.277237, 1.837778 ], [ -68.186676, 2.020002 ], [ -68.170837, 1.97389 ], [ -68.089447, 1.933611 ], [ -68.005005, 1.763056 ], [ -67.914734, 1.745279 ], [ -67.805557, 1.788336 ], [ -67.64418, 2.000002 ], [ -67.424179, 2.143888 ], [ -67.335007, 2.111113 ], [ -67.07251, 1.62528 ], [ -67.076675, 1.173334 ], [ -66.870453, 1.220934 ], [ -66.991669, 1.695833 ], [ -67.133621, 1.98778 ], [ -67.109451, 2.094446 ], [ -67.164459, 2.135557 ], [ -67.210846, 2.240557 ], [ -67.173065, 2.341665 ], [ -67.192505, 2.3925 ], [ -67.320557, 2.468332 ], [ -67.503342, 2.677221 ], [ -67.56778, 2.683332 ], [ -67.606949, 2.795557 ], [ -67.751678, 2.840002 ], [ -67.828339, 2.825003 ], [ -67.84584, 2.792624 ], [ -67.855072, 2.789785 ], [ -67.843063, 2.868334 ], [ -67.435562, 3.253889 ], [ -67.384171, 3.259169 ], [ -67.290558, 3.397501 ], [ -67.307236, 3.455557 ], [ -67.387787, 3.493055 ], [ -67.491959, 3.726389 ], [ -67.618622, 3.763334 ], [ -67.693893, 4.026114 ], [ -67.805557, 4.227499 ], [ -67.791946, 4.4275 ], [ -67.877228, 4.548613 ], [ -67.824722, 4.736666 ], [ -67.823593, 4.939722 ], [ -67.790558, 5.054705 ], [ -67.828613, 5.112223 ], [ -67.811676, 5.217501 ], [ -67.849731, 5.307779 ], [ -67.791946, 5.395277 ], [ -67.649445, 5.478334 ], [ -67.613068, 5.539167 ], [ -67.651947, 5.67639 ], [ -67.622223, 5.7875 ], [ -67.413345, 5.998888 ], [ -67.491989, 6.118654 ], [ -67.454453, 6.193056 ], [ -67.568344, 6.264723 ], [ -67.822784, 6.309446 ], [ -67.962509, 6.215834 ], [ -68.152237, 6.223333 ], [ -68.313614, 6.166945 ], [ -68.453903, 6.190557 ], [ -68.64418, 6.134165 ], [ -69.056396, 6.216112 ], [ -69.239731, 6.082777 ], [ -69.325012, 6.153612 ], [ -69.429459, 6.118612 ], [ -70.119171, 6.975836 ], [ -70.300842, 6.939169 ], [ -70.512787, 7.015554 ], [ -70.563614, 7.089445 ], [ -70.612793, 7.0725 ], [ -70.702515, 7.108057 ], [ -70.857513, 7.082499 ], [ -70.963058, 7.003332 ], [ -71.128067, 6.998888 ], [ -71.186676, 6.962778 ], [ -71.265564, 6.98778 ], [ -71.295563, 7.033335 ], [ -71.457779, 7.015833 ], [ -71.606949, 7.059725 ], [ -71.764175, 7.032221 ], [ -71.765564, 7.005556 ], [ -71.832779, 6.987223 ], [ -72.0, 7.018888 ], [ -72.066101, 7.062414 ], [ -72.135284, 7.177778 ], [ -72.164459, 7.259447 ], [ -72.150848, 7.339724 ], [ -72.183334, 7.382776 ], [ -72.39917, 7.406111 ], [ -72.47168, 7.491945 ], [ -72.443344, 7.828054 ], [ -72.4814, 7.947779 ], [ -72.324722, 8.082499 ], [ -72.385559, 8.253889 ], [ -72.384171, 8.363054 ], [ -72.432251, 8.390455 ] ] ] } },
{ "type": "Feature", "properties": { "id": "00-00-f0-24", "volumeName": "FIR BORDEAUX", "icaoID": "LFBB" }, "geometry": { "type": "Polygon", "coordinates": [ [ [ 2.705115, 43.697845 ], [ 3.04111, 44.624722 ], [ 3.002408, 45.723814 ], [ 2.833334, 46.750002 ], [ 2.000002, 47.166666 ], [ -0.25, 47.166666 ], [ -0.25, 46.500002 ], [ -1.633333, 46.500002 ], [ -1.785847, 43.355837 ], [ -1.730377, 43.298983 ], [ -1.627222, 43.301386 ], [ -1.619722, 43.256388 ], [ -1.544443, 43.291384 ], [ -1.391388, 43.262774 ], [ -1.381945, 43.196665 ], [ -1.4725, 43.091112 ], [ -1.445833, 43.051668 ], [ -1.346666, 43.034723 ], [ -1.341667, 43.097498 ], [ -1.275, 43.120829 ], [ -1.302221, 43.076662 ], [ -1.257221, 43.047777 ], [ -0.946388, 42.955828 ], [ -0.746666, 42.965555 ], [ -0.731943, 42.899164 ], [ -0.623333, 42.851664 ], [ -0.562222, 42.781389 ], [ -0.500555, 42.822222 ], [ -0.391945, 42.796389 ], [ -0.306389, 42.849161 ], [ -0.1875, 42.78583 ], [ -0.145, 42.801935 ], [ -0.107777, 42.725275 ], [ -0.005554, 42.684999 ], [ 0.178614, 42.735277 ], [ 0.261946, 42.717501 ], [ 0.304167, 42.67444 ], [ 0.370832, 42.724161 ], [ 0.432779, 42.686663 ], [ 0.675508, 42.688486 ], [ 0.651945, 42.784998 ], [ 0.66778, 42.839167 ], [ 0.719999, 42.859163 ], [ 0.936945, 42.790277 ], [ 1.091669, 42.784441 ], [ 1.173891, 42.709719 ], [ 1.359167, 42.715273 ], [ 1.445833, 42.601946 ], [ 1.423056, 42.53583 ], [ 1.471666, 42.514161 ], [ 1.424166, 42.493332 ], [ 1.454721, 42.441668 ], [ 1.541667, 42.437218 ], [ 1.723612, 42.509439 ], [ 1.940001, 42.451387 ], [ 2.017221, 42.353052 ], [ 2.093611, 42.364168 ], [ 2.137777, 42.417223 ], [ 2.269167, 42.43722 ], [ 2.439169, 42.390276 ], [ 2.484724, 42.34305 ], [ 2.671114, 42.338335 ], [ 2.657221, 42.384439 ], [ 2.699446, 42.40555 ], [ 2.733335, 42.591111 ], [ 2.266668, 43.000002 ], [ 2.566668, 43.250002 ], [ 2.706944, 43.2125 ], [ 2.705115, 43.697845 ] ] ] } },
{ "type": "Feature", "properties": { "id": "00-00-f0-26", "volumeName": "FIR BOSTON", "icaoID": "KZBW" }, "geometry": { "type": "Polygon", "coordinates": [ [ [ -69.224411, 47.459684 ], [ -69.997111, 46.695163 ], [ -70.056265, 46.41588 ], [ -70.191284, 46.349678 ], [ -70.292743, 46.191588 ], [ -70.236881, 46.145859 ], [ -70.25277, 46.100093 ], [ -70.301858, 46.082424 ], [ -70.279558, 46.052389 ], [ -70.317633, 46.019313 ], [ -70.283955, 45.995343 ], [ -70.315855, 45.962989 ], [ -70.239189, 45.943943 ], [ -70.259698, 45.890005 ], [ -70.416932, 45.795511 ], [ -70.400304, 45.719701 ], [ -70.558348, 45.666594 ], [ -70.687803, 45.569245 ], [ -70.716376, 45.486547 ], [ -70.621217, 45.40276 ], [ -70.658834, 45.377699 ], [ -70.797983, 45.426554 ], [ -70.825644, 45.400279 ], [ -70.802461, 45.366135 ], [ -70.838093, 45.234613 ], [ -70.895007, 45.240308 ], [ -70.917877, 45.31172 ], [ -71.010509, 45.34764 ], [ -71.008449, 45.319196 ], [ -71.097769, 45.301901 ], [ -71.147067, 45.239756 ], [ -71.231121, 45.249679 ], [ -71.29651, 45.299184 ], [ -71.384928, 45.233344 ], [ -71.443885, 45.23706 ], [ -71.397799, 45.203549 ], [ -71.428839, 45.123888 ], [ -71.496143, 45.069162 ], [ -71.502487, 45.013368 ], [ -74.150247, 44.991352 ], [ -74.828888, 45.018972 ], [ -74.990829, 44.98647 ], [ -75.31778, 44.837026 ], [ -75.736115, 44.546201 ], [ -75.864166, 44.402585 ], [ -76.05777, 44.344808 ], [ -76.145279, 44.291753 ], [ -76.191082, 44.220394 ], [ -76.291962, 44.196833 ], [ -76.441703, 44.099627 ], [ -76.796739, 43.631138 ], [ -76.763889, 43.066702 ], [ -76.666666, 42.883333 ], [ -76.483333, 42.941667 ], [ -76.088889, 42.9375 ], [ -76.013889, 42.8625 ], [ -75.969444, 42.695833 ], [ -76.052778, 42.311944 ], [ -75.058333, 41.869444 ], [ -74.958333, 41.741667 ], [ -74.345833, 41.483333 ], [ -74.084722, 41.319445 ], [ -73.866667, 41.245832 ], [ -73.859722, 40.858333 ], [ -73.377778, 40.858333 ], [ -73.291667, 40.801389 ], [ -73.636111, 40.331944 ], [ -73.254167, 40.409722 ], [ -72.5, 40.072222 ], [ -70.879444, 40.576667 ], [ -69.0, 41.0 ], [ -67.0, 41.616667 ], [ -67.0, 44.499922 ], [ -67.117014, 44.500067 ], [ -66.901022, 44.802134 ], [ -66.977985, 44.85755 ], [ -66.979475, 44.921373 ], [ -67.162777, 45.174944 ], [ -67.275009, 45.198877 ], [ -67.296589, 45.147562 ], [ -67.353441, 45.129483 ], [ -67.489339, 45.281321 ], [ -67.419059, 45.376778 ], [ -67.503776, 45.488531 ], [ -67.416459, 45.502142 ], [ -67.429716, 45.583774 ], [ -67.645833, 45.61356 ], [ -67.727377, 45.688723 ], [ -67.721091, 45.662025 ], [ -67.817717, 45.693512 ], [ -67.782248, 45.73177 ], [ -67.806602, 45.794726 ], [ -67.755078, 45.823685 ], [ -67.803934, 45.8829 ], [ -67.750639, 45.917718 ], [ -67.781096, 45.943025 ], [ -67.790526, 47.067925 ], [ -67.88131, 47.103908 ], [ -67.955234, 47.197821 ], [ -68.155152, 47.325414 ], [ -68.285447, 47.360142 ], [ -68.370396, 47.350956 ], [ -68.378668, 47.287562 ], [ -68.578551, 47.287545 ], [ -68.613103, 47.24573 ], [ -68.902425, 47.178834 ], [ -69.05014, 47.25641 ], [ -69.04336, 47.427332 ], [ -69.224411, 47.459684 ] ] ] } },
{ "type": "Feature", "properties": { "id": "00-00-f0-27", "volumeName": "FIR BRASILIA", "icaoID": "SBBS" }, "geometry": { "type": "Polygon", "coordinates": [ [ [ -47.814459, -9.905666 ], [ -48.005125, -9.723764 ], [ -48.163517, -9.651611 ], [ -48.367744, -9.621391 ], [ -48.652838, -9.685581 ], [ -48.875414, -9.853083 ], [ -48.992472, -10.043955 ], [ -49.041263, -10.222031 ], [ -49.901836, -10.494167 ], [ -51.0865, -10.515667 ], [ -53.050999, -12.183611 ], [ -53.501333, -12.959999 ], [ -53.626667, -14.5625 ], [ -53.100833, -16.709167 ], [ -53.913333, -17.3005 ], [ -51.552, -19.566333 ], [ -50.600277, -20.696943 ], [ -49.614395, -21.536705 ], [ -48.026833, -22.114667 ], [ -47.574333, -22.700667 ], [ -47.5735, -23.050833 ], [ -47.433832, -23.221832 ], [ -46.923307, -23.487541 ], [ -46.385464, -23.406427 ], [ -45.859999, -23.233166 ], [ -45.764139, -22.78611 ], [ -44.063999, -20.509167 ], [ -43.769444, -20.503056 ], [ -43.519333, -20.393166 ], [ -43.359444, -20.220278 ], [ -42.594444, -20.460833 ], [ -42.5, -19.710833 ], [ -42.4795, -19.462999 ], [ -42.499332, -19.08 ], [ -42.448166, -18.757999 ], [ -42.521111, -18.618055 ], [ -41.923332, -17.586666 ], [ -41.715, -17.013611 ], [ -42.678833, -16.409332 ], [ -42.825666, -16.3745 ], [ -44.095333, -15.627333 ], [ -44.577166, -14.784666 ], [ -45.020832, -14.199167 ], [ -45.608332, -13.321833 ], [ -46.890999, -12.021833 ], [ -47.687885, -10.290405 ], [ -47.701, -10.1605 ], [ -47.814459, -9.905666 ] ] ] } },
{ "type": "Feature", "properties": { "id": "00-00-f0-28", "volumeName": "FIR BRATISLAVA", "icaoID": "LZBB" }, "geometry": { "type": "Polygon", "coordinates": [ [ [ 19.535276, 49.535555 ], [ 19.533056, 49.566668 ], [ 19.452776, 49.611666 ], [ 19.370832, 49.536386 ], [ 19.244444, 49.509165 ], [ 19.201113, 49.408884 ], [ 19.031668, 49.391939 ], [ 18.973055, 49.400553 ], [ 18.979445, 49.500002 ], [ 18.951387, 49.513887 ], [ 18.814444, 49.518885 ], [ 18.744722, 49.483057 ], [ 18.562223, 49.493891 ], [ 18.469168, 49.407221 ], [ 18.405832, 49.396944 ], [ 18.420279, 49.371111 ], [ 18.379446, 49.330278 ], [ 18.208055, 49.284166 ], [ 18.121946, 49.082773 ], [ 18.065279, 49.03583 ], [ 17.928335, 49.016939 ], [ 17.890276, 48.926943 ], [ 17.806391, 48.926386 ], [ 17.712221, 48.856112 ], [ 17.538889, 48.815554 ], [ 17.476667, 48.852495 ], [ 17.390276, 48.822779 ], [ 17.24, 48.872774 ], [ 17.11389, 48.833055 ], [ 16.946184, 48.619066 ], [ 16.842222, 48.365274 ], [ 16.94972, 48.278055 ], [ 16.976694, 48.174929 ], [ 17.098333, 48.104723 ], [ 17.091112, 48.032495 ], [ 17.340555, 47.997499 ], [ 17.466391, 47.88833 ], [ 17.712221, 47.770555 ], [ 17.790163, 47.746058 ], [ 17.97611, 47.763613 ], [ 18.297224, 47.737223 ], [ 18.451666, 47.767778 ], [ 18.655279, 47.758608 ], [ 18.749731, 47.813158 ], [ 18.849722, 47.817774 ], [ 18.766943, 47.877779 ], [ 18.756388, 47.978052 ], [ 18.8491, 48.051065 ], [ 19.034212, 48.0748 ], [ 19.235003, 48.049723 ], [ 19.472219, 48.087221 ], [ 19.524168, 48.205828 ], [ 19.630556, 48.233889 ], [ 19.787779, 48.199167 ], [ 19.789167, 48.157495 ], [ 19.937777, 48.135279 ], [ 20.127779, 48.211664 ], [ 20.150278, 48.260279 ], [ 20.242498, 48.279444 ], [ 20.286665, 48.253885 ], [ 20.340834, 48.286112 ], [ 20.499445, 48.483061 ], [ 20.51, 48.537775 ], [ 20.818609, 48.576387 ], [ 21.120001, 48.491663 ], [ 21.225, 48.526384 ], [ 21.278017, 48.504999 ], [ 21.308714, 48.548052 ], [ 21.442778, 48.575274 ], [ 21.544168, 48.505274 ], [ 21.614168, 48.498331 ], [ 21.73139, 48.351107 ], [ 22.110834, 48.380274 ], [ 22.153051, 48.415545 ], [ 22.158888, 48.580278 ], [ 22.328886, 48.686937 ], [ 22.348055, 48.764162 ], [ 22.389166, 48.79722 ], [ 22.376944, 48.851938 ], [ 22.467497, 48.978601 ], [ 22.537222, 48.995546 ], [ 22.558054, 49.079439 ], [ 22.037779, 49.210833 ], [ 21.960279, 49.339167 ], [ 21.838057, 49.384439 ], [ 21.77611, 49.356112 ], [ 21.618891, 49.436388 ], [ 21.459444, 49.411112 ], [ 21.278891, 49.456667 ], [ 21.203333, 49.404718 ], [ 21.066946, 49.420557 ], [ 21.049444, 49.405275 ], [ 21.097502, 49.366388 ], [ 20.916388, 49.296106 ], [ 20.869444, 49.334719 ], [ 20.812498, 49.330828 ], [ 20.701387, 49.418055 ], [ 20.567221, 49.377779 ], [ 20.451155, 49.412867 ], [ 20.39887, 49.382219 ], [ 20.332518, 49.400515 ], [ 20.308332, 49.342501 ], [ 20.14361, 49.314997 ], [ 20.081388, 49.17528 ], [ 19.936388, 49.231112 ], [ 19.789446, 49.196939 ], [ 19.773611, 49.233057 ], [ 19.826944, 49.278055 ], [ 19.798056, 49.300554 ], [ 19.790277, 49.406664 ], [ 19.637777, 49.40333 ], [ 19.651945, 49.450556 ], [ 19.579168, 49.456942 ], [ 19.535276, 49.535555 ] ] ] } },
{ "type": "Feature", "properties": { "id": "00-00-f0-29", "volumeName": "FIR BRAZZAVILLE", "icaoID": "FCCC" }, "geometry": { "type": "Polygon", "coordinates": [ [ [ 11.082224, 6.697779 ], [ 11.019167, 6.778612 ], [ 10.943335, 6.778055 ], [ 10.882776, 6.82778 ], [ 10.845556, 6.959444 ], [ 10.620001, 7.05361 ], [ 10.596109, 7.134165 ], [ 10.513334, 6.878057 ], [ 10.23778, 6.878057 ], [ 10.195002, 6.917776 ], [ 10.164999, 7.021112 ], [ 9.874723, 6.775835 ], [ 9.795557, 6.801668 ], [ 9.71139, 6.522779 ], [ 9.612223, 6.521669 ], [ 9.576666, 6.446947 ], [ 9.468531, 6.404303 ], [ 9.434999, 6.32778 ], [ 9.363333, 6.325834 ], [ 9.295, 6.207777 ], [ 9.003332, 5.944723 ], [ 8.995279, 5.89361 ], [ 8.943888, 5.907221 ], [ 8.865278, 5.841944 ], [ 8.888613, 5.780832 ], [ 8.833612, 5.706945 ], [ 8.921667, 5.595278 ], [ 8.859999, 5.497499 ], [ 8.82472, 5.188612 ], [ 8.621946, 4.894724 ], [ 8.638334, 4.831667 ], [ 8.573553, 4.803873 ], [ 8.550776, 4.693594 ], [ 6.583334, 3.000002 ], [ 6.583334, -4.166666 ], [ 8.833334, -5.5 ], [ 12.023347, -5.083419 ], [ 12.025429, -5.015701 ], [ 12.165684, -4.896538 ], [ 12.205685, -4.759592 ], [ 12.252075, -4.80237 ], [ 12.334576, -4.788204 ], [ 12.394573, -4.613203 ], [ 12.649296, -4.560148 ], [ 12.779047, -4.38899 ], [ 12.895834, -4.415277 ], [ 12.909166, -4.469999 ], [ 13.057222, -4.620001 ], [ 13.091391, -4.633055 ], [ 13.096666, -4.575277 ], [ 13.138613, -4.582222 ], [ 13.194723, -4.683611 ], [ 13.375555, -4.786667 ], [ 13.410276, -4.883055 ], [ 13.515001, -4.797501 ], [ 13.501665, -4.768333 ], [ 13.537779, -4.751112 ], [ 13.60639, -4.781111 ], [ 13.635557, -4.727777 ], [ 13.69861, -4.728333 ], [ 13.695555, -4.695833 ], [ 13.730276, -4.693056 ], [ 13.729445, -4.445833 ], [ 13.819166, -4.421667 ], [ 13.885, -4.486944 ], [ 13.964998, -4.495001 ], [ 14.069445, -4.392221 ], [ 14.181391, -4.388334 ], [ 14.415277, -4.274166 ], [ 14.399168, -4.341389 ], [ 14.487501, -4.426945 ], [ 14.439165, -4.508888 ], [ 14.364721, -4.557777 ], [ 14.428335, -4.676666 ], [ 14.41889, -4.887222 ], [ 14.489443, -4.84 ], [ 14.66139, -4.909445 ], [ 14.829721, -4.823889 ], [ 14.92, -4.656944 ], [ 15.094168, -4.500278 ], [ 15.209723, -4.339445 ], [ 15.328054, -4.277222 ], [ 15.411112, -4.298056 ], [ 15.456667, -4.267778 ], [ 15.48361, -4.145 ], [ 15.542223, -4.05139 ], [ 15.902498, -3.931944 ], [ 16.226946, -3.328333 ], [ 16.191946, -3.261944 ], [ 16.182222, -2.911667 ], [ 16.237223, -2.642221 ], [ 16.187223, -2.385277 ], [ 16.195833, -2.175833 ], [ 16.52844, -1.862467 ], [ 16.74, -1.428055 ], [ 16.875277, -1.24 ], [ 17.121946, -1.068333 ], [ 17.326944, -1.00111 ], [ 17.544722, -0.785833 ], [ 17.714998, -0.537222 ], [ 17.745832, -0.376389 ], [ 17.717779, -0.133888 ], [ 17.80361, 0.148611 ], [ 17.961111, 0.399725 ], [ 17.965834, 0.477777 ], [ 17.894999, 0.6 ], [ 17.907743, 0.802778 ], [ 17.87361, 0.995832 ], [ 18.07139, 1.534723 ], [ 18.091944, 2.224169 ], [ 18.222776, 2.41361 ], [ 18.233057, 2.519167 ], [ 18.342779, 2.61278 ], [ 18.54085, 3.076288 ], [ 18.611666, 3.131945 ], [ 18.64139, 3.204447 ], [ 18.590555, 3.719168 ], [ 18.647779, 4.021387 ], [ 18.630278, 4.134722 ], [ 18.535833, 4.32139 ], [ 18.582224, 4.370554 ], [ 18.631109, 4.352499 ], [ 18.750002, 4.388891 ], [ 18.833887, 4.569723 ], [ 19.001665, 4.746946 ], [ 19.071943, 4.900557 ], [ 19.190554, 4.945833 ], [ 19.411943, 5.129999 ], [ 19.554167, 5.151667 ], [ 19.834444, 5.090834 ], [ 19.896944, 4.997499 ], [ 20.004446, 4.97611 ], [ 20.234167, 4.806391 ], [ 20.342501, 4.765554 ], [ 20.456667, 4.624723 ], [ 20.452787, 4.522379 ], [ 20.585554, 4.410002 ], [ 20.781668, 4.418333 ], [ 20.83861, 4.449167 ], [ 20.964724, 4.434168 ], [ 21.0725, 4.393888 ], [ 21.208612, 4.288889 ], [ 21.282778, 4.334169 ], [ 21.355276, 4.280001 ], [ 21.539167, 4.245279 ], [ 21.651667, 4.299166 ], [ 21.742777, 4.295 ], [ 21.870279, 4.236944 ], [ 21.992224, 4.246389 ], [ 22.333612, 4.126669 ], [ 22.455278, 4.144999 ], [ 22.53861, 4.218889 ], [ 22.541113, 4.281111 ], [ 22.613054, 4.369165 ], [ 22.591944, 4.466665 ], [ 22.690279, 4.483614 ], [ 22.775835, 4.706667 ], [ 22.855833, 4.706945 ], [ 22.890833, 4.819166 ], [ 22.975, 4.831388 ], [ 23.01861, 4.746389 ], [ 23.084444, 4.710001 ], [ 23.173056, 4.731112 ], [ 23.272223, 4.624723 ], [ 23.42639, 4.591944 ], [ 23.441668, 4.653612 ], [ 23.584444, 4.734446 ], [ 23.830278, 4.820833 ], [ 23.942221, 4.809999 ], [ 23.954168, 4.873335 ], [ 23.981943, 4.855276 ], [ 24.105555, 4.92 ], [ 24.151945, 4.9 ], [ 24.227499, 4.960279 ], [ 24.256109, 4.929445 ], [ 24.286112, 4.995001 ], [ 24.400557, 5.030001 ], [ 24.355001, 5.054724 ], [ 24.394167, 5.115557 ], [ 24.420832, 5.067778 ], [ 24.465277, 5.104445 ], [ 24.601667, 5.025557 ], [ 24.61611, 4.980555 ], [ 24.666388, 4.956388 ], [ 24.660002, 4.917223 ], [ 24.782499, 4.913057 ], [ 24.964998, 4.98778 ], [ 25.070276, 4.945833 ], [ 25.133612, 5.017778 ], [ 25.175833, 4.995279 ], [ 25.289999, 5.025 ], [ 25.343611, 5.111666 ], [ 25.310556, 5.191111 ], [ 25.375555, 5.294722 ], [ 25.361944, 5.314722 ], [ 25.538332, 5.350557 ], [ 25.542223, 5.381388 ], [ 25.749166, 5.241945 ], [ 25.790834, 5.263891 ], [ 25.825834, 5.195555 ], [ 25.875834, 5.217501 ], [ 25.9, 5.166945 ], [ 25.973333, 5.231668 ], [ 26.056944, 5.192499 ], [ 26.132776, 5.257223 ], [ 26.292223, 5.14139 ], [ 26.386389, 5.145556 ], [ 26.48889, 5.046389 ], [ 26.731668, 5.092779 ], [ 26.867777, 5.029165 ], [ 26.937777, 5.141111 ], [ 27.084166, 5.204168 ], [ 27.39361, 5.089167 ], [ 27.458055, 5.019167 ], [ 27.458055, 5.083612 ], [ 27.300001, 5.22611 ], [ 27.254721, 5.331388 ], [ 27.235834, 5.42861 ], [ 27.281668, 5.578611 ], [ 27.233889, 5.588335 ], [ 27.240835, 5.647779 ], [ 27.198057, 5.713614 ], [ 27.101389, 5.795832 ], [ 27.049166, 5.789999 ], [ 27.001112, 5.862501 ], [ 26.94972, 5.846945 ], [ 26.910276, 5.899446 ], [ 26.829443, 5.905001 ], [ 26.808611, 5.980001 ], [ 26.565279, 6.028334 ], [ 26.514166, 6.109724 ], [ 26.437498, 6.07778 ], [ 26.523611, 6.173613 ], [ 26.523611, 6.221109 ], [ 26.47611, 6.224722 ], [ 26.459444, 6.294443 ], [ 26.395277, 6.307779 ], [ 26.307779, 6.383055 ], [ 26.313612, 6.457777 ], [ 26.289167, 6.468889 ], [ 26.405001, 6.646387 ], [ 26.266111, 6.708334 ], [ 26.174723, 6.813334 ], [ 26.100832, 6.841112 ], [ 26.048334, 6.998335 ], [ 25.819723, 7.108332 ], [ 25.81389, 7.147223 ], [ 25.602499, 7.2125 ], [ 25.531389, 7.277777 ], [ 25.464998, 7.280001 ], [ 25.374166, 7.339445 ], [ 25.33111, 7.42528 ], [ 25.206945, 7.497499 ], [ 25.181391, 7.5725 ], [ 25.29611, 7.65 ], [ 25.253332, 7.850557 ], [ 25.18611, 7.901945 ], [ 25.089167, 7.892221 ], [ 24.973333, 7.992777 ], [ 12.209444, 8.003332 ], [ 12.221109, 7.970835 ], [ 12.033056, 7.715002 ], [ 12.043612, 7.57778 ], [ 11.749723, 7.270556 ], [ 11.894167, 7.123056 ], [ 11.889723, 7.082777 ], [ 11.823057, 7.074167 ], [ 11.5875, 6.892221 ], [ 11.554724, 6.821112 ], [ 11.589167, 6.780001 ], [ 11.580832, 6.718611 ], [ 11.518332, 6.6075 ], [ 11.445002, 6.596945 ], [ 11.419393, 6.52978 ], [ 11.355741, 6.525095 ], [ 11.358026, 6.502391 ], [ 11.21435, 6.537956 ], [ 11.168389, 6.499847 ], [ 11.095261, 6.524539 ], [ 11.082224, 6.697779 ] ] ] } },
{ "type": "Feature", "properties": { "id": "00-00-f0-2a", "volumeName": "FIR BREMEN", "icaoID": "EDWW" }, "geometry": { "type": "Polygon", "coordinates": [ [ [ 8.699446, 54.892778 ], [ 8.556505, 54.92544 ], [ 8.555738, 54.991407 ], [ 8.403475, 55.070799 ], [ 8.000002, 55.000002 ], [ 6.500002, 55.000002 ], [ 6.5, 53.666667 ], [ 6.672222, 53.522778 ], [ 6.863611, 53.474444 ], [ 7.025, 53.316667 ], [ 7.191667, 53.3 ], [ 7.217222, 53.217775 ], [ 7.185556, 53.130556 ], [ 7.215834, 53.00889 ], [ 7.069723, 52.814997 ], [ 7.048056, 52.638887 ], [ 6.768057, 52.652224 ], [ 6.718924, 52.626787 ], [ 6.720278, 52.587496 ], [ 6.759447, 52.564722 ], [ 6.68889, 52.549166 ], [ 6.705557, 52.485834 ], [ 6.764444, 52.459162 ], [ 6.946112, 52.434443 ], [ 6.990835, 52.459719 ], [ 7.065557, 52.385828 ], [ 7.028055, 52.280275 ], [ 7.051001, 52.235227 ], [ 8.0, 52.280001 ], [ 8.0, 52.113335 ], [ 9.0, 52.130001 ], [ 9.0, 51.663335 ], [ 8.766667, 51.333333 ], [ 10.3875, 51.333889 ], [ 10.700005, 51.566669 ], [ 11.208333, 51.841111 ], [ 12.000002, 51.906668 ], [ 12.20167, 51.87639 ], [ 12.64028, 51.625002 ], [ 13.1, 51.508333 ], [ 13.750002, 51.508333 ], [ 14.708574, 51.697453 ], [ 14.600557, 51.831385 ], [ 14.692499, 51.89889 ], [ 14.760767, 52.069864 ], [ 14.687223, 52.114168 ], [ 14.710554, 52.243891 ], [ 14.581667, 52.286112 ], [ 14.534445, 52.394724 ], [ 14.636389, 52.490557 ], [ 14.609167, 52.526667 ], [ 14.640276, 52.572496 ], [ 14.34889, 52.751665 ], [ 14.126112, 52.845278 ], [ 14.165606, 52.87781 ], [ 14.149443, 52.962778 ], [ 14.352499, 53.052774 ], [ 14.382692, 53.19581 ], [ 14.449568, 53.258562 ], [ 14.377779, 53.451662 ], [ 14.308054, 53.546106 ], [ 14.318335, 53.617777 ], [ 14.218889, 53.86902 ], [ 14.242222, 53.987777 ], [ 14.201391, 54.126111 ], [ 14.254722, 54.127223 ], [ 14.3575, 54.916667 ], [ 12.85, 54.916666 ], [ 12.000002, 54.450003 ], [ 11.666666, 54.460558 ], [ 11.000002, 54.641115 ], [ 10.500002, 54.655001 ], [ 10.050001, 54.766668 ], [ 9.896582, 54.842596 ], [ 9.726675, 54.826487 ], [ 9.608927, 54.856401 ], [ 9.613146, 54.882483 ], [ 9.44536, 54.825403 ], [ 9.253611, 54.808886 ], [ 9.224165, 54.853609 ], [ 8.941111, 54.90555 ], [ 8.699446, 54.892778 ] ] ] } },
{ "type": "Feature", "properties": { "id": "00-00-f0-2b", "volumeName": "FIR BREST", "icaoID": "LFRR" }, "geometry": { "type": "Polygon", "coordinates": [ [ [ -0.25, 47.166666 ], [ -0.25, 50.000002 ], [ -2.0, 50.000002 ], [ -5.038033, 49.455138 ], [ -8.0, 48.833334 ], [ -8.0, 45.000002 ], [ -4.0, 44.333334 ], [ -1.783333, 43.583334 ], [ -1.633333, 46.500002 ], [ -0.25, 46.500002 ], [ -0.25, 47.166666 ] ] ] } },
{ "type": "Feature", "properties": { "id": "00-00-f0-2c", "volumeName": "FIR BRINDISI", "icaoID": "LIBB" }, "geometry": { "type": "Polygon", "coordinates": [ [ [ 16.270488, 42.316827 ], [ 16.178281, 42.348313 ], [ 16.159037, 42.438475 ], [ 14.500002, 43.496668 ], [ 13.333334, 43.512175 ], [ 13.083334, 42.913336 ], [ 14.383333, 41.446669 ], [ 15.116667, 41.196669 ], [ 16.250002, 39.230001 ], [ 16.516668, 38.980001 ], [ 17.16667, 38.879999 ], [ 19.000002, 38.879999 ], [ 19.000002, 40.750002 ], [ 18.866667, 41.129999 ], [ 16.353889, 42.347222 ], [ 16.270488, 42.316827 ] ] ] } },
{ "type": "Feature", "properties": { "id": "00-00-f0-2d", "volumeName": "FIR BRISBANE", "icaoID": "YBBB" }, "geometry": { "type": "Polygon", "coordinates": [ [ [ 142.050001, -9.266666 ], [ 141.000002, -9.616665 ], [ 141.000002, -9.833332 ], [ 139.666666, -9.833332 ], [ 135.000023, -7.000013 ], [ 126.833334, -9.333332 ], [ 123.333334, -12.0 ], [ 114.500002, -12.0 ], [ 115.142222, -14.136944 ], [ 120.25, -19.0 ], [ 121.672778, -20.055 ], [ 124.551111, -21.521944 ], [ 126.058889, -23.396944 ], [ 128.466665, -23.216665 ], [ 131.84, -21.2025 ], [ 136.15, -21.466665 ], [ 136.633333, -22.299999 ], [ 138.383333, -26.233332 ], [ 143.500002, -29.0 ], [ 146.533335, -29.0 ], [ 148.833334, -32.1 ], [ 150.530417, -33.426902 ], [ 150.849173, -33.247354 ], [ 151.121763, -33.198232 ], [ 151.30751, -33.203862 ], [ 151.575221, -33.269361 ], [ 151.725659, -33.336884 ], [ 151.869078, -33.460514 ], [ 151.974687, -33.590044 ], [ 152.063586, -33.775564 ], [ 152.06725, -34.034714 ], [ 152.031194, -34.195197 ], [ 151.826048, -34.471634 ], [ 152.933252, -35.316603 ], [ 152.692007, -35.844946 ], [ 152.523851, -36.08255 ], [ 152.105639, -36.485918 ], [ 151.600603, -36.773226 ], [ 151.040171, -36.926596 ], [ 150.750002, -36.949726 ], [ 150.316668, -38.183332 ], [ 151.000002, -43.0 ], [ 150.666666, -43.85 ], [ 150.000002, -44.566666 ], [ 150.000002, -45.0 ], [ 163.000002, -45.0 ], [ 163.0, -17.666667 ], [ 161.250002, -14.0 ], [ 155.000002, -14.0 ], [ 155.000002, -12.0 ], [ 144.000002, -12.0 ], [ 144.066668, -11.716665 ], [ 144.033335, -11.5 ], [ 144.050727, -10.960836 ], [ 143.926667, -10.225 ], [ 144.083334, -9.949999 ], [ 144.233335, -9.4 ], [ 143.866667, -9.133333 ], [ 142.558333, -9.376667 ], [ 142.495, -9.368333 ], [ 142.235, -9.193333 ], [ 142.143333, -9.198333 ], [ 142.050001, -9.266666 ] ] ] } },
{ "type": "Feature", "properties": { "id": "00-00-f0-2f", "volumeName": "FIR BRUSSELS", "icaoID": "EBBU" }, "geometry": { "type": "Polygon", "coordinates": [ [ [ 4.831667, 51.437494 ], [ 4.845556, 51.481112 ], [ 4.788336, 51.503054 ], [ 4.650557, 51.423334 ], [ 4.541945, 51.426668 ], [ 4.549444, 51.482775 ], [ 4.486666, 51.480829 ], [ 4.393888, 51.450274 ], [ 4.428057, 51.36194 ], [ 4.252367, 51.375147 ], [ 4.16139, 51.294168 ], [ 3.897501, 51.205278 ], [ 3.608057, 51.304163 ], [ 3.524725, 51.288332 ], [ 3.520834, 51.248056 ], [ 3.439169, 51.24444 ], [ 3.380835, 51.273607 ], [ 3.370867, 51.373857 ], [ 2.000002, 51.5 ], [ 2.000002, 51.116667 ], [ 2.541666, 51.091112 ], [ 2.630835, 50.954721 ], [ 2.593611, 50.918886 ], [ 2.603334, 50.852777 ], [ 2.635, 50.819162 ], [ 2.719446, 50.81389 ], [ 2.800001, 50.727495 ], [ 2.903913, 50.69665 ], [ 2.954721, 50.757219 ], [ 3.149725, 50.789995 ], [ 3.25028, 50.704721 ], [ 3.280001, 50.538332 ], [ 3.367224, 50.495554 ], [ 3.481112, 50.532495 ], [ 3.5175, 50.522501 ], [ 3.51111, 50.490831 ], [ 3.620157, 50.490046 ], [ 3.670557, 50.440828 ], [ 3.663057, 50.366388 ], [ 3.706388, 50.306108 ], [ 3.768888, 50.353334 ], [ 3.906946, 50.329721 ], [ 4.033178, 50.356432 ], [ 4.149725, 50.257776 ], [ 4.168612, 50.285555 ], [ 4.2125, 50.267778 ], [ 4.137777, 50.137774 ], [ 4.201391, 50.132219 ], [ 4.229723, 50.070551 ], [ 4.153055, 50.034166 ], [ 4.149237, 49.978373 ], [ 4.510557, 49.947496 ], [ 4.673613, 49.996386 ], [ 4.696947, 50.09083 ], [ 4.832506, 50.168612 ], [ 4.894724, 50.140276 ], [ 4.800833, 49.977777 ], [ 4.881109, 49.914721 ], [ 4.85111, 49.863886 ], [ 4.860003, 49.793329 ], [ 4.996668, 49.8025 ], [ 5.105276, 49.764444 ], [ 5.174723, 49.696939 ], [ 5.276114, 49.69861 ], [ 5.329721, 49.659998 ], [ 5.315001, 49.618608 ], [ 5.357222, 49.63389 ], [ 5.43778, 49.6 ], [ 5.473055, 49.506105 ], [ 5.7675, 49.557222 ], [ 5.858614, 49.49972 ], [ 5.963335, 49.488329 ], [ 5.977777, 49.44861 ], [ 6.090555, 49.453051 ], [ 6.156111, 49.503885 ], [ 6.229723, 49.508333 ], [ 6.362173, 49.459391 ], [ 6.358889, 49.57361 ], [ 6.432222, 49.64139 ], [ 6.420832, 49.665834 ], [ 6.509447, 49.708055 ], [ 6.524446, 49.808611 ], [ 6.321947, 49.839998 ], [ 6.234167, 49.897501 ], [ 6.214724, 49.948885 ], [ 6.173056, 49.952219 ], [ 6.11278, 50.058886 ], [ 6.138056, 50.170275 ], [ 6.187502, 50.182779 ], [ 6.173334, 50.2325 ], [ 6.286947, 50.272501 ], [ 6.309725, 50.317217 ], [ 6.400278, 50.329165 ], [ 6.345278, 50.379717 ], [ 6.374445, 50.433611 ], [ 6.341665, 50.460001 ], [ 6.353888, 50.488329 ], [ 6.224169, 50.493608 ], [ 6.173613, 50.548334 ], [ 6.270834, 50.621386 ], [ 6.171389, 50.623888 ], [ 6.110834, 50.721384 ], [ 6.031668, 50.714441 ], [ 6.011797, 50.757273 ], [ 5.814169, 50.757219 ], [ 5.774725, 50.781664 ], [ 5.691912, 50.760561 ], [ 5.701944, 50.805834 ], [ 5.638891, 50.858889 ], [ 5.759165, 50.949167 ], [ 5.72278, 50.965273 ], [ 5.764166, 50.99 ], [ 5.802778, 51.093332 ], [ 5.841944, 51.102495 ], [ 5.815832, 51.118052 ], [ 5.855112, 51.14834 ], [ 5.834444, 51.165834 ], [ 5.563055, 51.222223 ], [ 5.557779, 51.263887 ], [ 5.510836, 51.294443 ], [ 5.227777, 51.265001 ], [ 5.237501, 51.308329 ], [ 5.140001, 51.320833 ], [ 5.077223, 51.395273 ], [ 5.104445, 51.434999 ], [ 5.041388, 51.486666 ], [ 4.936113, 51.399439 ], [ 4.779444, 51.417498 ], [ 4.831667, 51.437494 ] ] ] } },
{ "type": "Feature", "properties": { "id": "00-00-f0-30", "volumeName": "FIR BUCURESTI", "icaoID": "LRBB" }, "geometry": { "type": "Polygon", "coordinates": [ [ [ 26.70944, 48.250002 ], [ 26.314909, 48.186167 ], [ 26.272223, 48.076105 ], [ 26.15, 47.982203 ], [ 25.326105, 47.91527 ], [ 25.230272, 47.881372 ], [ 25.109999, 47.754992 ], [ 24.919443, 47.711664 ], [ 24.816389, 47.813051 ], [ 24.693888, 47.849161 ], [ 24.668055, 47.902224 ], [ 24.556391, 47.953051 ], [ 24.427778, 47.959162 ], [ 24.244165, 47.903612 ], [ 23.969721, 47.96139 ], [ 23.860556, 47.929163 ], [ 23.764723, 47.983889 ], [ 23.383612, 47.998606 ], [ 23.265001, 48.088327 ], [ 23.156942, 48.107218 ], [ 23.084444, 48.01111 ], [ 23.028891, 47.989443 ], [ 22.934164, 48.00889 ], [ 22.937223, 47.964998 ], [ 22.770834, 47.879442 ], [ 22.774443, 47.83639 ], [ 22.653612, 47.776384 ], [ 22.454443, 47.796389 ], [ 22.421389, 47.743891 ], [ 22.276945, 47.728609 ], [ 22.177221, 47.591112 ], [ 22.02389, 47.522501 ], [ 22.009722, 47.380831 ], [ 21.922499, 47.354441 ], [ 21.790834, 47.120279 ], [ 21.65111, 47.029718 ], [ 21.695833, 47.000834 ], [ 21.671667, 46.951387 ], [ 21.599722, 46.918055 ], [ 21.605276, 46.857218 ], [ 21.519724, 46.815279 ], [ 21.488054, 46.752779 ], [ 21.521944, 46.712778 ], [ 21.441946, 46.68194 ], [ 21.405001, 46.621111 ], [ 21.326666, 46.619997 ], [ 21.260557, 46.495279 ], [ 21.292223, 46.420275 ], [ 21.197222, 46.39139 ], [ 21.176668, 46.295557 ], [ 21.059446, 46.239168 ], [ 20.820276, 46.274721 ], [ 20.753332, 46.238886 ], [ 20.763056, 46.199167 ], [ 20.720556, 46.191668 ], [ 20.720556, 46.165552 ], [ 20.624723, 46.130274 ], [ 20.486952, 46.181108 ], [ 20.478056, 46.149721 ], [ 20.340277, 46.159441 ], [ 20.261026, 46.114855 ], [ 20.378054, 45.978052 ], [ 20.591665, 45.894167 ], [ 20.713335, 45.743891 ], [ 20.80139, 45.764162 ], [ 20.798887, 45.656664 ], [ 20.766668, 45.609995 ], [ 20.82361, 45.532495 ], [ 20.783056, 45.48472 ], [ 21.048887, 45.316385 ], [ 21.163057, 45.309717 ], [ 21.2675, 45.232775 ], [ 21.416666, 45.214724 ], [ 21.513617, 45.151102 ], [ 21.512777, 45.123331 ], [ 21.460279, 45.102777 ], [ 21.447222, 45.034998 ], [ 21.366945, 45.008333 ], [ 21.540834, 44.938608 ], [ 21.558611, 44.896112 ], [ 21.36611, 44.864443 ], [ 21.4004, 44.780825 ], [ 21.588335, 44.76333 ], [ 21.649443, 44.657778 ], [ 21.993891, 44.635553 ], [ 22.039446, 44.551668 ], [ 22.128611, 44.481386 ], [ 22.176943, 44.481943 ], [ 22.313612, 44.664164 ], [ 22.436388, 44.714441 ], [ 22.604723, 44.622217 ], [ 22.717222, 44.602495 ], [ 22.754446, 44.539721 ], [ 22.699587, 44.522524 ], [ 22.590277, 44.549166 ], [ 22.54611, 44.487497 ], [ 22.457335, 44.4667 ], [ 22.567221, 44.308329 ], [ 22.687498, 44.277773 ], [ 22.686388, 44.218889 ], [ 23.044168, 44.076113 ], [ 23.003408, 44.017801 ], [ 22.884722, 43.988054 ], [ 22.843245, 43.905062 ], [ 22.863333, 43.84833 ], [ 22.966944, 43.816942 ], [ 23.129446, 43.80694 ], [ 23.418226, 43.856173 ], [ 23.612501, 43.796106 ], [ 23.744394, 43.805101 ], [ 24.179998, 43.684717 ], [ 24.352499, 43.695551 ], [ 24.506388, 43.762217 ], [ 24.705557, 43.715273 ], [ 24.985277, 43.727495 ], [ 25.416113, 43.62472 ], [ 25.772497, 43.705545 ], [ 26.144163, 43.986383 ], [ 27.029985, 44.148149 ], [ 27.272715, 44.132151 ], [ 27.290552, 44.088053 ], [ 27.4, 44.021936 ], [ 27.656111, 44.042498 ], [ 27.736383, 43.959719 ], [ 27.927774, 44.002771 ], [ 28.001944, 43.853601 ], [ 28.257772, 43.764437 ], [ 28.583246, 43.747766 ], [ 29.000002, 43.666666 ], [ 29.033335, 43.733335 ], [ 30.533329, 43.683333 ], [ 30.4, 44.25 ], [ 29.966665, 45.15 ], [ 29.660002, 45.213877 ], [ 29.670832, 45.287493 ], [ 29.636946, 45.350267 ], [ 29.417219, 45.435823 ], [ 29.217218, 45.424723 ], [ 28.968054, 45.321108 ], [ 28.940554, 45.277224 ], [ 28.792219, 45.32416 ], [ 28.793886, 45.287767 ], [ 28.756388, 45.269442 ], [ 28.785276, 45.229998 ], [ 28.563334, 45.244715 ], [ 28.343328, 45.315538 ], [ 28.279161, 45.430819 ], [ 28.176943, 45.469439 ], [ 28.14694, 45.556376 ], [ 28.065001, 45.58526 ], [ 28.158606, 45.624987 ], [ 28.166662, 45.666101 ], [ 28.153605, 45.767214 ], [ 28.108606, 45.820269 ], [ 28.129721, 45.867495 ], [ 28.08444, 46.01166 ], [ 28.142221, 46.184153 ], [ 28.109999, 46.231936 ], [ 28.182775, 46.282206 ], [ 28.18305, 46.34083 ], [ 28.252501, 46.435823 ], [ 28.209436, 46.498323 ], [ 28.247213, 46.604441 ], [ 28.233885, 46.666658 ], [ 28.11611, 46.833879 ], [ 28.081942, 46.980539 ], [ 27.799997, 47.139437 ], [ 27.725271, 47.282495 ], [ 27.641382, 47.302485 ], [ 27.572222, 47.371096 ], [ 27.579439, 47.454714 ], [ 27.475824, 47.483599 ], [ 27.431108, 47.572496 ], [ 27.29944, 47.658602 ], [ 27.265272, 47.705828 ], [ 27.293055, 47.740274 ], [ 27.220552, 47.813044 ], [ 27.24972, 47.823603 ], [ 27.21166, 47.841928 ], [ 27.211103, 47.895266 ], [ 27.155554, 47.914431 ], [ 27.167498, 47.982203 ], [ 27.089167, 48.00889 ], [ 27.108889, 48.028605 ], [ 27.032778, 48.082773 ], [ 27.041945, 48.122492 ], [ 26.968607, 48.137217 ], [ 27.000555, 48.15555 ], [ 26.82583, 48.244158 ], [ 26.70944, 48.250002 ] ] ] } },
{ "type": "Feature", "properties": { "id": "00-00-f0-31", "volumeName": "FIR BUDAPEST", "icaoID": "LHCC" }, "geometry": { "type": "Polygon", "coordinates": [ [ [ 20.839167, 48.571665 ], [ 20.51, 48.537775 ], [ 20.499445, 48.483061 ], [ 20.317221, 48.269724 ], [ 20.150278, 48.260279 ], [ 20.127779, 48.211664 ], [ 19.918612, 48.129999 ], [ 19.861113, 48.163057 ], [ 19.789167, 48.157495 ], [ 19.783609, 48.201113 ], [ 19.630556, 48.233889 ], [ 19.524168, 48.205828 ], [ 19.472219, 48.087221 ], [ 19.235003, 48.049723 ], [ 19.034212, 48.0748 ], [ 18.8491, 48.051065 ], [ 18.756388, 47.978052 ], [ 18.766943, 47.877779 ], [ 18.849722, 47.817774 ], [ 18.749731, 47.813158 ], [ 18.670832, 47.760828 ], [ 17.78441, 47.746805 ], [ 17.571726, 47.824625 ], [ 17.340555, 47.997499 ], [ 17.180834, 48.021112 ], [ 17.103613, 47.977221 ], [ 17.090555, 47.887774 ], [ 17.015833, 47.868052 ], [ 17.07361, 47.819445 ], [ 17.054998, 47.799723 ], [ 17.092779, 47.712778 ], [ 16.888056, 47.68944 ], [ 16.868334, 47.719995 ], [ 16.829443, 47.684999 ], [ 16.761946, 47.685274 ], [ 16.635557, 47.760279 ], [ 16.555834, 47.756105 ], [ 16.543612, 47.720835 ], [ 16.450556, 47.698053 ], [ 16.425833, 47.668329 ], [ 16.645277, 47.631945 ], [ 16.713888, 47.543886 ], [ 16.655279, 47.506662 ], [ 16.664999, 47.467501 ], [ 16.622778, 47.435831 ], [ 16.50139, 47.399164 ], [ 16.451944, 47.415277 ], [ 16.442221, 47.352221 ], [ 16.491667, 47.280001 ], [ 16.420557, 47.209162 ], [ 16.458887, 47.188051 ], [ 16.452501, 47.14889 ], [ 16.527777, 47.134439 ], [ 16.468054, 47.095278 ], [ 16.515001, 47.057222 ], [ 16.442499, 47.031107 ], [ 16.510557, 47.006662 ], [ 16.295832, 47.018328 ], [ 16.252542, 46.954798 ], [ 16.111807, 46.869722 ], [ 16.346109, 46.846941 ], [ 16.324167, 46.757219 ], [ 16.426111, 46.691668 ], [ 16.38722, 46.642221 ], [ 16.513613, 46.560274 ], [ 16.529444, 46.510279 ], [ 16.664721, 46.46361 ], [ 16.755556, 46.381388 ], [ 16.838057, 46.380274 ], [ 16.939165, 46.246111 ], [ 17.157499, 46.177774 ], [ 17.177778, 46.114168 ], [ 17.230555, 46.100832 ], [ 17.19861, 46.081942 ], [ 17.300833, 46.032778 ], [ 17.255556, 46.020555 ], [ 17.304724, 46.012774 ], [ 17.311388, 45.975275 ], [ 17.365, 45.997774 ], [ 17.388056, 45.967775 ], [ 17.343332, 45.96139 ], [ 17.389444, 45.938051 ], [ 17.576666, 45.940554 ], [ 17.660002, 45.838335 ], [ 17.82889, 45.810831 ], [ 17.863333, 45.768053 ], [ 18.000002, 45.791666 ], [ 18.443335, 45.752779 ], [ 18.491388, 45.798883 ], [ 18.571112, 45.80694 ], [ 18.667501, 45.918329 ], [ 18.803057, 45.886667 ], [ 18.823057, 45.920557 ], [ 19.006109, 45.928888 ], [ 19.006666, 45.963884 ], [ 19.062223, 45.962221 ], [ 19.1075, 46.025835 ], [ 19.155279, 45.987223 ], [ 19.28639, 45.989443 ], [ 19.302778, 46.026384 ], [ 19.460554, 46.074167 ], [ 19.570555, 46.173609 ], [ 19.703722, 46.176394 ], [ 19.80139, 46.128328 ], [ 19.961111, 46.170832 ], [ 20.048056, 46.143885 ], [ 20.112223, 46.167498 ], [ 20.261026, 46.114855 ], [ 20.340277, 46.159441 ], [ 20.478056, 46.149721 ], [ 20.486952, 46.181108 ], [ 20.624723, 46.130274 ], [ 20.720556, 46.165552 ], [ 20.720556, 46.191668 ], [ 20.763056, 46.199167 ], [ 20.753332, 46.238886 ], [ 20.829721, 46.277224 ], [ 21.059446, 46.239168 ], [ 21.176668, 46.295557 ], [ 21.208334, 46.402224 ], [ 21.292223, 46.420275 ], [ 21.260557, 46.495279 ], [ 21.326666, 46.619997 ], [ 21.405001, 46.621111 ], [ 21.441946, 46.68194 ], [ 21.526945, 46.718607 ], [ 21.488054, 46.752779 ], [ 21.519724, 46.815279 ], [ 21.605276, 46.857218 ], [ 21.599722, 46.918055 ], [ 21.671667, 46.951387 ], [ 21.695833, 47.000834 ], [ 21.65111, 47.029718 ], [ 21.790834, 47.120279 ], [ 21.922499, 47.354441 ], [ 22.009722, 47.380831 ], [ 22.02389, 47.522501 ], [ 22.177221, 47.591112 ], [ 22.276945, 47.728609 ], [ 22.421389, 47.743891 ], [ 22.454443, 47.796389 ], [ 22.653612, 47.776384 ], [ 22.774443, 47.83639 ], [ 22.770834, 47.879442 ], [ 22.894804, 47.954542 ], [ 22.850557, 47.980829 ], [ 22.886942, 48.036661 ], [ 22.844442, 48.084719 ], [ 22.788054, 48.117769 ], [ 22.621153, 48.101641 ], [ 22.575277, 48.194437 ], [ 22.504446, 48.247492 ], [ 22.378611, 48.245546 ], [ 22.318888, 48.314157 ], [ 22.319445, 48.361666 ], [ 22.260279, 48.360826 ], [ 22.268888, 48.407213 ], [ 22.151442, 48.411921 ], [ 22.101667, 48.377222 ], [ 21.935835, 48.379168 ], [ 21.777498, 48.34083 ], [ 21.712778, 48.361383 ], [ 21.614168, 48.498331 ], [ 21.544168, 48.505274 ], [ 21.442778, 48.575274 ], [ 21.308714, 48.548052 ], [ 21.278017, 48.504999 ], [ 21.225, 48.526384 ], [ 21.120001, 48.491663 ], [ 20.839167, 48.571665 ] ] ] } },
{ "type": "Feature", "properties": { "id": "00-00-f0-32", "volumeName": "FIR BUJUMBURA", "icaoID": "HBBA" }, "geometry": { "type": "Polygon", "coordinates": [ [ [ 30.424723, -2.314722 ], [ 30.381109, -2.299444 ], [ 30.285944, -2.355988 ], [ 30.229723, -2.336388 ], [ 30.153612, -2.430555 ], [ 29.952223, -2.309444 ], [ 29.954721, -2.475 ], [ 29.923334, -2.518888 ], [ 29.907499, -2.693056 ], [ 29.850832, -2.759722 ], [ 29.765276, -2.758333 ], [ 29.736387, -2.803612 ], [ 29.636389, -2.779722 ], [ 29.533609, -2.826111 ], [ 29.443892, -2.795834 ], [ 29.367224, -2.825001 ], [ 29.32889, -2.65361 ], [ 29.140554, -2.589167 ], [ 29.05361, -2.613611 ], [ 29.052221, -2.705833 ], [ 28.983889, -2.800278 ], [ 29.040834, -2.818888 ], [ 29.084166, -2.924723 ], [ 29.23778, -3.058056 ], [ 29.210554, -3.236666 ], [ 29.236967, -3.271866 ], [ 29.208334, -3.311666 ], [ 29.246946, -3.594444 ], [ 29.236387, -3.916111 ], [ 29.378332, -4.133612 ], [ 29.423887, -4.448055 ], [ 29.752222, -4.461111 ], [ 29.812777, -4.360277 ], [ 29.857779, -4.371111 ], [ 30.02611, -4.269444 ], [ 30.072779, -4.166666 ], [ 30.172224, -4.086666 ], [ 30.228056, -3.928055 ], [ 30.321112, -3.786667 ], [ 30.400835, -3.78611 ], [ 30.39139, -3.711109 ], [ 30.449167, -3.547222 ], [ 30.662222, -3.418888 ], [ 30.66361, -3.386665 ], [ 30.622202, -3.370113 ], [ 30.651667, -3.3325 ], [ 30.835001, -3.256945 ], [ 30.852221, -3.145277 ], [ 30.795557, -3.048611 ], [ 30.844778, -2.976013 ], [ 30.666113, -2.976389 ], [ 30.563334, -2.893055 ], [ 30.484999, -2.947222 ], [ 30.417501, -2.861944 ], [ 30.440279, -2.747221 ], [ 30.522779, -2.648888 ], [ 30.457224, -2.685833 ], [ 30.433054, -2.647778 ], [ 30.573332, -2.399166 ], [ 30.424723, -2.314722 ] ] ] } },
{ "type": "Feature", "properties": { "id": "00-00-f0-33", "volumeName": "FIR CAIRO", "icaoID": "HECC" }, "geometry": { "type": "Polygon", "coordinates": [ [ [ 33.983335, 31.833334 ], [ 30.000002, 33.500002 ], [ 27.166666, 34.000002 ], [ 24.166666, 34.000002 ], [ 25.149196, 31.658047 ], [ 25.09012, 31.6196 ], [ 25.076471, 31.551063 ], [ 24.859533, 31.40363 ], [ 24.889712, 31.246827 ], [ 24.868904, 31.155204 ], [ 25.016079, 30.777208 ], [ 24.92189, 30.470612 ], [ 24.782536, 30.323558 ], [ 24.696787, 30.155885 ], [ 24.762485, 30.065589 ], [ 24.823498, 29.898468 ], [ 24.818468, 29.806088 ], [ 24.912381, 29.608856 ], [ 24.870592, 29.562158 ], [ 24.869903, 29.504814 ], [ 24.99999, 29.253115 ], [ 25.000002, 22.000002 ], [ 37.999999, 22.000002 ], [ 34.583333, 28.1 ], [ 34.974285, 29.47257 ], [ 34.9039, 29.485556 ], [ 34.884858, 29.527638 ], [ 34.848546, 29.758752 ], [ 34.747812, 30.020183 ], [ 34.611458, 30.371049 ], [ 34.543425, 30.41301 ], [ 34.55755, 30.494797 ], [ 34.518579, 30.532538 ], [ 34.496943, 30.679643 ], [ 33.983335, 31.833334 ] ] ] } },
{ "type": "Feature", "properties": { "id": "00-00-f0-34", "volumeName": "FIR CANARIAS", "icaoID": "GCCC" }, "geometry": { "type": "Polygon", "coordinates": [ [ [ -16.556917, 31.406944 ], [ -17.114527, 31.526859 ], [ -17.419899, 31.662306 ], [ -20.0, 30.000002 ], [ -25.0, 30.000002 ], [ -25.0, 24.000002 ], [ -20.0, 20.0 ], [ -18.999998, 19.000004 ], [ -17.06698, 20.783044 ], [ -17.075558, 20.905554 ], [ -16.951172, 21.331093 ], [ -13.0, 21.333333 ], [ -13.078909, 22.510454 ], [ -13.152181, 22.764639 ], [ -13.107182, 22.900193 ], [ -13.000238, 23.031858 ], [ -12.573294, 23.298524 ], [ -12.367739, 23.325748 ], [ -12.157738, 23.423526 ], [ -12.001904, 23.457138 ], [ -12.000557, 26.000002 ], [ -8.666945, 26.000277 ], [ -8.666665, 27.666669 ], [ -13.166665, 27.666669 ], [ -12.499998, 30.000002 ], [ -15.736165, 31.493614 ], [ -15.914183, 31.441578 ], [ -16.318245, 31.398737 ], [ -16.556917, 31.406944 ] ] ] } },
{ "type": "Feature", "properties": { "id": "00-00-f0-37", "volumeName": "FIR CAPETOWN", "icaoID": "FACA" }, "geometry": { "type": "Polygon", "coordinates": [ [ [ 32.000002, -33.0 ], [ 29.51985, -31.608878 ], [ 28.288331, -30.473658 ], [ 26.029311, -30.923418 ], [ 23.750002, -31.333332 ], [ 21.250002, -30.5 ], [ 15.000002, -30.5 ], [ 15.000002, -37.0 ], [ 28.000002, -37.0 ], [ 32.000002, -33.0 ] ] ] } },
{ "type": "Feature", "properties": { "id": "00-00-f0-38", "volumeName": "FIR CAYENNE", "icaoID": "SOOO" }, "geometry": { "type": "Polygon", "coordinates": [ [ [ -37.5, 13.500002 ], [ -42.126623, 12.016854 ], [ -48.0, 10.000002 ], [ -54.0, 9.333334 ], [ -54.003288, 5.581148 ], [ -54.140825, 5.363943 ], [ -54.290283, 5.248056 ], [ -54.376114, 5.128611 ], [ -54.486389, 4.898611 ], [ -54.477501, 4.747778 ], [ -54.435837, 4.714167 ], [ -54.420006, 4.593332 ], [ -54.452225, 4.509165 ], [ -54.396393, 4.294168 ], [ -54.406952, 4.190279 ], [ -54.331673, 4.142221 ], [ -54.358063, 4.030279 ], [ -54.190559, 3.808611 ], [ -54.123894, 3.785555 ], [ -54.052505, 3.632223 ], [ -54.008896, 3.636389 ], [ -53.984169, 3.593889 ], [ -54.013062, 3.540834 ], [ -54.001114, 3.448336 ], [ -54.206116, 3.145277 ], [ -54.175285, 3.117224 ], [ -54.160835, 2.956388 ], [ -54.200562, 2.781111 ], [ -54.313057, 2.63389 ], [ -54.374725, 2.484724 ], [ -54.426674, 2.427221 ], [ -54.483612, 2.428057 ], [ -54.523895, 2.336111 ], [ -54.573891, 2.354723 ], [ -54.603783, 2.329195 ], [ -54.541946, 2.316389 ], [ -54.515007, 2.289724 ], [ -54.537781, 2.265554 ], [ -54.46389, 2.210833 ], [ -54.365837, 2.208891 ], [ -54.328056, 2.164446 ], [ -54.249168, 2.146669 ], [ -54.180557, 2.172503 ], [ -54.11084, 2.112223 ], [ -54.061394, 2.191668 ], [ -54.013062, 2.181391 ], [ -53.940834, 2.219168 ], [ -53.931946, 2.271944 ], [ -53.886673, 2.267778 ], [ -53.745003, 2.373888 ], [ -53.733894, 2.312223 ], [ -53.529724, 2.249166 ], [ -53.458618, 2.257502 ], [ -53.328339, 2.353334 ], [ -53.216667, 2.253332 ], [ -53.271515, 2.184752 ], [ -53.118614, 2.222502 ], [ -53.000839, 2.176111 ], [ -52.897224, 2.204168 ], [ -52.847229, 2.285555 ], [ -52.675285, 2.373888 ], [ -52.594452, 2.47389 ], [ -52.540283, 2.57028 ], [ -52.564171, 2.639444 ], [ -52.53334, 2.649725 ], [ -52.439445, 2.877779 ], [ -52.395836, 2.902224 ], [ -52.410561, 2.933889 ], [ -52.335281, 3.064444 ], [ -52.34494, 3.157404 ], [ -52.278336, 3.23889 ], [ -52.220284, 3.260279 ], [ -51.998894, 3.618612 ], [ -51.97834, 3.707502 ], [ -51.931671, 3.726667 ], [ -51.930557, 3.773058 ], [ -51.794717, 3.890929 ], [ -51.749259, 3.999574 ], [ -51.65422, 4.058576 ], [ -51.613961, 4.169513 ], [ -51.612221, 4.413057 ], [ -48.0, 5.0 ], [ -40.0, 5.000002 ], [ -37.333332, 6.41667 ], [ -37.076452, 6.588446 ], [ -35.0, 7.666666 ], [ -37.5, 13.500002 ] ] ] } },
{ "type": "Feature", "properties": { "id": "00-00-f0-39", "volumeName": "FIR CENTRAL AMERICAN", "icaoID": "MHTG" }, "geometry": { "type": "Polygon", "coordinates": [ [ [ -82.083332, 19.000002 ], [ -82.0, 20.000002 ], [ -85.35, 20.733335 ], [ -85.283333, 20.183332 ], [ -86.0, 20.000002 ], [ -87.75, 18.15 ], [ -88.038183, 18.169474 ], [ -88.038794, 18.420168 ], [ -88.297501, 18.484724 ], [ -88.466202, 18.488539 ], [ -88.600021, 18.235834 ], [ -88.681122, 18.185556 ], [ -88.710587, 18.061197 ], [ -88.83757, 17.936953 ], [ -88.843369, 17.876196 ], [ -89.025284, 18.006388 ], [ -89.143051, 17.956068 ], [ -89.141953, 17.818888 ], [ -90.982422, 17.820654 ], [ -90.983902, 17.256109 ], [ -91.4375, 17.24111 ], [ -91.352783, 17.17639 ], [ -91.277237, 17.178335 ], [ -91.184448, 17.035555 ], [ -91.118347, 17.010279 ], [ -91.06279, 16.902777 ], [ -90.98584, 16.868055 ], [ -90.983337, 16.903055 ], [ -90.955292, 16.899168 ], [ -90.966125, 16.871946 ], [ -90.921112, 16.829721 ], [ -90.803345, 16.804998 ], [ -90.714279, 16.726461 ], [ -90.658066, 16.644167 ], [ -90.665283, 16.583055 ], [ -90.631668, 16.581388 ], [ -90.645004, 16.519167 ], [ -90.611115, 16.510557 ], [ -90.634171, 16.483889 ], [ -90.546402, 16.484999 ], [ -90.481674, 16.458334 ], [ -90.480835, 16.426111 ], [ -90.395844, 16.415556 ], [ -90.378891, 16.365278 ], [ -90.420288, 16.359724 ], [ -90.391113, 16.340834 ], [ -90.459457, 16.252779 ], [ -90.436401, 16.237223 ], [ -90.459732, 16.190832 ], [ -90.427505, 16.167501 ], [ -90.460846, 16.10639 ], [ -90.431671, 16.102221 ], [ -90.458069, 16.07472 ], [ -91.729172, 16.074999 ], [ -92.211395, 15.26222 ], [ -92.065842, 15.077776 ], [ -92.149734, 14.994444 ], [ -92.141678, 14.897501 ], [ -92.185837, 14.843611 ], [ -92.154449, 14.675833 ], [ -92.218613, 14.547224 ], [ -95.0, 13.000002 ], [ -100.0, 11.500002 ], [ -104.5, 10.000002 ], [ -92.0, 1.416666 ], [ -82.916666, 1.416666 ], [ -82.916666, 7.500002 ], [ -82.885834, 8.100279 ], [ -82.930847, 8.254721 ], [ -83.049179, 8.320002 ], [ -82.829926, 8.474657 ], [ -82.831955, 8.626665 ], [ -82.914459, 8.762777 ], [ -82.863068, 8.800833 ], [ -82.882782, 8.818888 ], [ -82.860565, 8.841391 ], [ -82.711121, 8.922224 ], [ -82.746948, 8.984446 ], [ -82.891403, 9.075556 ], [ -82.930466, 9.063124 ], [ -82.934723, 9.471666 ], [ -82.833389, 9.498045 ], [ -82.875748, 9.558966 ], [ -82.833069, 9.612223 ], [ -82.748901, 9.584166 ], [ -82.664734, 9.495279 ], [ -82.607788, 9.491667 ], [ -82.594727, 9.55139 ], [ -82.555557, 9.537779 ], [ -82.816666, 12.9 ], [ -82.25, 15.000002 ], [ -82.083332, 19.000002 ] ] ] } },
{ "type": "Feature", "properties": { "id": "00-00-f0-3a", "volumeName": "FIR CHELYABINSK", "icaoID": "USCC" }, "geometry": { "type": "Polygon", "coordinates": [ [ [ 59.983345, 55.916667 ], [ 59.483347, 56.083333 ], [ 57.883347, 55.699999 ], [ 58.650013, 54.199999 ], [ 57.566679, 53.266666 ], [ 58.316668, 52.583334 ], [ 60.01111, 51.980822 ], [ 60.223047, 51.999163 ], [ 60.486658, 52.154711 ], [ 60.715273, 52.156939 ], [ 60.782495, 52.22027 ], [ 61.061937, 52.342493 ], [ 60.978601, 52.41305 ], [ 60.970827, 52.494997 ], [ 60.834719, 52.529993 ], [ 60.834719, 52.635828 ], [ 60.735826, 52.637499 ], [ 60.694155, 52.680826 ], [ 60.731661, 52.74972 ], [ 60.858332, 52.781939 ], [ 60.878046, 52.819445 ], [ 61.080553, 52.92972 ], [ 60.99666, 52.978876 ], [ 61.203325, 53.021936 ], [ 61.375826, 52.992769 ], [ 61.46277, 53.029718 ], [ 61.620546, 52.952776 ], [ 61.685266, 52.982767 ], [ 61.862497, 52.986658 ], [ 61.967211, 52.937494 ], [ 62.118326, 53.004168 ], [ 62.144159, 53.080828 ], [ 62.104715, 53.124994 ], [ 61.781107, 53.180826 ], [ 61.675554, 53.254999 ], [ 61.53805, 53.215548 ], [ 61.184717, 53.306658 ], [ 61.15197, 53.375368 ], [ 61.237772, 53.455828 ], [ 61.241938, 53.506945 ], [ 61.311937, 53.511942 ], [ 61.424997, 53.442217 ], [ 61.577205, 53.514018 ], [ 61.538889, 53.593325 ], [ 61.395273, 53.592768 ], [ 61.343882, 53.548334 ], [ 61.14805, 53.574717 ], [ 61.094156, 53.616938 ], [ 60.90555, 53.620272 ], [ 60.908327, 53.660273 ], [ 61.059717, 53.643328 ], [ 61.074167, 53.710825 ], [ 61.134722, 53.722216 ], [ 61.226938, 53.811937 ], [ 61.118601, 53.883333 ], [ 61.000551, 53.889719 ], [ 61.014162, 53.947489 ], [ 61.166666, 53.959436 ], [ 61.223322, 53.914438 ], [ 61.253038, 53.951563 ], [ 61.215548, 54.025827 ], [ 61.303324, 54.033335 ], [ 61.326105, 54.069162 ], [ 61.45083, 54.064997 ], [ 61.486658, 54.015551 ], [ 61.572771, 54.002497 ], [ 61.584162, 53.956659 ], [ 61.63138, 53.959436 ], [ 61.642221, 54.00194 ], [ 61.814714, 54.008333 ], [ 61.855272, 53.951662 ], [ 62.025827, 53.939714 ], [ 62.024714, 54.024996 ], [ 62.457773, 54.039995 ], [ 62.47027, 54.002222 ], [ 62.406382, 53.956102 ], [ 62.547495, 53.879435 ], [ 62.574167, 53.896944 ], [ 62.553049, 53.940828 ], [ 62.608889, 53.977488 ], [ 62.565546, 54.033052 ], [ 62.637499, 54.073885 ], [ 62.833879, 54.108606 ], [ 63.109995, 54.095545 ], [ 63.148882, 54.114161 ], [ 63.147776, 54.180552 ], [ 63.31668, 54.199998 ], [ 62.953625, 55.651943 ], [ 62.325292, 55.75361 ], [ 61.733347, 55.899999 ], [ 59.983345, 55.916667 ] ] ] } },
{ "type": "Feature", "properties": { "id": "00-00-f0-3b", "volumeName": "FIR CHENNAI", "icaoID": "VOMF" }, "geometry": { "type": "Polygon", "coordinates": [ [ [ 94.416666, 10.000002 ], [ 94.416666, 13.500002 ], [ 92.000002, 14.000002 ], [ 85.9, 15.7 ], [ 82.816667, 18.683333 ], [ 82.0, 18.716667 ], [ 77.166667, 19.716667 ], [ 76.0, 19.316667 ], [ 76.0, 16.666667 ], [ 73.0, 16.283333 ], [ 73.583332, 15.000002 ], [ 72.000002, 15.000002 ], [ 72.000002, 7.500002 ], [ 74.000002, 7.500002 ], [ 74.000002, 6.000002 ], [ 78.000001, 6.000002 ], [ 80.000002, 10.000002 ], [ 82.000002, 10.000002 ], [ 92.000002, 6.000002 ], [ 94.416666, 6.000002 ], [ 94.416666, 10.000002 ] ] ] } },
{ "type": "Feature", "properties": { "id": "00-00-f0-3d", "volumeName": "FIR CHICAGO", "icaoID": "KZAU" }, "geometry": { "type": "Polygon", "coordinates": [ [ [ -85.963611, 43.586667 ], [ -87.169444, 43.691667 ], [ -87.541667, 43.966667 ], [ -89.07181, 44.224276 ], [ -89.5875, 44.154167 ], [ -90.291667, 44.154167 ], [ -91.725, 42.725 ], [ -93.0, 42.783333 ], [ -93.466667, 41.666667 ], [ -93.6, 41.166667 ], [ -93.491667, 40.525 ], [ -91.65, 40.783335 ], [ -89.75, 40.000002 ], [ -86.09999, 40.000008 ], [ -85.366667, 40.711111 ], [ -84.788889, 40.633333 ], [ -84.683333, 40.66667 ], [ -84.716667, 41.283333 ], [ -85.108333, 41.383333 ], [ -85.0, 41.85 ], [ -85.0, 43.5 ], [ -85.741667, 43.45 ], [ -85.963611, 43.586667 ] ] ] } },
{ "type": "Feature", "properties": { "id": "00-00-f0-3e", "volumeName": "FIR CHISINAU", "icaoID": "LUUU" }, "geometry": { "type": "Polygon", "coordinates": [ [ [ 27.664721, 48.439157 ], [ 27.607222, 48.454439 ], [ 27.599722, 48.486658 ], [ 27.418886, 48.416666 ], [ 27.343054, 48.442766 ], [ 27.233885, 48.367769 ], [ 27.05361, 48.406939 ], [ 27.049444, 48.365 ], [ 26.968885, 48.358606 ], [ 26.853888, 48.404993 ], [ 26.791388, 48.381662 ], [ 26.803331, 48.29722 ], [ 26.750555, 48.29944 ], [ 26.703051, 48.344713 ], [ 26.634996, 48.257166 ], [ 26.82583, 48.244158 ], [ 27.000555, 48.15555 ], [ 26.968607, 48.137217 ], [ 27.041945, 48.122492 ], [ 27.032778, 48.082773 ], [ 27.108889, 48.028605 ], [ 27.089167, 48.00889 ], [ 27.167498, 47.982203 ], [ 27.155554, 47.914431 ], [ 27.211103, 47.895266 ], [ 27.21166, 47.841928 ], [ 27.24972, 47.823603 ], [ 27.220552, 47.813044 ], [ 27.293055, 47.740274 ], [ 27.265272, 47.705828 ], [ 27.29944, 47.658602 ], [ 27.431108, 47.572496 ], [ 27.475824, 47.483599 ], [ 27.579439, 47.454714 ], [ 27.572222, 47.371096 ], [ 27.641382, 47.302485 ], [ 27.725271, 47.282495 ], [ 27.799997, 47.139437 ], [ 28.081942, 46.980539 ], [ 28.11611, 46.833879 ], [ 28.247213, 46.604441 ], [ 28.209436, 46.498323 ], [ 28.252501, 46.435823 ], [ 28.18305, 46.34083 ], [ 28.182775, 46.282206 ], [ 28.109999, 46.231936 ], [ 28.142221, 46.184153 ], [ 28.086943, 46.069155 ], [ 28.129721, 45.867495 ], [ 28.108606, 45.820269 ], [ 28.153605, 45.767214 ], [ 28.166941, 45.670275 ], [ 28.158606, 45.624987 ], [ 28.062777, 45.588037 ], [ 28.14694, 45.556376 ], [ 28.176943, 45.469439 ], [ 28.214842, 45.448648 ], [ 28.283888, 45.52527 ], [ 28.522776, 45.517771 ], [ 28.511389, 45.569155 ], [ 28.556108, 45.586657 ], [ 28.489435, 45.664988 ], [ 28.526941, 45.714151 ], [ 28.582499, 45.719706 ], [ 28.583609, 45.763056 ], [ 28.675276, 45.77527 ], [ 28.688887, 45.818888 ], [ 28.754721, 45.838594 ], [ 28.755835, 45.959986 ], [ 28.971937, 46.006655 ], [ 28.957216, 46.105555 ], [ 29.041105, 46.193872 ], [ 28.946939, 46.281664 ], [ 28.964994, 46.31193 ], [ 28.932219, 46.428324 ], [ 28.994436, 46.478327 ], [ 29.203299, 46.54497 ], [ 29.228331, 46.484713 ], [ 29.20083, 46.381372 ], [ 29.224161, 46.365274 ], [ 29.306665, 46.402208 ], [ 29.323889, 46.476374 ], [ 29.393049, 46.416101 ], [ 29.478331, 46.491938 ], [ 29.507502, 46.481104 ], [ 29.49972, 46.432215 ], [ 29.576105, 46.419992 ], [ 29.626661, 46.369158 ], [ 29.67277, 46.391375 ], [ 29.663328, 46.428598 ], [ 29.733049, 46.439425 ], [ 29.733332, 46.478045 ], [ 29.84833, 46.34833 ], [ 29.929995, 46.383608 ], [ 30.122217, 46.391932 ], [ 30.123957, 46.424334 ], [ 30.07305, 46.42277 ], [ 30.006945, 46.456652 ], [ 29.99888, 46.496096 ], [ 29.898603, 46.529985 ], [ 29.89554, 46.552462 ], [ 29.968885, 46.575274 ], [ 29.949999, 46.814157 ], [ 29.573606, 46.946093 ], [ 29.62361, 47.046099 ], [ 29.613607, 47.084436 ], [ 29.569715, 47.098597 ], [ 29.539438, 47.066935 ], [ 29.496943, 47.118319 ], [ 29.57305, 47.144709 ], [ 29.556665, 47.233042 ], [ 29.600554, 47.271936 ], [ 29.578882, 47.328608 ], [ 29.500834, 47.345545 ], [ 29.478884, 47.294161 ], [ 29.416388, 47.288324 ], [ 29.358889, 47.378321 ], [ 29.322775, 47.378595 ], [ 29.24888, 47.457499 ], [ 29.193048, 47.435266 ], [ 29.146666, 47.503611 ], [ 29.131388, 47.548326 ], [ 29.19805, 47.612207 ], [ 29.208052, 47.718042 ], [ 29.258329, 47.768595 ], [ 29.193048, 47.800257 ], [ 29.257502, 47.874704 ], [ 29.193605, 47.894983 ], [ 29.149443, 47.981646 ], [ 29.080549, 47.982759 ], [ 29.047216, 47.937487 ], [ 28.989992, 47.93442 ], [ 28.851664, 48.031939 ], [ 28.811945, 48.123606 ], [ 28.642496, 48.153605 ], [ 28.55139, 48.160547 ], [ 28.477495, 48.118326 ], [ 28.462652, 48.070848 ], [ 28.418608, 48.169443 ], [ 28.345552, 48.12694 ], [ 28.312777, 48.139437 ], [ 28.370554, 48.1961 ], [ 28.356665, 48.241106 ], [ 28.222498, 48.205271 ], [ 28.165552, 48.257502 ], [ 28.089167, 48.230822 ], [ 28.081942, 48.309717 ], [ 27.948606, 48.329721 ], [ 27.770834, 48.447771 ], [ 27.664721, 48.439157 ] ] ] } },
{ "type": "Feature", "properties": { "id": "00-00-f0-3f", "volumeName": "FIR CHULMAN", "icaoID": "UELL" }, "geometry": { "type": "Polygon", "coordinates": [ [ [ 129.367613, 54.8504 ], [ 131.000002, 56.166666 ], [ 131.774461, 57.508881 ], [ 132.0, 57.999998 ], [ 130.650013, 58.749991 ], [ 126.716681, 59.849991 ], [ 123.883348, 60.149992 ], [ 123.500015, 58.999992 ], [ 119.333348, 58.416659 ], [ 119.66667, 56.690035 ], [ 122.333334, 55.500002 ], [ 128.167571, 54.667072 ], [ 129.367613, 54.8504 ] ] ] } },
{ "type": "Feature", "properties": { "id": "00-00-f0-41", "volumeName": "FIR CLEVELAND", "icaoID": "KZOB" }, "geometry": { "type": "Polygon", "coordinates": [ [ [ -82.58084, 42.562483 ], [ -82.518944, 42.61375 ], [ -82.467361, 42.762417 ], [ -82.455307, 42.92675 ], [ -82.122832, 43.591323 ], [ -82.196524, 43.916667 ], [ -83.666667, 43.916667 ], [ -85.0, 43.5 ], [ -85.0, 41.85 ], [ -85.108333, 41.383333 ], [ -84.716667, 41.283333 ], [ -84.699999, 40.908335 ], [ -83.745832, 40.783335 ], [ -83.65, 40.737501 ], [ -83.5, 40.558333 ], [ -83.333332, 40.508333 ], [ -81.783333, 40.6 ], [ -81.633333, 40.216669 ], [ -81.549999, 39.750002 ], [ -80.5, 39.16667 ], [ -79.894444, 39.173613 ], [ -79.543056, 39.370833 ], [ -77.933332, 39.85 ], [ -77.840278, 39.855558 ], [ -77.879167, 40.55 ], [ -78.127777, 40.858335 ], [ -77.541667, 41.677778 ], [ -77.236111, 42.175001 ], [ -76.697222, 42.727778 ], [ -76.666667, 42.883333 ], [ -76.763889, 43.066667 ], [ -76.796739, 43.631138 ], [ -78.690141, 43.631138 ], [ -79.200386, 43.450066 ], [ -79.055923, 43.254556 ], [ -79.042336, 43.143665 ], [ -79.074121, 43.077888 ], [ -79.007416, 43.065918 ], [ -79.020195, 42.994835 ], [ -78.9095, 42.933693 ], [ -78.935387, 42.828304 ], [ -80.080097, 42.39353 ], [ -81.243261, 42.207946 ], [ -82.398613, 41.676556 ], [ -82.6825, 41.677778 ], [ -83.067588, 41.862849 ], [ -83.149242, 42.04 ], [ -83.127998, 42.238693 ], [ -83.079498, 42.308723 ], [ -82.828194, 42.373417 ], [ -82.66217, 42.541473 ], [ -82.58084, 42.562483 ] ] ] } },
{ "type": "Feature", "properties": { "id": "00-00-f0-42", "volumeName": "FIR COLOMBO", "icaoID": "VCCF" }, "geometry": { "type": "Polygon", "coordinates": [ [ [ 92.000002, 6.000002 ], [ 82.000002, 10.000002 ], [ 80.000002, 10.000002 ], [ 78.000002, 6.000002 ], [ 78.000002, -2.0 ], [ 92.000002, -2.0 ], [ 92.000002, 6.000002 ] ] ] } },
{ "type": "Feature", "properties": { "id": "00-00-f0-43", "volumeName": "FIR COMODORO RIVADAVIA", "icaoID": "SAVF" }, "geometry": { "type": "Polygon", "coordinates": [ [ [ -63.116667, -39.283333 ], [ -70.416666, -41.316668 ], [ -70.665539, -41.566614 ], [ -70.941862, -41.690443 ], [ -71.180835, -41.722143 ], [ -71.497175, -41.673885 ], [ -71.660382, -41.603416 ], [ -71.864792, -41.441583 ], [ -71.881958, -41.505836 ], [ -71.840012, -41.575279 ], [ -71.918335, -41.64473 ], [ -71.785278, -41.866112 ], [ -71.72612, -42.096672 ], [ -71.913895, -42.178062 ], [ -71.963898, -42.127502 ], [ -72.012222, -42.131111 ], [ -72.131393, -42.281952 ], [ -72.047791, -42.356674 ], [ -72.071671, -42.429726 ], [ -72.025848, -42.477501 ], [ -72.109451, -42.525002 ], [ -72.139175, -42.587502 ], [ -72.101959, -42.854729 ], [ -72.13945, -42.991394 ], [ -72.05278, -43.104729 ], [ -71.836395, -43.13195 ], [ -71.732788, -43.188057 ], [ -71.743347, -43.302223 ], [ -71.89418, -43.323059 ], [ -71.946671, -43.447227 ], [ -71.858337, -43.462227 ], [ -71.869736, -43.540283 ], [ -71.780014, -43.54834 ], [ -71.702789, -43.59584 ], [ -71.698624, -43.687225 ], [ -71.811401, -43.749168 ], [ -71.791397, -43.782227 ], [ -71.737503, -43.77195 ], [ -71.755569, -43.825562 ], [ -71.647232, -43.918617 ], [ -71.758057, -44.071671 ], [ -71.852509, -44.105278 ], [ -71.796677, -44.197502 ], [ -71.82251, -44.265282 ], [ -71.793335, -44.318611 ], [ -71.855011, -44.371674 ], [ -71.816116, -44.406113 ], [ -71.712784, -44.386948 ], [ -71.203613, -44.426949 ], [ -71.108063, -44.539726 ], [ -71.134735, -44.583893 ], [ -71.197235, -44.596947 ], [ -71.233337, -44.662781 ], [ -71.223618, -44.745003 ], [ -71.282227, -44.800285 ], [ -71.500839, -44.743057 ], [ -71.653625, -44.782784 ], [ -71.777786, -44.755005 ], [ -71.849457, -44.79306 ], [ -72.078613, -44.769447 ], [ -72.06279, -44.905556 ], [ -71.883896, -44.948616 ], [ -71.753342, -44.931946 ], [ -71.674728, -44.980278 ], [ -71.573624, -44.979446 ], [ -71.453613, -45.159172 ], [ -71.338348, -45.220558 ], [ -71.297791, -45.293335 ], [ -71.373337, -45.369446 ], [ -71.506393, -45.411392 ], [ -71.467514, -45.477501 ], [ -71.481949, -45.502502 ], [ -71.736115, -45.549728 ], [ -71.758057, -45.569168 ], [ -71.732788, -45.598892 ], [ -71.780563, -45.648895 ], [ -71.792511, -45.732506 ], [ -71.736954, -45.80278 ], [ -71.758896, -45.84417 ], [ -71.637512, -45.892227 ], [ -71.601669, -45.974724 ], [ -71.760284, -46.114174 ], [ -71.906403, -46.153893 ], [ -71.747513, -46.242783 ], [ -71.748901, -46.386116 ], [ -71.670288, -46.535004 ], [ -71.669449, -46.679169 ], [ -71.808899, -46.784172 ], [ -71.940292, -46.815559 ], [ -71.924728, -46.850563 ], [ -71.960556, -46.950005 ], [ -71.904724, -47.000839 ], [ -71.996674, -47.061111 ], [ -71.860565, -47.141945 ], [ -71.868622, -47.221672 ], [ -72.031952, -47.203339 ], [ -72.015015, -47.274445 ], [ -72.083618, -47.354729 ], [ -72.161667, -47.412781 ], [ -72.29306, -47.420006 ], [ -72.360291, -47.470001 ], [ -72.305557, -47.507225 ], [ -72.33168, -47.601669 ], [ -72.536392, -47.921394 ], [ -72.486115, -47.983063 ], [ -72.322784, -48.075562 ], [ -72.315842, -48.287224 ], [ -72.287231, -48.341949 ], [ -72.366669, -48.346115 ], [ -72.407501, -48.39695 ], [ -72.601395, -48.479729 ], [ -72.551392, -48.724167 ], [ -72.564178, -48.804451 ], [ -72.75528, -48.928062 ], [ -72.988068, -48.981674 ], [ -73.175568, -49.215279 ], [ -73.160843, -49.258057 ], [ -73.085281, -49.273338 ], [ -73.135284, -49.305557 ], [ -73.464737, -49.311394 ], [ -73.452515, -49.385284 ], [ -73.53862, -49.440559 ], [ -73.529724, -49.496391 ], [ -73.583344, -49.544174 ], [ -73.515015, -49.60334 ], [ -73.53334, -49.689728 ], [ -73.444168, -49.788612 ], [ -73.529449, -49.852501 ], [ -73.564453, -49.924728 ], [ -73.467224, -50.006668 ], [ -73.536667, -50.123611 ], [ -73.33667, -50.24556 ], [ -73.280014, -50.322784 ], [ -73.249176, -50.576393 ], [ -73.178345, -50.647781 ], [ -73.180847, -50.729172 ], [ -73.144455, -50.767502 ], [ -73.018066, -50.749451 ], [ -72.906113, -50.667503 ], [ -72.758347, -50.618896 ], [ -72.62973, -50.673058 ], [ -72.501114, -50.60334 ], [ -72.294174, -50.649727 ], [ -72.341675, -50.743896 ], [ -72.242233, -50.851112 ], [ -72.266953, -51.017227 ], [ -72.341125, -51.036667 ], [ -72.397781, -51.114174 ], [ -72.371674, -51.164726 ], [ -72.245285, -51.244446 ], [ -72.309174, -51.302223 ], [ -72.339447, -51.475838 ], [ -72.439453, -51.559723 ], [ -72.330841, -51.587227 ], [ -72.285568, -51.699173 ], [ -72.135559, -51.740005 ], [ -71.9664, -51.848618 ], [ -71.939453, -51.898895 ], [ -71.962509, -51.960281 ], [ -71.912048, -51.99791 ], [ -69.998337, -51.996391 ], [ -69.461395, -52.143616 ], [ -69.233612, -52.143333 ], [ -68.828613, -52.279724 ], [ -68.434174, -52.32917 ], [ -68.435562, -52.382225 ], [ -68.618622, -52.650558 ], [ -68.639101, -54.916906 ], [ -67.270449, -54.910831 ], [ -66.833332, -55.0 ], [ -66.630619, -55.142059 ], [ -66.133333, -55.166666 ], [ -65.733332, -55.366665 ], [ -65.733332, -56.383333 ], [ -67.266666, -56.366665 ], [ -67.266666, -58.35 ], [ -53.0, -58.35 ], [ -53.0, -90.0 ], [ -10.0, -90.0 ], [ -10.0, -46.0 ], [ -48.517483, -46.005053 ], [ -63.116667, -39.283333 ] ] ] } },
{ "type": "Feature", "properties": { "id": "00-00-f0-44", "volumeName": "FIR CORDOBA", "icaoID": "SACF" }, "geometry": { "type": "Polygon", "coordinates": [ [ [ -65.799728, -22.077778 ], [ -65.926117, -21.933334 ], [ -66.041397, -21.916668 ], [ -66.077515, -21.831947 ], [ -66.223007, -21.780521 ], [ -66.293335, -22.0825 ], [ -66.628067, -22.213058 ], [ -66.688904, -22.196114 ], [ -66.735516, -22.226758 ], [ -66.774734, -22.426945 ], [ -66.926392, -22.478058 ], [ -66.963348, -22.522503 ], [ -67.022507, -22.523891 ], [ -67.012222, -22.64278 ], [ -67.123062, -22.718056 ], [ -67.183624, -22.821667 ], [ -67.000825, -23.002767 ], [ -67.35, -24.016667 ], [ -68.252697, -24.397141 ], [ -68.307785, -24.4925 ], [ -68.389175, -24.501667 ], [ -68.443619, -24.626392 ], [ -68.491119, -24.60667 ], [ -68.569937, -24.80737 ], [ -68.543555, -24.870145 ], [ -68.453269, -24.901536 ], [ -68.422446, -25.030145 ], [ -68.350501, -25.11987 ], [ -68.463278, -25.13709 ], [ -68.500495, -25.173757 ], [ -68.599731, -25.479725 ], [ -68.54306, -25.567223 ], [ -68.54827, -25.663202 ], [ -68.494101, -25.729036 ], [ -68.396048, -26.152646 ], [ -68.563614, -26.300556 ], [ -68.581885, -26.501813 ], [ -68.294104, -26.888204 ], [ -68.313834, -27.03848 ], [ -68.501334, -27.071256 ], [ -68.581955, -27.169724 ], [ -68.696671, -27.107502 ], [ -68.810837, -27.120556 ], [ -68.875495, -27.227369 ], [ -68.864112, -27.284593 ], [ -68.904724, -27.366669 ], [ -69.00546, -27.456044 ], [ -69.010779, -27.528203 ], [ -69.082434, -27.642369 ], [ -69.063834, -27.695424 ], [ -69.107631, -27.72137 ], [ -69.185837, -27.965836 ], [ -69.302996, -28.002149 ], [ -69.294449, -28.031391 ], [ -69.410278, -28.212502 ], [ -69.47612, -28.191391 ], [ -69.530014, -28.312225 ], [ -69.65538, -28.400932 ], [ -69.660843, -28.505836 ], [ -67.25, -30.883333 ], [ -65.895995, -33.113634 ], [ -65.730525, -33.036954 ], [ -65.459394, -32.984168 ], [ -65.181547, -32.996302 ], [ -65.005046, -33.046855 ], [ -64.775725, -33.179986 ], [ -64.597272, -33.362817 ], [ -64.522958, -33.507014 ], [ -64.481073, -33.818706 ], [ -63.28379, -34.033251 ], [ -62.316032, -32.899243 ], [ -62.094031, -32.929703 ], [ -61.912256, -32.822737 ], [ -61.870544, -32.735803 ], [ -61.870446, -32.642208 ], [ -61.9842, -32.484182 ], [ -61.55, -31.933333 ], [ -61.516529, -31.552638 ], [ -61.393367, -31.327979 ], [ -61.179726, -31.113561 ], [ -60.915509, -30.970107 ], [ -60.750527, -30.91667 ], [ -60.200842, -30.216493 ], [ -60.608332, -30.133333 ], [ -61.816666, -26.816666 ], [ -62.0, -23.25 ], [ -62.673615, -22.194168 ], [ -62.789452, -22.12278 ], [ -62.806609, -21.995607 ], [ -63.684104, -21.999589 ], [ -63.700562, -22.038612 ], [ -63.733063, -22.002781 ], [ -63.941116, -22.000835 ], [ -64.124945, -22.406812 ], [ -64.25163, -22.564409 ], [ -64.324722, -22.873611 ], [ -64.358267, -22.737371 ], [ -64.452719, -22.639867 ], [ -64.431601, -22.539312 ], [ -64.566116, -22.361389 ], [ -64.542511, -22.26667 ], [ -64.671677, -22.169724 ], [ -64.722778, -22.181393 ], [ -64.988342, -22.090836 ], [ -65.578613, -22.084724 ], [ -65.734177, -22.113335 ], [ -65.799728, -22.077778 ] ] ] } },
{ "type": "Feature", "properties": { "id": "00-00-f0-45", "volumeName": "FIR CURACAO", "icaoID": "TNCF" }, "geometry": { "type": "Polygon", "coordinates": [ [ [ -71.666666, 17.000002 ], [ -73.0, 17.000002 ], [ -74.0, 16.000002 ], [ -74.0, 14.333334 ], [ -71.416666, 12.500002 ], [ -70.5, 12.500002 ], [ -67.966665, 11.4 ], [ -67.066666, 15.683332 ], [ -68.0, 16.000002 ], [ -71.666666, 16.000002 ], [ -71.666666, 17.000002 ] ] ] } },
{ "type": "Feature", "properties": { "id": "00-00-f0-46", "volumeName": "FIR CURITIBA", "icaoID": "SBCW" }, "geometry": { "type": "Polygon", "coordinates": [ [ [ -54.691, -17.571333 ], [ -57.712778, -17.833332 ], [ -57.567505, -18.136669 ], [ -57.521118, -18.203892 ], [ -57.457504, -18.205559 ], [ -57.455559, -18.238613 ], [ -57.55584, -18.253334 ], [ -57.769447, -18.902779 ], [ -57.719727, -18.913891 ], [ -57.704727, -19.043613 ], [ -57.776672, -19.047501 ], [ -58.121117, -19.74139 ], [ -57.848747, -19.978794 ], [ -57.906395, -20.032501 ], [ -58.026115, -20.069447 ], [ -58.160004, -20.181114 ], [ -58.121391, -20.196114 ], [ -58.161949, -20.243614 ], [ -58.142784, -20.280281 ], [ -58.094452, -20.275558 ], [ -58.085556, -20.371113 ], [ -57.990837, -20.440834 ], [ -58.009171, -20.515278 ], [ -57.978615, -20.711113 ], [ -57.92028, -20.668335 ], [ -57.857224, -20.73917 ], [ -57.943336, -20.79417 ], [ -57.856674, -20.838612 ], [ -57.919724, -20.90778 ], [ -57.814445, -20.971947 ], [ -57.856949, -21.056114 ], [ -57.838341, -21.200558 ], [ -57.907784, -21.287224 ], [ -57.850281, -21.336945 ], [ -57.953896, -21.510834 ], [ -57.908615, -21.583614 ], [ -57.936394, -21.641945 ], [ -57.89167, -21.689445 ], [ -57.9375, -21.742779 ], [ -57.958336, -21.852779 ], [ -57.922783, -21.895279 ], [ -57.98748, -22.073437 ], [ -57.827507, -22.145 ], [ -57.73056, -22.097225 ], [ -57.650558, -22.096947 ], [ -57.610283, -22.175835 ], [ -57.458618, -22.178612 ], [ -57.378059, -22.217503 ], [ -57.243896, -22.213612 ], [ -57.206947, -22.185837 ], [ -57.18306, -22.214447 ], [ -57.103058, -22.213337 ], [ -57.098335, -22.240002 ], [ -56.953339, -22.234169 ], [ -56.904724, -22.263336 ], [ -56.888336, -22.237503 ], [ -56.875557, -22.285004 ], [ -56.834167, -22.298336 ], [ -56.803894, -22.246948 ], [ -56.730278, -22.257778 ], [ -56.70723, -22.215 ], [ -56.64167, -22.265556 ], [ -56.643616, -22.235001 ], [ -56.562782, -22.190556 ], [ -56.508339, -22.09639 ], [ -56.403061, -22.065556 ], [ -56.357506, -22.163059 ], [ -56.205833, -22.273613 ], [ -56.090279, -22.294445 ], [ -55.988892, -22.273335 ], [ -55.863525, -22.317772 ], [ -55.849724, -22.288891 ], [ -55.743057, -22.399723 ], [ -55.712784, -22.570004 ], [ -55.609451, -22.633892 ], [ -55.608063, -22.731945 ], [ -55.648895, -22.81139 ], [ -55.629173, -22.992779 ], [ -55.587784, -23.044724 ], [ -55.58889, -23.121948 ], [ -55.538338, -23.148891 ], [ -55.523338, -23.242226 ], [ -55.550285, -23.319168 ], [ -55.501945, -23.390835 ], [ -55.536118, -23.464169 ], [ -55.521667, -23.602779 ], [ -55.441673, -23.700836 ], [ -55.405006, -23.964447 ], [ -55.188614, -24.020279 ], [ -55.031395, -23.994446 ], [ -54.627785, -23.80389 ], [ -54.418892, -23.906113 ], [ -54.359726, -23.983059 ], [ -54.243057, -24.052223 ], [ -54.337784, -24.14389 ], [ -54.248894, -24.353615 ], [ -54.33139, -24.492779 ], [ -54.313896, -24.62167 ], [ -54.452507, -25.011112 ], [ -54.45639, -25.087223 ], [ -54.423058, -25.143059 ], [ -54.616951, -25.438057 ], [ -54.599144, -25.572544 ], [ -54.538338, -25.571392 ], [ -54.528893, -25.607502 ], [ -54.452507, -25.633057 ], [ -54.431114, -25.686668 ], [ -54.380005, -25.577503 ], [ -54.284172, -25.548615 ], [ -54.246948, -25.595558 ], [ -54.226395, -25.56889 ], [ -54.182503, -25.58139 ], [ -54.203339, -25.531113 ], [ -54.156113, -25.535557 ], [ -54.104172, -25.493893 ], [ -54.114174, -25.567223 ], [ -54.087502, -25.597225 ], [ -54.073334, -25.552223 ], [ -54.017227, -25.555279 ], [ -53.966904, -25.588039 ], [ -53.945557, -25.653893 ], [ -53.886948, -25.635559 ], [ -53.860001, -25.689445 ], [ -53.877785, -25.720837 ], [ -53.823891, -25.806946 ], [ -53.825005, -25.957779 ], [ -53.75, -26.026947 ], [ -53.730278, -26.113613 ], [ -53.652229, -26.225834 ], [ -53.65667, -26.285835 ], [ -53.712502, -26.360558 ], [ -53.700836, -26.49778 ], [ -53.729729, -26.54417 ], [ -53.72834, -26.681946 ], [ -53.763062, -26.711113 ], [ -53.698616, -26.889446 ], [ -53.835281, -27.17028 ], [ -53.877502, -27.119446 ], [ -53.909729, -27.167225 ], [ -53.95945, -27.153614 ], [ -53.961395, -27.194168 ], [ -54.004173, -27.189167 ], [ -54.091949, -27.283337 ], [ -54.148613, -27.289169 ], [ -54.180557, -27.25 ], [ -54.234169, -27.38139 ], [ -54.293335, -27.431667 ], [ -54.34584, -27.399445 ], [ -54.358063, -27.456947 ], [ -54.398613, -27.406113 ], [ -54.460838, -27.412502 ], [ -54.455002, -27.472225 ], [ -54.54306, -27.490837 ], [ -54.591667, -27.450558 ], [ -54.621948, -27.528336 ], [ -54.670006, -27.503613 ], [ -54.683334, -27.554447 ], [ -54.77639, -27.566113 ], [ -54.811111, -27.532501 ], [ -54.847229, -27.613613 ], [ -54.902229, -27.624168 ], [ -54.912224, -27.737225 ], [ -55.003616, -27.791668 ], [ -55.080284, -27.778893 ], [ -55.019173, -27.849724 ], [ -55.105835, -27.850002 ], [ -55.13195, -27.886948 ], [ -55.186394, -27.856945 ], [ -55.255005, -27.920002 ], [ -55.326118, -27.924446 ], [ -55.447784, -28.08667 ], [ -55.502228, -28.075558 ], [ -55.558891, -28.150837 ], [ -55.612503, -28.121391 ], [ -55.678612, -28.195557 ], [ -55.765282, -28.226112 ], [ -55.765007, -28.259167 ], [ -55.668617, -28.320278 ], [ -55.692505, -28.40889 ], [ -55.735558, -28.361946 ], [ -55.891396, -28.367779 ], [ -55.895279, -28.469723 ], [ -56.018333, -28.507778 ], [ -56.021393, -28.599445 ], [ -56.200005, -28.764725 ], [ -56.289452, -28.784725 ], [ -56.307503, -28.897781 ], [ -56.404724, -28.962502 ], [ -56.423615, -29.065556 ], [ -56.596115, -29.144169 ], [ -56.695557, -29.343613 ], [ -56.773613, -29.383335 ], [ -56.822502, -29.480278 ], [ -56.961395, -29.591946 ], [ -56.973061, -29.637222 ], [ -57.110558, -29.76667 ], [ -57.27417, -29.800282 ], [ -57.315971, -29.862782 ], [ -57.328415, -29.984585 ], [ -57.48056, -30.127502 ], [ -57.601083, -30.188586 ], [ -57.528061, -30.273891 ], [ -57.428062, -30.27 ], [ -57.398895, -30.300556 ], [ -57.326118, -30.266392 ], [ -57.220284, -30.293335 ], [ -57.150002, -30.243336 ], [ -57.141396, -30.180279 ], [ -57.065834, -30.106113 ], [ -56.811394, -30.105278 ], [ -56.634727, -30.232224 ], [ -56.627228, -30.290001 ], [ -56.56778, -30.299168 ], [ -56.366669, -30.483334 ], [ -56.184174, -30.596947 ], [ -56.001671, -30.795834 ], [ -55.976395, -30.853889 ], [ -56.008923, -31.079794 ], [ -55.836945, -31.073891 ], [ -55.716667, -30.942223 ], [ -55.642227, -30.941948 ], [ -55.636116, -30.856392 ], [ -55.581947, -30.845837 ], [ -55.421669, -30.963058 ], [ -55.235558, -31.245281 ], [ -55.078613, -31.328613 ], [ -55.017227, -31.271114 ], [ -54.842506, -31.423336 ], [ -54.588058, -31.46278 ], [ -54.472504, -31.576668 ], [ -54.463402, -31.672611 ], [ -54.144447, -31.910835 ], [ -54.066948, -31.875 ], [ -53.745834, -32.055283 ], [ -53.638062, -32.265556 ], [ -53.63028, -32.361115 ], [ -53.553337, -32.446114 ], [ -53.409172, -32.565559 ], [ -53.186394, -32.636948 ], [ -53.093056, -32.729729 ], [ -53.287224, -32.88945 ], [ -53.304726, -32.963058 ], [ -53.510284, -33.116112 ], [ -53.529724, -33.67334 ], [ -53.434174, -33.688057 ], [ -53.419724, -33.729446 ], [ -53.0, -34.0 ], [ -50.397167, -34.0 ], [ -46.036667, -29.542221 ], [ -44.834999, -28.1075 ], [ -43.75, -26.75 ], [ -40.959166, -24.665277 ], [ -38.147249, -22.433899 ], [ -39.812167, -20.745 ], [ -40.006667, -20.866667 ], [ -40.25168, -20.947399 ], [ -40.567499, -20.901667 ], [ -40.820499, -20.694832 ], [ -40.9755, -20.406 ], [ -42.007669, -20.622713 ], [ -43.359444, -20.220278 ], [ -43.519333, -20.393166 ], [ -43.769444, -20.503056 ], [ -44.063999, -20.509167 ], [ -45.764139, -22.78611 ], [ -45.859999, -23.233166 ], [ -46.385464, -23.406427 ], [ -46.923307, -23.487541 ], [ -47.433836, -23.221831 ], [ -47.5735, -23.050833 ], [ -47.574333, -22.700667 ], [ -48.026833, -22.114667 ], [ -49.6145, -21.536667 ], [ -50.600277, -20.696943 ], [ -51.552, -19.566333 ], [ -53.913333, -17.3005 ], [ -53.372537, -16.909193 ], [ -54.012669, -17.371706 ], [ -54.691, -17.571333 ] ] ] } },
{ "type": "Feature", "properties": { "id": "00-00-f0-49", "volumeName": "FIR DAKAR OCEANIC", "icaoID": "GOOO" }, "geometry": { "type": "Polygon", "coordinates": [ [ [ -3.0, -1.85 ], [ -7.333332, 0.0 ], [ -16.916666, 9.0 ], [ -21.366667, 12.966669 ], [ -24.35, 13.666666 ], [ -37.5, 17.0 ], [ -37.5, 13.500002 ], [ -35.0, 7.666666 ], [ -28.774739, 3.110341 ], [ -16.0, -6.366667 ], [ -10.0, -6.366667 ], [ -10.0, -12.0 ], [ -3.0, -9.533333 ], [ -3.0, -1.85 ] ] ] } },
{ "type": "Feature", "properties": { "id": "00-00-f0-4b", "volumeName": "FIR DAR ES SALAAM", "icaoID": "HTDC" }, "geometry": { "type": "Polygon", "coordinates": [ [ [ 30.888613, -0.997221 ], [ 30.75139, -0.997778 ], [ 30.646944, -1.070833 ], [ 30.482222, -1.063334 ], [ 30.453333, -1.095554 ], [ 30.472105, -1.163494 ], [ 30.51222, -1.164444 ], [ 30.567778, -1.334444 ], [ 30.74, -1.438334 ], [ 30.748888, -1.520555 ], [ 30.840277, -1.670555 ], [ 30.81111, -1.700556 ], [ 30.835001, -1.800556 ], [ 30.808332, -1.929443 ], [ 30.894445, -2.083055 ], [ 30.847502, -2.192499 ], [ 30.829168, -2.357777 ], [ 30.782221, -2.380556 ], [ 30.69972, -2.3475 ], [ 30.652498, -2.396666 ], [ 30.580832, -2.390833 ], [ 30.433054, -2.647778 ], [ 30.457224, -2.685833 ], [ 30.522779, -2.648888 ], [ 30.440279, -2.747221 ], [ 30.414721, -2.850834 ], [ 30.484999, -2.947222 ], [ 30.563334, -2.893055 ], [ 30.666113, -2.976389 ], [ 30.844778, -2.976013 ], [ 30.795557, -3.048611 ], [ 30.852221, -3.145277 ], [ 30.835001, -3.256945 ], [ 30.651667, -3.3325 ], [ 30.622202, -3.370113 ], [ 30.66361, -3.386665 ], [ 30.662222, -3.418888 ], [ 30.449167, -3.547222 ], [ 30.39139, -3.711109 ], [ 30.400835, -3.78611 ], [ 30.321112, -3.786667 ], [ 30.228056, -3.928055 ], [ 30.172224, -4.086666 ], [ 30.072779, -4.166666 ], [ 30.02611, -4.269444 ], [ 29.857779, -4.371111 ], [ 29.812777, -4.360277 ], [ 29.752222, -4.461111 ], [ 29.423334, -4.4475 ], [ 29.428335, -4.552221 ], [ 29.341391, -4.797777 ], [ 29.363054, -4.995277 ], [ 29.458612, -5.184444 ], [ 29.631666, -5.721945 ], [ 29.497778, -5.979723 ], [ 29.55028, -6.295279 ], [ 29.745832, -6.641666 ], [ 30.103613, -6.880556 ], [ 29.883333, -8.116667 ], [ 30.76598, -8.218503 ], [ 30.901388, -8.460001 ], [ 31.041113, -8.590279 ], [ 31.132776, -8.615557 ], [ 31.220556, -8.576668 ], [ 31.285276, -8.623335 ], [ 31.375555, -8.582224 ], [ 31.398054, -8.629446 ], [ 31.459444, -8.629446 ], [ 31.563334, -8.698612 ], [ 31.57494, -8.824332 ], [ 31.683611, -8.90889 ], [ 31.738607, -8.918055 ], [ 31.78554, -8.885067 ], [ 31.95611, -8.930834 ], [ 31.934168, -9.01889 ], [ 31.979723, -9.071112 ], [ 32.056108, -9.040834 ], [ 32.159998, -9.063334 ], [ 32.249445, -9.131945 ], [ 32.425554, -9.129723 ], [ 32.545275, -9.266668 ], [ 32.741945, -9.281668 ], [ 32.771662, -9.335556 ], [ 32.940277, -9.40611 ], [ 32.997774, -9.373335 ], [ 33.129442, -9.492779 ], [ 33.31444, -9.485556 ], [ 33.393885, -9.538057 ], [ 33.437777, -9.615835 ], [ 33.50889, -9.621946 ], [ 33.584777, -9.584051 ], [ 33.683611, -9.610556 ], [ 33.755831, -9.582779 ], [ 33.919611, -9.707659 ], [ 33.953051, -9.673334 ], [ 33.957224, -9.526669 ], [ 34.043612, -9.484724 ], [ 34.325274, -9.732779 ], [ 34.338053, -9.7875 ], [ 34.522501, -10.010834 ], [ 34.52389, -10.1075 ], [ 34.585001, -10.281946 ], [ 34.585001, -10.561668 ], [ 34.652773, -10.645834 ], [ 34.676111, -10.743057 ], [ 34.643053, -10.921946 ], [ 34.598612, -10.983891 ], [ 34.613611, -11.105001 ], [ 34.710276, -11.201113 ], [ 34.763613, -11.345001 ], [ 34.805552, -11.332224 ], [ 34.890551, -11.383057 ], [ 34.959719, -11.486668 ], [ 34.96673, -11.572111 ], [ 35.494165, -11.579168 ], [ 35.516108, -11.610834 ], [ 35.576387, -11.606668 ], [ 35.652498, -11.584723 ], [ 35.70389, -11.48778 ], [ 35.772501, -11.475279 ], [ 35.838335, -11.414722 ], [ 35.943056, -11.434723 ], [ 35.965555, -11.500834 ], [ 36.163057, -11.577778 ], [ 36.189722, -11.706667 ], [ 36.49, -11.681112 ], [ 36.561945, -11.740278 ], [ 36.677774, -11.714724 ], [ 36.829721, -11.568611 ], [ 36.904444, -11.594723 ], [ 37.025835, -11.567223 ], [ 37.125834, -11.673334 ], [ 37.286112, -11.704168 ], [ 37.347223, -11.686668 ], [ 37.462046, -11.727329 ], [ 37.526667, -11.6625 ], [ 37.663057, -11.638334 ], [ 37.791941, -11.561111 ], [ 37.861666, -11.33889 ], [ 37.941385, -11.285002 ], [ 38.107218, -11.252224 ], [ 38.160555, -11.284445 ], [ 38.235277, -11.274168 ], [ 38.377779, -11.377224 ], [ 38.491709, -11.415312 ], [ 38.655275, -11.281113 ], [ 38.77389, -11.261667 ], [ 38.897776, -11.172224 ], [ 39.134439, -11.141945 ], [ 39.268053, -11.168055 ], [ 39.508333, -10.995279 ], [ 39.766939, -10.920557 ], [ 39.898333, -10.831667 ], [ 40.006662, -10.805557 ], [ 40.236109, -10.602779 ], [ 40.381388, -10.540279 ], [ 40.500002, -10.416666 ], [ 41.500002, -11.0 ], [ 44.000002, -10.333332 ], [ 44.000002, -4.699999 ], [ 40.000002, -4.699999 ], [ 39.203028, -4.669617 ], [ 37.783052, -3.651112 ], [ 37.741106, -3.531389 ], [ 37.613611, -3.504168 ], [ 37.6075, -3.405556 ], [ 37.719995, -3.311943 ], [ 37.67528, -3.05139 ], [ 37.602777, -2.995832 ], [ 34.075556, -1.039165 ], [ 34.029718, -1.036943 ], [ 34.020555, -1.001389 ], [ 30.888613, -0.997221 ] ] ] } },
{ "type": "Feature", "properties": { "id": "00-00-f0-4c", "volumeName": "FIR DASHOGUZ", "icaoID": "UTAT" }, "geometry": { "type": "Polygon", "coordinates": [ [ [ 62.165659, 40.466635 ], [ 61.332298, 41.166643 ], [ 60.248939, 41.333304 ], [ 59.998923, 41.999982 ], [ 59.548908, 42.299985 ], [ 58.832223, 42.499982 ], [ 56.998862, 41.999954 ], [ 55.998855, 41.316596 ], [ 57.616667, 40.316668 ], [ 60.266668, 40.433332 ], [ 62.165659, 40.466635 ] ] ] } },
{ "type": "Feature", "properties": { "id": "00-00-f0-4d", "volumeName": "FIR DELHI", "icaoID": "VIDF" }, "geometry": { "type": "Polygon", "coordinates": [ [ [ 70.866938, 25.168636 ], [ 70.919436, 25.002779 ], [ 79.082336, 25.000733 ], [ 79.598333, 25.600278 ], [ 79.831667, 25.283611 ], [ 80.198333, 26.400278 ], [ 80.894444, 26.758611 ], [ 81.55, 27.156111 ], [ 82.74557, 27.572708 ], [ 82.701097, 27.711107 ], [ 82.43471, 27.675554 ], [ 82.043322, 27.918608 ], [ 81.97777, 27.917219 ], [ 81.880266, 27.857222 ], [ 81.480272, 28.08 ], [ 81.421923, 28.166388 ], [ 81.319994, 28.129999 ], [ 81.312197, 28.193331 ], [ 81.19359, 28.366667 ], [ 81.018877, 28.404165 ], [ 81.006945, 28.443052 ], [ 80.938585, 28.441107 ], [ 80.892488, 28.506388 ], [ 80.798326, 28.52389 ], [ 80.662493, 28.632776 ], [ 80.584993, 28.653608 ], [ 80.577211, 28.685553 ], [ 80.505556, 28.658331 ], [ 80.508608, 28.566942 ], [ 80.440264, 28.628885 ], [ 80.357759, 28.629442 ], [ 80.246096, 28.750834 ], [ 80.05887, 28.83111 ], [ 80.055254, 28.916941 ], [ 80.129702, 28.993052 ], [ 80.146654, 29.108332 ], [ 80.256945, 29.14472 ], [ 80.239977, 29.21472 ], [ 80.287767, 29.205553 ], [ 80.306932, 29.310556 ], [ 80.27582, 29.3225 ], [ 80.236376, 29.425276 ], [ 80.406939, 29.596388 ], [ 80.376925, 29.748606 ], [ 80.539705, 29.846109 ], [ 80.598879, 29.955275 ], [ 80.746096, 30.021387 ], [ 80.872759, 30.138887 ], [ 80.858599, 30.174719 ], [ 80.893328, 30.211107 ], [ 80.943041, 30.181108 ], [ 81.029436, 30.220274 ], [ 80.989153, 30.267221 ], [ 80.803865, 30.326666 ], [ 80.75194, 30.394999 ], [ 80.606936, 30.474718 ], [ 80.538881, 30.464441 ], [ 80.310534, 30.567499 ], [ 80.2036, 30.565001 ], [ 80.22777, 30.621943 ], [ 80.187487, 30.675829 ], [ 80.250277, 30.739996 ], [ 80.178316, 30.799444 ], [ 80.084154, 30.791945 ], [ 80.041933, 30.846945 ], [ 79.923601, 30.888887 ], [ 79.879152, 30.959162 ], [ 79.748873, 30.989717 ], [ 79.599428, 30.935553 ], [ 79.494143, 31.024168 ], [ 79.422487, 31.027498 ], [ 79.398333, 31.098608 ], [ 79.303865, 31.14583 ], [ 79.217485, 31.340834 ], [ 79.092485, 31.437498 ], [ 79.018602, 31.411386 ], [ 79.005556, 31.325556 ], [ 78.941927, 31.359999 ], [ 78.877657, 31.291628 ], [ 78.77054, 31.304998 ], [ 78.792757, 31.443331 ], [ 78.71277, 31.509722 ], [ 78.843874, 31.609999 ], [ 78.786104, 31.678053 ], [ 78.750002, 31.676664 ], [ 78.692476, 31.774168 ], [ 78.771105, 31.981108 ], [ 78.680544, 32.035273 ], [ 78.54471, 32.209436 ], [ 78.474993, 32.236109 ], [ 78.478319, 32.35 ], [ 78.449709, 32.386942 ], [ 78.477205, 32.424715 ], [ 78.397219, 32.531107 ], [ 78.420534, 32.566103 ], [ 78.638597, 32.577776 ], [ 78.704439, 32.631105 ], [ 78.760546, 32.635553 ], [ 78.780275, 32.478876 ], [ 78.971102, 32.350832 ], [ 79.099154, 32.376383 ], [ 79.124697, 32.466936 ], [ 79.165545, 32.493052 ], [ 79.253176, 32.516001 ], [ 79.313875, 32.49666 ], [ 79.514437, 32.67222 ], [ 79.530275, 32.754168 ], [ 79.470827, 32.793886 ], [ 79.450274, 32.882212 ], [ 79.354433, 32.972216 ], [ 79.406374, 33.161661 ], [ 79.163042, 33.23527 ], [ 79.103594, 33.219713 ], [ 79.091372, 33.274996 ], [ 78.99637, 33.314997 ], [ 78.941362, 33.391939 ], [ 78.915819, 33.629435 ], [ 79.040819, 33.639437 ], [ 79.019442, 33.754442 ], [ 78.949419, 33.832216 ], [ 78.90526, 33.96055 ], [ 78.967211, 34.01639 ], [ 79.429155, 34.021662 ], [ 79.524706, 34.118052 ], [ 79.51166, 34.190271 ], [ 79.578051, 34.208605 ], [ 79.539156, 34.429995 ], [ 79.722765, 34.420549 ], [ 79.763613, 34.454996 ], [ 79.724703, 34.529993 ], [ 79.843874, 34.574442 ], [ 79.887499, 34.662767 ], [ 80.071383, 34.669443 ], [ 80.10248, 34.774714 ], [ 80.201662, 34.893885 ], [ 80.190264, 35.087648 ], [ 80.292208, 35.193605 ], [ 80.279985, 35.315546 ], [ 80.38666, 35.425272 ], [ 80.383883, 35.51111 ], [ 80.297762, 35.503328 ], [ 80.206652, 35.561937 ], [ 80.147768, 35.457216 ], [ 80.057482, 35.40777 ], [ 79.964159, 35.595827 ], [ 79.919146, 35.617495 ], [ 79.858873, 35.566103 ], [ 79.813036, 35.629435 ], [ 79.69359, 35.650827 ], [ 79.634432, 35.759165 ], [ 79.658876, 35.819162 ], [ 79.581102, 35.869715 ], [ 79.461931, 35.858049 ], [ 79.445818, 35.951387 ], [ 79.375811, 35.98221 ], [ 78.93442, 35.892496 ], [ 78.758883, 35.923883 ], [ 78.625536, 35.816668 ], [ 78.29915, 35.701937 ], [ 78.172213, 35.61944 ], [ 78.136934, 35.543329 ], [ 77.97249, 35.574167 ], [ 77.9247, 35.489717 ], [ 77.807434, 35.503556 ], [ 77.010286, 35.008888 ], [ 76.995583, 34.932476 ], [ 76.868762, 34.983601 ], [ 76.756286, 34.939297 ], [ 76.747674, 34.830742 ], [ 76.681183, 34.749748 ], [ 76.472617, 34.798703 ], [ 76.395528, 34.741985 ], [ 76.26084, 34.715469 ], [ 76.254157, 34.672182 ], [ 76.161553, 34.633459 ], [ 76.031879, 34.686341 ], [ 75.780344, 34.510946 ], [ 75.365391, 34.537633 ], [ 75.248189, 34.601936 ], [ 75.2658, 34.638316 ], [ 75.087716, 34.655163 ], [ 75.027331, 34.629497 ], [ 74.929173, 34.67337 ], [ 74.729633, 34.680743 ], [ 74.47759, 34.779496 ], [ 74.309883, 34.782718 ], [ 74.14456, 34.65878 ], [ 73.952764, 34.671768 ], [ 73.928621, 34.601764 ], [ 73.95632, 34.56547 ], [ 73.89151, 34.506197 ], [ 73.887487, 34.453005 ], [ 73.803385, 34.427356 ], [ 73.750606, 34.344639 ], [ 73.854219, 34.322227 ], [ 73.913421, 34.352167 ], [ 73.937165, 34.285487 ], [ 73.991143, 34.273532 ], [ 74.010091, 34.1929 ], [ 73.90474, 34.105274 ], [ 73.895989, 34.058541 ], [ 73.925548, 34.024383 ], [ 74.137904, 34.04638 ], [ 74.228275, 34.02459 ], [ 74.282226, 33.936671 ], [ 74.275818, 33.894624 ], [ 74.189993, 33.840312 ], [ 74.058184, 33.823431 ], [ 73.960895, 33.72106 ], [ 74.031698, 33.578726 ], [ 74.139461, 33.557004 ], [ 74.192515, 33.477336 ], [ 74.164197, 33.3375 ], [ 74.016016, 33.268529 ], [ 74.006921, 33.218369 ], [ 74.127982, 33.160233 ], [ 74.170673, 33.073313 ], [ 74.323043, 33.031179 ], [ 74.339373, 32.951822 ], [ 74.313576, 32.92836 ], [ 74.415895, 32.896666 ], [ 74.44748, 32.79445 ], [ 74.508803, 32.747303 ], [ 74.637511, 32.751438 ], [ 74.658499, 32.787439 ], [ 74.632895, 32.808885 ], [ 74.705352, 32.841923 ], [ 74.654461, 32.729079 ], [ 74.695017, 32.660522 ], [ 74.638476, 32.613393 ], [ 74.688223, 32.487009 ], [ 74.877083, 32.493968 ], [ 74.951952, 32.446564 ], [ 75.01548, 32.464478 ], [ 75.026945, 32.49731 ], [ 75.100119, 32.478259 ], [ 75.132916, 32.408926 ], [ 75.191689, 32.426134 ], [ 75.192792, 32.401002 ], [ 75.321955, 32.343762 ], [ 75.321266, 32.29715 ], [ 75.381418, 32.268831 ], [ 75.37501, 32.229075 ], [ 75.316099, 32.208077 ], [ 75.240265, 32.091013 ], [ 75.202576, 32.120107 ], [ 75.174368, 32.067362 ], [ 75.123063, 32.081453 ], [ 75.012338, 32.035771 ], [ 74.879426, 32.053789 ], [ 74.818517, 31.958911 ], [ 74.607374, 31.890164 ], [ 74.560038, 31.757441 ], [ 74.486726, 31.715101 ], [ 74.615876, 31.569081 ], [ 74.575334, 31.500885 ], [ 74.636726, 31.484762 ], [ 74.65464, 31.425885 ], [ 74.6012, 31.420012 ], [ 74.551701, 31.364322 ], [ 74.510318, 31.132002 ], [ 74.57171, 31.081651 ], [ 74.610543, 31.099135 ], [ 74.603102, 31.133741 ], [ 74.689367, 31.127988 ], [ 74.696188, 31.074003 ], [ 74.597457, 31.037903 ], [ 74.568237, 31.054849 ], [ 74.547291, 30.992527 ], [ 74.416515, 30.940265 ], [ 74.422785, 30.907812 ], [ 74.3659, 30.892981 ], [ 74.382092, 30.860407 ], [ 74.320425, 30.846644 ], [ 74.30189, 30.77943 ], [ 74.262037, 30.777139 ], [ 74.286635, 30.735592 ], [ 74.232506, 30.724447 ], [ 74.205359, 30.67594 ], [ 74.095873, 30.611413 ], [ 74.07224, 30.522909 ], [ 74.011854, 30.53364 ], [ 73.964133, 30.456418 ], [ 73.934547, 30.490129 ], [ 73.926306, 30.438883 ], [ 73.97371, 30.444223 ], [ 73.880555, 30.359404 ], [ 73.956347, 30.275499 ], [ 73.97258, 30.198208 ], [ 73.806665, 30.067915 ], [ 73.397001, 29.945941 ], [ 73.282252, 29.571942 ], [ 72.945901, 29.027548 ], [ 72.733063, 28.948035 ], [ 72.353964, 28.732579 ], [ 72.298981, 28.669775 ], [ 72.205825, 28.394029 ], [ 71.927461, 28.122366 ], [ 71.898454, 27.961239 ], [ 71.665676, 27.877816 ], [ 71.38304, 27.872476 ], [ 71.203413, 27.835149 ], [ 70.871678, 27.70563 ], [ 70.739772, 27.742286 ], [ 70.684333, 27.828103 ], [ 70.677236, 27.921827 ], [ 70.589386, 28.010435 ], [ 70.506056, 28.037134 ], [ 70.372456, 28.012002 ], [ 70.132401, 27.806089 ], [ 70.025948, 27.563262 ], [ 69.585803, 27.181356 ], [ 69.513731, 27.010031 ], [ 69.484406, 26.804996 ], [ 69.510148, 26.743363 ], [ 69.824162, 26.588627 ], [ 70.055948, 26.600736 ], [ 70.174087, 26.551661 ], [ 70.175327, 26.250784 ], [ 70.083371, 26.084851 ], [ 70.098805, 25.939881 ], [ 70.268993, 25.713228 ], [ 70.387642, 25.673454 ], [ 70.659983, 25.702066 ], [ 70.664627, 25.396779 ], [ 70.866938, 25.168636 ] ] ] } },
{ "type": "Feature", "properties": { "id": "00-00-f0-4e", "volumeName": "FIR DENVER", "icaoID": "KZDV" }, "geometry": { "type": "Polygon", "coordinates": [ [ [ -108.216667, 36.033335 ], [ -107.466667, 36.200003 ], [ -106.083332, 36.716669 ], [ -105.0, 36.716669 ], [ -102.549999, 37.500002 ], [ -98.799999, 39.466669 ], [ -99.058332, 39.983335 ], [ -99.016666, 42.000002 ], [ -100.1, 43.288889 ], [ -101.408333, 43.708334 ], [ -101.483333, 44.7 ], [ -104.25, 45.116667 ], [ -106.0, 45.237501 ], [ -106.266666, 44.316668 ], [ -107.283333, 43.883333 ], [ -107.049999, 42.41667 ], [ -108.275, 41.366667 ], [ -109.1, 40.85 ], [ -109.166666, 40.000002 ], [ -110.299999, 39.583334 ], [ -109.983332, 39.216669 ], [ -109.983332, 38.200003 ], [ -111.879166, 37.4125 ], [ -111.504166, 36.420835 ], [ -111.841667, 35.766668 ], [ -110.233332, 35.700003 ], [ -108.216667, 36.033335 ] ] ] } },
{ "type": "Feature", "properties": { "id": "00-00-f0-4f", "volumeName": "FIR DHAKA", "icaoID": "VGFR" }, "geometry": { "type": "Polygon", "coordinates": [ [ [ 89.166666, 21.633333 ], [ 92.000002, 20.999998 ], [ 92.366667, 20.683333 ], [ 92.674764, 21.294617 ], [ 92.562197, 22.133333 ], [ 92.606096, 22.162775 ], [ 92.514711, 22.721941 ], [ 92.470537, 22.756388 ], [ 92.443865, 22.889441 ], [ 92.374697, 22.941942 ], [ 92.348604, 23.223608 ], [ 92.387865, 23.289549 ], [ 92.278322, 23.604998 ], [ 92.288881, 23.696108 ], [ 92.252214, 23.722498 ], [ 92.211657, 23.65222 ], [ 92.194429, 23.720274 ], [ 92.158327, 23.736383 ], [ 92.03055, 23.645277 ], [ 91.949999, 23.732218 ], [ 91.964434, 23.496664 ], [ 91.933046, 23.444441 ], [ 91.844988, 23.410276 ], [ 91.768602, 23.274168 ], [ 91.818331, 23.087221 ], [ 91.724993, 22.994719 ], [ 91.647219, 22.986383 ], [ 91.613604, 22.943052 ], [ 91.549425, 22.998331 ], [ 91.493319, 23.186663 ], [ 91.426088, 23.261946 ], [ 91.392763, 23.263334 ], [ 91.378038, 23.212496 ], [ 91.402208, 23.069445 ], [ 91.339983, 23.104998 ], [ 91.288591, 23.328333 ], [ 91.314699, 23.364164 ], [ 91.282213, 23.373331 ], [ 91.248873, 23.481386 ], [ 91.207491, 23.512499 ], [ 91.159426, 23.640554 ], [ 91.200274, 23.678053 ], [ 91.156374, 23.719717 ], [ 91.222765, 23.763887 ], [ 91.269716, 23.971109 ], [ 91.366915, 24.003611 ], [ 91.373293, 24.101942 ], [ 91.61191, 24.102221 ], [ 91.657198, 24.224165 ], [ 91.694689, 24.156942 ], [ 91.734697, 24.148333 ], [ 91.757753, 24.239164 ], [ 91.831926, 24.226107 ], [ 91.892488, 24.149717 ], [ 91.923601, 24.334997 ], [ 91.94832, 24.349722 ], [ 91.989428, 24.319441 ], [ 91.974703, 24.378885 ], [ 92.086382, 24.37472 ], [ 92.135271, 24.414164 ], [ 92.132479, 24.513887 ], [ 92.191088, 24.565275 ], [ 92.256655, 24.77389 ], [ 92.248034, 24.896387 ], [ 92.293596, 24.904997 ], [ 92.401735, 24.840422 ], [ 92.491899, 24.875982 ], [ 92.491671, 24.906355 ], [ 92.416658, 24.972498 ], [ 92.406374, 25.030554 ], [ 92.332491, 25.079443 ], [ 92.046938, 25.186941 ], [ 91.757494, 25.173887 ], [ 91.648882, 25.126665 ], [ 91.590273, 25.172773 ], [ 91.48221, 25.138609 ], [ 91.257769, 25.207773 ], [ 90.84804, 25.148607 ], [ 90.653048, 25.181108 ], [ 90.438311, 25.147219 ], [ 90.110537, 25.224718 ], [ 89.917208, 25.309999 ], [ 89.845263, 25.28861 ], [ 89.815538, 25.366941 ], [ 89.864428, 25.640554 ], [ 89.807207, 25.823053 ], [ 89.86545, 25.936865 ], [ 89.820543, 25.946943 ], [ 89.856371, 25.981108 ], [ 89.778048, 26.041945 ], [ 89.739153, 26.156385 ], [ 89.681658, 26.159441 ], [ 89.638605, 26.2278 ], [ 89.601725, 26.227472 ], [ 89.608965, 26.1779 ], [ 89.55987, 26.161463 ], [ 89.602419, 26.06896 ], [ 89.541285, 25.996363 ], [ 89.393549, 26.047899 ], [ 89.31991, 26.024832 ], [ 89.129679, 26.159269 ], [ 89.074259, 26.382959 ], [ 88.938784, 26.445822 ], [ 88.907495, 26.375082 ], [ 88.976145, 26.334051 ], [ 88.981585, 26.295671 ], [ 89.041346, 26.28179 ], [ 89.020479, 26.23517 ], [ 88.883303, 26.2852 ], [ 88.823824, 26.233431 ], [ 88.767344, 26.29859 ], [ 88.669184, 26.2609 ], [ 88.679514, 26.307421 ], [ 88.730379, 26.320681 ], [ 88.691645, 26.34276 ], [ 88.680819, 26.420271 ], [ 88.433046, 26.55139 ], [ 88.409151, 26.631941 ], [ 88.33777, 26.473886 ], [ 88.353594, 26.451662 ], [ 88.371096, 26.489164 ], [ 88.483324, 26.461107 ], [ 88.525545, 26.35972 ], [ 88.457491, 26.369165 ], [ 88.356096, 26.284445 ], [ 88.355257, 26.22333 ], [ 88.18442, 26.152498 ], [ 88.156374, 26.092497 ], [ 88.183321, 26.033888 ], [ 88.095537, 25.915274 ], [ 88.110537, 25.835554 ], [ 88.151934, 25.778612 ], [ 88.279985, 25.801664 ], [ 88.446932, 25.666109 ], [ 88.450548, 25.593889 ], [ 88.546938, 25.504168 ], [ 88.694139, 25.467775 ], [ 88.799715, 25.510557 ], [ 88.838884, 25.467775 ], [ 88.820543, 25.407221 ], [ 88.844439, 25.362497 ], [ 89.009432, 25.288332 ], [ 88.9536, 25.234442 ], [ 88.940813, 25.165552 ], [ 88.83777, 25.203608 ], [ 88.805819, 25.165552 ], [ 88.704988, 25.195276 ], [ 88.620256, 25.198053 ], [ 88.581377, 25.169443 ], [ 88.450823, 25.187777 ], [ 88.459993, 25.069445 ], [ 88.342485, 24.870275 ], [ 88.267488, 24.884722 ], [ 88.221346, 24.954325 ], [ 88.137774, 24.921385 ], [ 88.171099, 24.851664 ], [ 88.077486, 24.763887 ], [ 88.043322, 24.684164 ], [ 88.125536, 24.508612 ], [ 88.323885, 24.434443 ], [ 88.497759, 24.320833 ], [ 88.697435, 24.30958 ], [ 88.750536, 24.220984 ], [ 88.699709, 24.147219 ], [ 88.701387, 24.079165 ], [ 88.759188, 24.036036 ], [ 88.722719, 23.997969 ], [ 88.73665, 23.919798 ], [ 88.669497, 23.868544 ], [ 88.602846, 23.862398 ], [ 88.563875, 23.65222 ], [ 88.749422, 23.46694 ], [ 88.793322, 23.494162 ], [ 88.711382, 23.308611 ], [ 88.721102, 23.251665 ], [ 88.986101, 23.20833 ], [ 88.870256, 23.087778 ], [ 88.862764, 22.966665 ], [ 88.971102, 22.846945 ], [ 88.930269, 22.748331 ], [ 88.958605, 22.591387 ], [ 88.929171, 22.54767 ], [ 88.997759, 22.465551 ], [ 89.007219, 22.276388 ], [ 89.097216, 22.143332 ], [ 89.058321, 22.094164 ], [ 89.090273, 21.973051 ], [ 89.041368, 21.903051 ], [ 89.064425, 21.835833 ], [ 89.046099, 21.783609 ], [ 89.166666, 21.633333 ] ] ] } },
{ "type": "Feature", "properties": { "id": "00-00-f0-50", "volumeName": "FIR DNIPROPETROVS'K", "icaoID": "UKDV" }, "geometry": { "type": "Polygon", "coordinates": [ [ [ 34.461107, 51.247217 ], [ 33.885035, 50.213301 ], [ 33.616667, 49.313299 ], [ 33.366667, 48.950003 ], [ 32.741934, 48.688334 ], [ 32.6014, 48.524469 ], [ 32.65, 48.383333 ], [ 32.890036, 48.124968 ], [ 32.833334, 47.766668 ], [ 34.800001, 47.450003 ], [ 35.916667, 47.10833 ], [ 36.000002, 46.966669 ], [ 36.700003, 46.583334 ], [ 37.368368, 46.573366 ], [ 37.500002, 46.783335 ], [ 38.333334, 46.983335 ], [ 38.214151, 47.182772 ], [ 38.313044, 47.255831 ], [ 38.316378, 47.292215 ], [ 38.207766, 47.311663 ], [ 38.285555, 47.396105 ], [ 38.280825, 47.506105 ], [ 38.349993, 47.608332 ], [ 38.605822, 47.638041 ], [ 38.691378, 47.694155 ], [ 38.754717, 47.685549 ], [ 38.816935, 47.832209 ], [ 38.871935, 47.865541 ], [ 39.723879, 47.818331 ], [ 39.803881, 47.868052 ], [ 39.819445, 47.97304 ], [ 39.776094, 48.026384 ], [ 39.868593, 48.040834 ], [ 39.848322, 48.113054 ], [ 39.932764, 48.213327 ], [ 40.002497, 48.243052 ], [ 40.012499, 48.284723 ], [ 39.912767, 48.277773 ], [ 39.838045, 48.312494 ], [ 39.921518, 48.368395 ], [ 39.838327, 48.483881 ], [ 39.866938, 48.500277 ], [ 39.853327, 48.554712 ], [ 39.669664, 48.587641 ], [ 39.656939, 48.616663 ], [ 39.727213, 48.762217 ], [ 39.803881, 48.817774 ], [ 39.98527, 48.791384 ], [ 40.076662, 48.874994 ], [ 40.030275, 48.896105 ], [ 39.970545, 48.859995 ], [ 39.777773, 48.899996 ], [ 39.694437, 48.973047 ], [ 39.696657, 49.010828 ], [ 39.707499, 49.036661 ], [ 39.938883, 49.054995 ], [ 39.966387, 49.12388 ], [ 40.166941, 49.248606 ], [ 40.173883, 49.350275 ], [ 40.053049, 49.478327 ], [ 40.074442, 49.526941 ], [ 40.141108, 49.55916 ], [ 40.139765, 49.601053 ], [ 40.004999, 49.614443 ], [ 39.921663, 49.565546 ], [ 39.796946, 49.553049 ], [ 39.639719, 49.615549 ], [ 39.580828, 49.730822 ], [ 39.273607, 49.75194 ], [ 39.192766, 49.877771 ], [ 39.069162, 49.817774 ], [ 38.945269, 49.807497 ], [ 38.889162, 49.868052 ], [ 38.6961, 49.927492 ], [ 38.686655, 49.978876 ], [ 38.49888, 49.951937 ], [ 38.376101, 49.987497 ], [ 38.307772, 50.073885 ], [ 38.18416, 50.065546 ], [ 38.185266, 49.951105 ], [ 38.013056, 49.901384 ], [ 37.925272, 50.024714 ], [ 37.733049, 50.08777 ], [ 37.605272, 50.216661 ], [ 37.623606, 50.305269 ], [ 37.49444, 50.351389 ], [ 37.458605, 50.439714 ], [ 37.315828, 50.428049 ], [ 37.130548, 50.34833 ], [ 36.884439, 50.335825 ], [ 36.701105, 50.266939 ], [ 36.640276, 50.212496 ], [ 36.562494, 50.22249 ], [ 36.563326, 50.276384 ], [ 36.412767, 50.321665 ], [ 36.297495, 50.284441 ], [ 36.139162, 50.425272 ], [ 35.850275, 50.428606 ], [ 35.739161, 50.383333 ], [ 35.728876, 50.353327 ], [ 35.644716, 50.354166 ], [ 35.583048, 50.383051 ], [ 35.567202, 50.453058 ], [ 35.467173, 50.480295 ], [ 35.435221, 50.525026 ], [ 35.393557, 50.638086 ], [ 35.488573, 50.675852 ], [ 35.458292, 50.694178 ], [ 35.456629, 50.772791 ], [ 35.39773, 50.803087 ], [ 35.365229, 50.920038 ], [ 35.305498, 50.944498 ], [ 35.294947, 50.995897 ], [ 35.371889, 51.041437 ], [ 35.170755, 51.054804 ], [ 35.118525, 51.204821 ], [ 35.073809, 51.221483 ], [ 34.734995, 51.172495 ], [ 34.669992, 51.179438 ], [ 34.639994, 51.240831 ], [ 34.461107, 51.247217 ] ] ] } },
{ "type": "Feature", "properties": { "id": "00-00-f0-51", "volumeName": "FIR DUSHANBE", "icaoID": "UTDD" }, "geometry": { "type": "Polygon", "coordinates": [ [ [ 74.888962, 37.246189 ], [ 74.936098, 37.24016 ], [ 74.95804, 37.281839 ], [ 75.096651, 37.321856 ], [ 75.111101, 37.383532 ], [ 75.187487, 37.406588 ], [ 74.949419, 37.562983 ], [ 74.902773, 37.647158 ], [ 74.991091, 37.783831 ], [ 74.902773, 37.847162 ], [ 74.936647, 37.888834 ], [ 74.908327, 37.910494 ], [ 74.913607, 38.017717 ], [ 74.814699, 38.078829 ], [ 74.794436, 38.30604 ], [ 74.864702, 38.388826 ], [ 74.856646, 38.470484 ], [ 74.788591, 38.52743 ], [ 74.718325, 38.5291 ], [ 74.354708, 38.674379 ], [ 74.134157, 38.673265 ], [ 74.110811, 38.621599 ], [ 74.060534, 38.604654 ], [ 74.06888, 38.5366 ], [ 73.942202, 38.538828 ], [ 73.817766, 38.607714 ], [ 73.757769, 38.730211 ], [ 73.762499, 38.800768 ], [ 73.704439, 38.87549 ], [ 73.743044, 38.9266 ], [ 73.832766, 38.938822 ], [ 73.853319, 38.969095 ], [ 73.721651, 39.082438 ], [ 73.617205, 39.232149 ], [ 73.669985, 39.344095 ], [ 73.654161, 39.460764 ], [ 69.999176, 39.568344 ], [ 70.783335, 39.66667 ], [ 70.549184, 40.033358 ], [ 70.688094, 40.106472 ], [ 70.995773, 40.193562 ], [ 70.932262, 40.237441 ], [ 70.629653, 40.199866 ], [ 70.562044, 40.354563 ], [ 70.370677, 40.43535 ], [ 70.375835, 40.481187 ], [ 70.751122, 40.685733 ], [ 70.719609, 40.818661 ], [ 70.564338, 41.02779 ], [ 70.513343, 41.028934 ], [ 70.377552, 40.921792 ], [ 69.709484, 40.708079 ], [ 69.613801, 40.714954 ], [ 69.438476, 40.81866 ], [ 69.356541, 40.805482 ], [ 69.283204, 40.725268 ], [ 69.208719, 40.517857 ], [ 69.239085, 40.391807 ], [ 69.399513, 40.233669 ], [ 68.911352, 40.221065 ], [ 68.631177, 40.140277 ], [ 68.632894, 40.108191 ], [ 68.678159, 40.097307 ], [ 68.92052, 40.156319 ], [ 68.977816, 40.122516 ], [ 68.920521, 40.07095 ], [ 68.838016, 40.068086 ], [ 68.902187, 39.880729 ], [ 68.850047, 39.849789 ], [ 68.773844, 39.900209 ], [ 68.608831, 39.758688 ], [ 68.599091, 39.638366 ], [ 68.554974, 39.567894 ], [ 68.160768, 39.558147 ], [ 67.792909, 39.657838 ], [ 67.512148, 39.591943 ], [ 67.408733, 39.503593 ], [ 67.504987, 39.360354 ], [ 67.402963, 39.312196 ], [ 67.381801, 39.289879 ], [ 67.400711, 39.255501 ], [ 67.6425, 39.174142 ], [ 67.715837, 39.029184 ], [ 67.979399, 39.024027 ], [ 68.124928, 38.950116 ], [ 68.154149, 38.862453 ], [ 68.091698, 38.826929 ], [ 68.123783, 38.762759 ], [ 68.057893, 38.705462 ], [ 68.087688, 38.496333 ], [ 68.206289, 38.360544 ], [ 68.327757, 38.294652 ], [ 68.391356, 38.194386 ], [ 68.326037, 38.056874 ], [ 67.908077, 37.658915 ], [ 67.794904, 37.461571 ], [ 67.787325, 37.104695 ], [ 67.81326, 37.070967 ], [ 67.897568, 37.067608 ], [ 67.898601, 37.029419 ], [ 68.020558, 36.922897 ], [ 68.192399, 37.023235 ], [ 68.272697, 37.012607 ], [ 68.295711, 37.105366 ], [ 68.398168, 37.101336 ], [ 68.420768, 37.143779 ], [ 68.645388, 37.208134 ], [ 68.656729, 37.248114 ], [ 68.690078, 37.244979 ], [ 68.681837, 37.280601 ], [ 68.781883, 37.288249 ], [ 68.819889, 37.243756 ], [ 68.808892, 37.294778 ], [ 68.835047, 37.318067 ], [ 68.912838, 37.268009 ], [ 68.905079, 37.334741 ], [ 68.97281, 37.319858 ], [ 69.116787, 37.174441 ], [ 69.24573, 37.09622 ], [ 69.322391, 37.117183 ], [ 69.453993, 37.234196 ], [ 69.412583, 37.241327 ], [ 69.40703, 37.311021 ], [ 69.379469, 37.324406 ], [ 69.378881, 37.431506 ], [ 69.528821, 37.589023 ], [ 69.808728, 37.567939 ], [ 69.913459, 37.620339 ], [ 69.96169, 37.562772 ], [ 70.169705, 37.529251 ], [ 70.215221, 37.60587 ], [ 70.265065, 37.609315 ], [ 70.303485, 37.693324 ], [ 70.279094, 37.816469 ], [ 70.186861, 37.847216 ], [ 70.182217, 37.944833 ], [ 70.212534, 37.921113 ], [ 70.270508, 37.939407 ], [ 70.261689, 37.979112 ], [ 70.285047, 37.969362 ], [ 70.365248, 38.055386 ], [ 70.504747, 38.12167 ], [ 70.54522, 38.24435 ], [ 70.60482, 38.282883 ], [ 70.610539, 38.346996 ], [ 70.693566, 38.372111 ], [ 70.6759, 38.407268 ], [ 70.770943, 38.456292 ], [ 70.848499, 38.438308 ], [ 70.871168, 38.468419 ], [ 70.925033, 38.430082 ], [ 70.989982, 38.490846 ], [ 71.055783, 38.398638 ], [ 71.103298, 38.422874 ], [ 71.18401, 38.345945 ], [ 71.328153, 38.303967 ], [ 71.373559, 38.255925 ], [ 71.376315, 38.161323 ], [ 71.283477, 38.041743 ], [ 71.257459, 37.922939 ], [ 71.298084, 37.932052 ], [ 71.333155, 37.885319 ], [ 71.502337, 37.952309 ], [ 71.589635, 37.923094 ], [ 71.594913, 37.803618 ], [ 71.531455, 37.765051 ], [ 71.550913, 37.714132 ], [ 71.493834, 37.541016 ], [ 71.526383, 37.478815 ], [ 71.476705, 37.401782 ], [ 71.507022, 37.313709 ], [ 71.429783, 37.064594 ], [ 71.567173, 36.762631 ], [ 71.675529, 36.67206 ], [ 71.842574, 36.680896 ], [ 72.342129, 36.988222 ], [ 72.678327, 37.022581 ], [ 72.815648, 37.232077 ], [ 73.094384, 37.324681 ], [ 73.14861, 37.403367 ], [ 73.215996, 37.406399 ], [ 73.305913, 37.463811 ], [ 73.373161, 37.441952 ], [ 73.514176, 37.474991 ], [ 73.648907, 37.435562 ], [ 73.775452, 37.439506 ], [ 73.774308, 37.339581 ], [ 73.659146, 37.315517 ], [ 73.617253, 37.270524 ], [ 73.758047, 37.221983 ], [ 74.065901, 37.3263 ], [ 74.196953, 37.335843 ], [ 74.251799, 37.374515 ], [ 74.24229, 37.415391 ], [ 74.315988, 37.399113 ], [ 74.374251, 37.424268 ], [ 74.4181, 37.389225 ], [ 74.466083, 37.426725 ], [ 74.566239, 37.372465 ], [ 74.689601, 37.405968 ], [ 74.832132, 37.333897 ], [ 74.888962, 37.246189 ] ] ] } },
{ "type": "Feature", "properties": { "id": "00-00-f0-52", "volumeName": "FIR EDMONTON", "icaoID": "CZEG" }, "geometry": { "type": "Polygon", "coordinates": [ [ [ -58.744022, 66.070516 ], [ -59.948225, 67.250486 ], [ -60.775842, 67.994041 ], [ -61.975731, 68.986107 ], [ -63.333333, 70.0 ], [ -64.87087, 71.032214 ], [ -66.251156, 71.863709 ], [ -67.759482, 72.684933 ], [ -68.843316, 73.225297 ], [ -70.168978, 73.836017 ], [ -71.501566, 74.400061 ], [ -72.928515, 74.954673 ], [ -74.254913, 75.429155 ], [ -76.0, 76.000002 ], [ -75.48209, 77.111623 ], [ -75.0, 78.000002 ], [ -73.09973, 78.758983 ], [ -71.762374, 79.232052 ], [ -69.924443, 79.813066 ], [ -66.821915, 80.644707 ], [ -63.675565, 81.337416 ], [ -60.0, 82.000002 ], [ -60.0, 90.0 ], [ -141.0, 90.0 ], [ -140.995558, 60.307376 ], [ -140.521393, 60.222216 ], [ -140.45302, 60.306671 ], [ -139.981247, 60.181946 ], [ -139.686045, 60.335391 ], [ -139.074861, 60.352104 ], [ -139.199005, 60.088276 ], [ -139.053833, 59.994804 ], [ -138.707504, 59.906307 ], [ -138.626328, 59.768555 ], [ -137.607391, 59.243805 ], [ -137.500031, 58.98539 ], [ -137.526108, 58.906361 ], [ -137.451721, 58.90836 ], [ -136.82872, 59.159973 ], [ -136.575833, 59.17 ], [ -136.469223, 59.284084 ], [ -136.477112, 59.465832 ], [ -136.304977, 59.464527 ], [ -136.238626, 59.528191 ], [ -136.239807, 59.559418 ], [ -136.353912, 59.599834 ], [ -135.938889, 59.666944 ], [ -135.483056, 59.8 ], [ -135.233673, 59.69614 ], [ -135.219833, 59.662777 ], [ -135.028885, 59.563667 ], [ -135.027557, 59.474751 ], [ -135.101028, 59.427528 ], [ -134.990927, 59.387567 ], [ -135.030533, 59.346359 ], [ -134.959915, 59.280918 ], [ -134.699013, 59.244492 ], [ -134.679138, 59.192276 ], [ -134.566406, 59.130548 ], [ -134.483414, 59.131611 ], [ -134.381912, 59.038776 ], [ -134.407166, 58.979221 ], [ -134.313522, 58.962196 ], [ -134.336502, 58.923416 ], [ -134.258118, 58.861027 ], [ -133.84053, 58.729443 ], [ -133.683319, 58.595545 ], [ -133.377335, 58.430557 ], [ -133.461533, 58.387722 ], [ -133.361115, 58.28055 ], [ -133.172363, 58.153694 ], [ -133.07016, 58.000389 ], [ -132.869446, 57.839779 ], [ -132.254844, 57.219012 ], [ -132.366799, 57.091234 ], [ -132.045303, 57.045113 ], [ -132.066005, 56.99995 ], [ -127.745854, 56.594713 ], [ -126.148249, 56.404115 ], [ -123.25, 56.000002 ], [ -120.774721, 54.544443 ], [ -119.0, 53.4 ], [ -117.714443, 52.105001 ], [ -116.087078, 50.329672 ], [ -115.868986, 50.371956 ], [ -115.641401, 50.363529 ], [ -115.432458, 50.305432 ], [ -115.267827, 50.204834 ], [ -115.185688, 50.10877 ], [ -115.145267, 50.002298 ], [ -115.1375, 49.5 ], [ -115.501404, 48.999437 ], [ -109.999657, 49.000605 ], [ -110.0, 53.42083 ], [ -109.582615, 53.498843 ], [ -109.328236, 53.584979 ], [ -109.000962, 53.759231 ], [ -108.828533, 53.900547 ], [ -108.652042, 54.139966 ], [ -108.594977, 54.311001 ], [ -108.606057, 54.571906 ], [ -108.69444, 54.766667 ], [ -108.416667, 54.766667 ], [ -106.918696, 55.62221 ], [ -104.699986, 56.792572 ], [ -102.371667, 57.906667 ], [ -100.484722, 58.708319 ], [ -98.167253, 59.658601 ], [ -96.79965, 60.163961 ], [ -94.60819, 60.914382 ], [ -92.295452, 61.632794 ], [ -89.166386, 62.495537 ], [ -85.863858, 63.283047 ], [ -82.759768, 63.919476 ], [ -80.0, 64.408335 ], [ -80.0, 62.750002 ], [ -77.182998, 63.403679 ], [ -74.052848, 64.034472 ], [ -71.177524, 64.5327 ], [ -68.0, 65.0 ], [ -64.0, 65.053546 ], [ -57.75, 65.000002 ], [ -58.744022, 66.070516 ] ] ] } },
{ "type": "Feature", "properties": { "id": "00-00-f0-53", "volumeName": "FIR EMIRATES", "icaoID": "OMAE" }, "geometry": { "type": "Polygon", "coordinates": [ [ [ 56.1, 26.35 ], [ 55.333334, 25.633333 ], [ 53.95, 26.066667 ], [ 53.1, 25.816667 ], [ 51.718889, 23.971111 ], [ 52.581583, 22.935776 ], [ 55.13377, 22.628471 ], [ 55.199167, 22.69972 ], [ 55.583334, 24.000002 ], [ 56.583334, 25.000002 ], [ 56.216665, 25.6 ], [ 56.1, 26.35 ] ] ] } },
{ "type": "Feature", "properties": { "id": "00-00-f0-54", "volumeName": "FIR ENTEBBE", "icaoID": "HUEC" }, "geometry": { "type": "Polygon", "coordinates": [ [ [ 34.111383, 3.871389 ], [ 34.129717, 3.954447 ], [ 34.092733, 4.000002 ], [ 30.750002, 4.000002 ], [ 31.000002, 1.750002 ], [ 30.688055, 1.493891 ], [ 30.44861, 1.206667 ], [ 30.348612, 1.196112 ], [ 30.332224, 1.151388 ], [ 30.278055, 1.16889 ], [ 30.236113, 1.134169 ], [ 30.218611, 0.996389 ], [ 30.145834, 0.898333 ], [ 29.960554, 0.825556 ], [ 29.938334, 0.634447 ], [ 29.9625, 0.487223 ], [ 29.858332, 0.366667 ], [ 29.81389, 0.158613 ], [ 29.773333, 0.172224 ], [ 29.716665, 0.072222 ], [ 29.734999, -0.000834 ], [ 29.648611, -0.439722 ], [ 29.671946, -0.572222 ], [ 29.638056, -0.593332 ], [ 29.618334, -0.733334 ], [ 29.628332, -0.888889 ], [ 29.578333, -0.9 ], [ 29.566389, -1.005833 ], [ 29.596945, -1.385834 ], [ 29.683332, -1.380556 ], [ 29.734167, -1.341944 ], [ 29.803057, -1.365555 ], [ 29.841391, -1.320278 ], [ 29.907499, -1.464167 ], [ 29.975, -1.464445 ], [ 30.170557, -1.339722 ], [ 30.184721, -1.275 ], [ 30.229166, -1.266666 ], [ 30.345663, -1.129168 ], [ 30.359999, -1.059999 ], [ 30.64139, -1.072222 ], [ 30.75139, -0.997778 ], [ 34.016939, -1.000834 ], [ 34.021112, -1.024721 ], [ 34.023012, -0.99819 ], [ 33.923075, -0.999014 ], [ 33.918001, -0.44913 ], [ 33.976107, -0.134167 ], [ 33.907221, 0.103056 ], [ 34.101946, 0.342501 ], [ 34.094995, 0.430555 ], [ 34.161661, 0.608614 ], [ 34.272219, 0.650835 ], [ 34.313051, 0.768335 ], [ 34.404161, 0.815001 ], [ 34.451662, 0.883055 ], [ 34.525553, 1.113897 ], [ 34.577501, 1.092501 ], [ 34.597773, 1.153055 ], [ 34.685274, 1.205835 ], [ 34.822496, 1.235556 ], [ 34.792223, 1.39361 ], [ 34.852221, 1.423891 ], [ 34.887499, 1.53528 ], [ 34.95389, 1.57889 ], [ 34.999445, 1.668612 ], [ 34.999445, 1.876669 ], [ 35.02611, 1.919722 ], [ 34.981112, 1.975557 ], [ 34.994997, 2.091112 ], [ 34.878885, 2.389723 ], [ 34.940554, 2.450556 ], [ 34.935831, 2.506945 ], [ 34.889444, 2.605001 ], [ 34.851107, 2.588335 ], [ 34.789995, 2.684725 ], [ 34.759439, 2.845278 ], [ 34.704721, 2.88389 ], [ 34.658052, 2.863611 ], [ 34.59083, 2.939444 ], [ 34.559168, 3.111113 ], [ 34.454165, 3.181944 ], [ 34.400278, 3.477224 ], [ 34.455553, 3.524168 ], [ 34.463335, 3.671389 ], [ 34.361109, 3.738058 ], [ 34.303057, 3.703333 ], [ 34.263613, 3.78639 ], [ 34.176111, 3.775557 ], [ 34.199167, 3.803888 ], [ 34.16083, 3.823057 ], [ 34.228052, 3.850557 ], [ 34.214167, 3.887503 ], [ 34.111383, 3.871389 ] ] ] } },
{ "type": "Feature", "properties": { "id": "00-00-f0-55", "volumeName": "FIR EZEIZA", "icaoID": "SAEF" }, "geometry": { "type": "Polygon", "coordinates": [ [ [ -57.833332, -34.583332 ], [ -58.4, -34.0 ], [ -58.516667, -33.833333 ], [ -58.4, -33.033333 ], [ -57.983333, -31.383333 ], [ -57.761667, -30.7 ], [ -60.200842, -30.216493 ], [ -60.750527, -30.91667 ], [ -60.915509, -30.970107 ], [ -61.179726, -31.113561 ], [ -61.393367, -31.327979 ], [ -61.516529, -31.552638 ], [ -61.55, -31.933333 ], [ -61.9842, -32.484182 ], [ -61.870446, -32.642208 ], [ -61.870544, -32.735803 ], [ -61.912256, -32.822737 ], [ -62.094031, -32.929703 ], [ -62.316032, -32.899243 ], [ -63.28379, -34.033251 ], [ -64.481073, -33.818706 ], [ -64.833332, -35.9 ], [ -70.880844, -38.498894 ], [ -70.824173, -38.568062 ], [ -70.876678, -38.638893 ], [ -70.860001, -38.688057 ], [ -70.921112, -38.739174 ], [ -71.226647, -38.803062 ], [ -71.398034, -38.916115 ], [ -71.423317, -39.036949 ], [ -71.388039, -39.234451 ], [ -71.402474, -39.327225 ], [ -71.471093, -39.388062 ], [ -71.449425, -39.432503 ], [ -71.47387, -39.478615 ], [ -71.541375, -39.531395 ], [ -71.486367, -39.557503 ], [ -71.488594, -39.593056 ], [ -71.509972, -39.619446 ], [ -71.61528, -39.619728 ], [ -71.67553, -39.564171 ], [ -71.711083, -39.631668 ], [ -71.682198, -39.675285 ], [ -71.706093, -39.722229 ], [ -71.674706, -39.848061 ], [ -71.606087, -39.906395 ], [ -71.673592, -40.016113 ], [ -71.658867, -40.08889 ], [ -71.806649, -40.093613 ], [ -71.818032, -40.20723 ], [ -71.729149, -40.301117 ], [ -71.703041, -40.27639 ], [ -71.67025, -40.294724 ], [ -71.664421, -40.336113 ], [ -71.720253, -40.42778 ], [ -71.791924, -40.415283 ], [ -71.856362, -40.555 ], [ -71.844429, -40.616394 ], [ -71.950249, -40.721115 ], [ -71.837471, -40.95945 ], [ -71.856652, -41.155006 ], [ -71.889702, -41.182503 ], [ -71.861916, -41.241669 ], [ -71.893593, -41.386948 ], [ -71.847601, -41.469239 ], [ -71.660382, -41.603416 ], [ -71.497175, -41.673885 ], [ -71.180835, -41.722143 ], [ -70.941862, -41.690443 ], [ -70.665539, -41.566614 ], [ -70.416666, -41.316668 ], [ -63.116667, -39.283333 ], [ -48.517483, -46.005053 ], [ -10.0, -46.0 ], [ -10.0, -39.0 ], [ -44.5, -39.0 ], [ -45.0, -40.0 ], [ -54.833332, -36.0 ], [ -57.1, -34.883333 ], [ -57.833332, -34.583332 ] ] ] } },
{ "type": "Feature", "properties": { "id": "00-00-f0-56", "volumeName": "FIR FINLAND", "icaoID": "EFIN" }, "geometry": { "type": "Polygon", "coordinates": [ [ [ 27.944166, 70.080278 ], [ 27.573332, 70.06888 ], [ 27.538332, 70.035265 ], [ 27.300001, 69.990557 ], [ 27.291945, 69.949999 ], [ 27.068888, 69.908602 ], [ 26.806581, 69.952059 ], [ 26.470556, 69.935274 ], [ 26.378054, 69.854433 ], [ 26.155832, 69.742495 ], [ 25.978334, 69.701937 ], [ 25.941946, 69.667223 ], [ 25.974165, 69.635271 ], [ 25.957499, 69.590273 ], [ 25.852777, 69.546663 ], [ 25.874166, 69.486376 ], [ 25.826666, 69.436388 ], [ 25.833612, 69.384157 ], [ 25.754999, 69.342211 ], [ 25.713335, 69.255266 ], [ 25.732222, 69.109163 ], [ 25.808889, 69.011385 ], [ 25.623335, 68.884157 ], [ 25.431112, 68.890551 ], [ 25.214445, 68.817492 ], [ 25.154722, 68.767778 ], [ 25.103334, 68.634722 ], [ 24.955229, 68.603914 ], [ 24.908754, 68.559633 ], [ 24.754446, 68.660265 ], [ 24.351389, 68.710543 ], [ 23.976389, 68.832491 ], [ 23.83, 68.829988 ], [ 23.692778, 68.712221 ], [ 23.225, 68.629717 ], [ 23.06389, 68.695543 ], [ 22.802778, 68.691378 ], [ 22.550001, 68.73778 ], [ 22.398333, 68.711107 ], [ 22.346666, 68.844713 ], [ 21.681944, 69.284716 ], [ 21.320833, 69.326113 ], [ 21.054998, 69.228609 ], [ 21.028055, 69.208055 ], [ 21.042223, 69.16083 ], [ 21.113054, 69.108049 ], [ 21.059446, 69.034441 ], [ 20.738333, 69.096376 ], [ 20.548611, 69.06 ], [ 20.866667, 69.004992 ], [ 20.93889, 68.95833 ], [ 20.888887, 68.925829 ], [ 20.895277, 68.893602 ], [ 21.081388, 68.866655 ], [ 21.301943, 68.755556 ], [ 21.406668, 68.743608 ], [ 21.465555, 68.678057 ], [ 21.623056, 68.649431 ], [ 21.757502, 68.576937 ], [ 21.897223, 68.569994 ], [ 22.050554, 68.479158 ], [ 22.334723, 68.472765 ], [ 22.82361, 68.388048 ], [ 23.142221, 68.229998 ], [ 23.151388, 68.122774 ], [ 23.307222, 68.139162 ], [ 23.394445, 68.042498 ], [ 23.656946, 67.950823 ], [ 23.644724, 67.913057 ], [ 23.483332, 67.863054 ], [ 23.480833, 67.726656 ], [ 23.55361, 67.587496 ], [ 23.471945, 67.556383 ], [ 23.428888, 67.475832 ], [ 23.486944, 67.438051 ], [ 23.549166, 67.453325 ], [ 23.767778, 67.416109 ], [ 23.744722, 67.368334 ], [ 23.773333, 67.31444 ], [ 23.605555, 67.259432 ], [ 23.584444, 67.223879 ], [ 23.610277, 67.201662 ], [ 23.571665, 67.156664 ], [ 24.007776, 66.800554 ], [ 23.890001, 66.743044 ], [ 23.878611, 66.557222 ], [ 23.725279, 66.500826 ], [ 23.639166, 66.430544 ], [ 23.722223, 66.200274 ], [ 23.925554, 66.140001 ], [ 24.166666, 65.830553 ], [ 24.133333, 65.516668 ], [ 22.9, 64.683332 ], [ 21.500002, 63.616667 ], [ 20.666667, 63.475 ], [ 20.166666, 63.166666 ], [ 19.500002, 61.666666 ], [ 19.133329, 60.300001 ], [ 19.083334, 60.200003 ], [ 19.983335, 59.566668 ], [ 21.000002, 59.000002 ], [ 24.883333, 59.883333 ], [ 25.333334, 59.916666 ], [ 25.866667, 59.883333 ], [ 26.55, 60.133333 ], [ 27.466667, 60.216667 ], [ 27.816667, 60.55 ], [ 29.812903, 61.614383 ], [ 29.825108, 61.648017 ], [ 30.338167, 61.989114 ], [ 31.257278, 62.507719 ], [ 31.465069, 62.806356 ], [ 31.584181, 62.912472 ], [ 31.505581, 62.995142 ], [ 31.292236, 63.101658 ], [ 31.211933, 63.226639 ], [ 30.739986, 63.418842 ], [ 30.504436, 63.473614 ], [ 29.993308, 63.743617 ], [ 30.235225, 63.810514 ], [ 30.614453, 64.086647 ], [ 30.547972, 64.17 ], [ 30.564067, 64.240017 ], [ 30.049011, 64.405536 ], [ 30.084586, 64.483061 ], [ 30.011358, 64.511667 ], [ 29.972333, 64.581094 ], [ 30.196528, 64.650256 ], [ 30.207928, 64.667789 ], [ 30.116247, 64.735278 ], [ 30.142083, 64.770003 ], [ 29.752347, 64.822481 ], [ 29.632586, 64.933292 ], [ 29.603703, 65.007203 ], [ 29.634522, 65.068336 ], [ 29.871208, 65.120825 ], [ 29.820614, 65.1489 ], [ 29.867303, 65.203333 ], [ 29.59365, 65.248878 ], [ 29.744789, 65.341933 ], [ 29.743397, 65.514453 ], [ 29.856953, 65.566078 ], [ 29.719206, 65.638042 ], [ 30.021667, 65.691103 ], [ 30.121136, 65.664978 ], [ 30.131386, 65.719178 ], [ 29.907486, 66.126956 ], [ 29.630778, 66.327203 ], [ 29.606678, 66.400004 ], [ 29.016689, 66.966676 ], [ 29.950023, 67.516676 ], [ 30.01669, 67.666676 ], [ 29.683356, 67.800007 ], [ 29.350023, 68.066676 ], [ 28.666689, 68.200007 ], [ 28.450023, 68.550007 ], [ 28.800023, 68.866677 ], [ 28.533356, 68.883343 ], [ 28.450023, 68.916677 ], [ 28.91669, 69.050007 ], [ 28.786943, 69.119158 ], [ 28.819166, 69.231936 ], [ 29.299723, 69.485552 ], [ 29.09889, 69.708055 ], [ 28.379721, 69.827501 ], [ 28.323332, 69.887499 ], [ 28.152498, 69.915545 ], [ 27.998056, 69.993608 ], [ 27.944166, 70.080278 ] ] ] } },
{ "type": "Feature", "properties": { "id": "00-00-f0-58", "volumeName": "FIR FT WORTH", "icaoID": "KZFW" }, "geometry": { "type": "Polygon", "coordinates": [ [ [ -95.0, 35.654169 ], [ -95.612499, 36.016668 ], [ -96.049999, 35.870832 ], [ -96.404167, 35.65 ], [ -97.083332, 35.458334 ], [ -97.583332, 35.491667 ], [ -97.883333, 35.925001 ], [ -98.5, 35.816668 ], [ -100.0, 35.829168 ], [ -100.0, 35.333334 ], [ -100.316666, 34.866667 ], [ -100.75, 34.466669 ], [ -102.0, 34.6 ], [ -102.324999, 34.550001 ], [ -102.799999, 34.316668 ], [ -103.366667, 33.775 ], [ -103.691666, 33.402781 ], [ -103.799999, 33.383333 ], [ -103.799999, 33.000002 ], [ -103.933332, 32.466669 ], [ -103.799999, 32.033335 ], [ -103.333332, 31.65 ], [ -102.15, 31.283335 ], [ -100.549999, 30.983335 ], [ -99.466667, 31.383333 ], [ -97.794443, 31.39028 ], [ -97.7125, 31.375002 ], [ -97.512499, 31.2125 ], [ -96.683332, 31.204168 ], [ -95.983332, 31.466669 ], [ -94.199999, 31.572222 ], [ -93.320833, 31.558332 ], [ -92.258333, 32.283335 ], [ -91.688889, 32.283333 ], [ -91.9, 33.004168 ], [ -93.158333, 33.950003 ], [ -93.541666, 34.033335 ], [ -94.533333, 34.533335 ], [ -94.783333, 34.691668 ], [ -95.0, 35.066668 ], [ -95.0, 35.654169 ] ] ] } },
{ "type": "Feature", "properties": { "id": "00-00-f0-59", "volumeName": "FIR FUKUOKA", "icaoID": "RJJJ" }, "geometry": { "type": "Polygon", "coordinates": [ [ [ 165.000002, 43.000002 ], [ 162.916666, 45.700003 ], [ 159.000002, 50.083334 ], [ 150.000002, 45.000002 ], [ 146.833333, 43.0 ], [ 145.833334, 43.330004 ], [ 145.85417, 43.402224 ], [ 145.411669, 43.640558 ], [ 145.327082, 43.858992 ], [ 145.733333, 44.45 ], [ 145.666666, 44.500002 ], [ 142.000002, 45.750002 ], [ 140.000002, 45.750002 ], [ 135.933332, 40.500002 ], [ 133.65, 38.633333 ], [ 133.000002, 38.000002 ], [ 133.000002, 37.500002 ], [ 129.166666, 34.666666 ], [ 127.500002, 32.500002 ], [ 126.833334, 32.500002 ], [ 125.416666, 30.000002 ], [ 124.000002, 30.000002 ], [ 124.000002, 23.500002 ], [ 121.500002, 21.000002 ], [ 155.000002, 21.000002 ], [ 155.000002, 27.000002 ], [ 165.000002, 27.000002 ], [ 165.000002, 43.000002 ] ] ] } },
{ "type": "Feature", "properties": { "id": "00-00-f0-5b", "volumeName": "FIR GABORONE", "icaoID": "FBGR" }, "geometry": { "type": "Polygon", "coordinates": [ [ [ 24.445586, -17.484609 ], [ 24.239088, -17.478432 ], [ 21.378654, -18.015593 ], [ 21.227909, -17.935984 ], [ 20.999881, -17.96482 ], [ 20.991945, -21.996948 ], [ 19.995832, -22.001392 ], [ 20.003553, -24.772518 ], [ 20.127222, -24.881947 ], [ 20.245001, -24.919445 ], [ 20.390001, -25.036945 ], [ 20.466112, -25.166668 ], [ 20.451387, -25.202225 ], [ 20.5375, -25.287781 ], [ 20.555555, -25.380001 ], [ 20.611666, -25.39917 ], [ 20.628054, -25.465836 ], [ 20.67639, -25.463337 ], [ 20.635832, -25.487225 ], [ 20.634722, -25.530003 ], [ 20.689722, -25.590836 ], [ 20.655832, -25.623058 ], [ 20.756666, -25.781948 ], [ 20.743891, -25.825279 ], [ 20.780832, -25.820557 ], [ 20.811388, -25.883335 ], [ 20.818335, -26.062225 ], [ 20.860834, -26.133614 ], [ 20.744444, -26.320835 ], [ 20.609724, -26.454445 ], [ 20.601946, -26.536392 ], [ 20.63389, -26.590279 ], [ 20.605555, -26.682781 ], [ 20.618891, -26.767502 ], [ 20.692411, -26.895889 ], [ 20.897223, -26.794724 ], [ 21.128889, -26.86639 ], [ 21.381109, -26.821114 ], [ 21.667223, -26.864445 ], [ 21.771387, -26.792225 ], [ 21.770277, -26.680279 ], [ 22.056112, -26.625557 ], [ 22.249445, -26.341114 ], [ 22.354445, -26.324169 ], [ 22.416388, -26.228889 ], [ 22.479166, -26.202778 ], [ 22.532778, -26.221111 ], [ 22.660555, -26.061668 ], [ 22.658056, -26.01889 ], [ 22.712778, -25.999168 ], [ 22.731112, -25.917225 ], [ 22.703054, -25.887501 ], [ 22.768057, -25.834724 ], [ 22.730276, -25.788891 ], [ 22.817221, -25.673615 ], [ 22.838335, -25.477222 ], [ 22.878054, -25.471947 ], [ 22.910002, -25.396946 ], [ 23.014833, -25.299725 ], [ 23.071112, -25.328892 ], [ 23.194445, -25.264168 ], [ 23.414167, -25.298336 ], [ 23.453054, -25.27639 ], [ 23.496389, -25.333889 ], [ 23.742777, -25.468334 ], [ 23.905279, -25.628613 ], [ 23.998056, -25.616947 ], [ 24.000277, -25.65889 ], [ 24.188612, -25.62167 ], [ 24.34889, -25.754448 ], [ 24.446112, -25.735558 ], [ 24.658056, -25.824722 ], [ 24.898054, -25.810837 ], [ 25.029165, -25.728615 ], [ 25.152224, -25.762222 ], [ 25.421389, -25.729446 ], [ 25.585451, -25.621929 ], [ 25.671389, -25.47028 ], [ 25.870832, -24.910835 ], [ 25.867418, -24.740105 ], [ 25.986113, -24.734726 ], [ 26.265276, -24.637501 ], [ 26.411043, -24.628273 ], [ 26.554998, -24.436947 ], [ 26.721388, -24.311668 ], [ 26.845278, -24.264446 ], [ 26.970278, -23.698059 ], [ 27.006388, -23.641392 ], [ 27.038889, -23.675282 ], [ 27.067221, -23.660835 ], [ 27.062223, -23.609447 ], [ 27.144724, -23.56889 ], [ 27.130835, -23.525837 ], [ 27.198057, -23.528336 ], [ 27.192499, -23.49667 ], [ 27.289446, -23.463612 ], [ 27.344999, -23.397503 ], [ 27.375555, -23.42028 ], [ 27.413057, -23.388336 ], [ 27.4275, -23.416946 ], [ 27.452776, -23.385281 ], [ 27.526388, -23.382225 ], [ 27.601389, -23.22028 ], [ 27.644724, -23.231113 ], [ 27.697779, -23.198612 ], [ 27.743055, -23.228615 ], [ 27.786112, -23.165279 ], [ 27.773611, -23.126392 ], [ 27.809168, -23.133057 ], [ 27.942778, -23.043892 ], [ 27.938612, -22.955559 ], [ 28.033335, -22.918613 ], [ 28.045557, -22.836945 ], [ 28.149168, -22.780003 ], [ 28.179636, -22.686436 ], [ 28.298334, -22.609447 ], [ 28.361944, -22.574448 ], [ 28.634443, -22.563335 ], [ 28.82889, -22.490837 ], [ 28.847502, -22.453892 ], [ 28.910692, -22.458794 ], [ 29.024797, -22.227108 ], [ 29.221388, -22.182224 ], [ 29.373625, -22.19241 ], [ 29.255564, -22.064713 ], [ 29.174723, -22.08028 ], [ 29.073889, -22.037781 ], [ 29.032778, -21.956947 ], [ 29.081182, -21.82539 ], [ 29.060556, -21.798058 ], [ 28.868055, -21.754448 ], [ 28.574167, -21.632225 ], [ 28.498056, -21.662224 ], [ 28.28861, -21.587223 ], [ 28.015833, -21.566113 ], [ 27.967222, -21.507225 ], [ 27.972776, -21.445278 ], [ 27.911665, -21.318058 ], [ 27.685556, -21.070557 ], [ 27.693609, -20.862782 ], [ 27.730833, -20.748337 ], [ 27.706388, -20.49778 ], [ 27.469721, -20.465 ], [ 27.287455, -20.494965 ], [ 27.290556, -20.241669 ], [ 27.219999, -20.091667 ], [ 27.124998, -20.073334 ], [ 27.026667, -20.000278 ], [ 26.975557, -20.011112 ], [ 26.7325, -19.931946 ], [ 26.705, -19.881668 ], [ 26.614721, -19.85778 ], [ 26.568674, -19.785217 ], [ 26.325834, -19.654446 ], [ 26.356668, -19.616947 ], [ 26.32889, -19.581112 ], [ 26.166113, -19.527779 ], [ 26.039999, -19.205559 ], [ 25.963335, -19.105556 ], [ 25.973333, -18.945557 ], [ 25.82472, -18.808334 ], [ 25.775835, -18.619446 ], [ 25.688334, -18.572502 ], [ 25.530832, -18.403614 ], [ 25.401945, -18.134724 ], [ 25.309168, -18.065834 ], [ 25.241388, -17.924446 ], [ 25.266111, -17.806667 ], [ 25.247221, -17.777225 ], [ 25.093054, -17.679169 ], [ 25.094999, -17.651112 ], [ 25.030832, -17.616112 ], [ 25.036943, -17.585281 ], [ 24.925554, -17.539448 ], [ 24.663883, -17.493615 ], [ 24.565413, -17.533474 ], [ 24.445586, -17.484609 ] ] ] } },
{ "type": "Feature", "properties": { "id": "00-00-f0-5d", "volumeName": "FIR GANDER DOMESTIC", "icaoID": "CZQX" }, "geometry": { "type": "Polygon", "coordinates": [ [ [ -54.0, 53.000002 ], [ -59.0, 57.000002 ], [ -60.351139, 58.471121 ], [ -64.0, 57.550001 ], [ -64.0, 55.355555 ], [ -65.083332, 55.083334 ], [ -65.333332, 54.416666 ], [ -64.916666, 53.700003 ], [ -64.0, 51.416666 ], [ -62.083332, 50.833334 ], [ -60.0, 50.833333 ], [ -59.5, 51.333333 ], [ -59.5, 51.633146 ], [ -58.142778, 52.196389 ], [ -57.0, 51.735 ], [ -57.0, 51.283333 ], [ -58.0, 51.0 ], [ -61.0, 49.533335 ], [ -61.0, 49.300001 ], [ -62.0, 48.500002 ], [ -61.240833, 48.153334 ], [ -59.271389, 47.146391 ], [ -56.473611, 45.611944 ], [ -56.051666, 44.446667 ], [ -53.0, 45.000002 ], [ -51.0, 45.000002 ], [ -51.0, 49.000002 ], [ -54.0, 53.000002 ] ] ] } },
{ "type": "Feature", "properties": { "id": "00-00-f0-5e", "volumeName": "FIR GANDER OCEANIC", "icaoID": "CZQX" }, "geometry": { "type": "Polygon", "coordinates": [ [ [ -50.0, 58.500002 ], [ -51.589846, 60.092907 ], [ -53.058618, 61.423632 ], [ -53.793678, 62.043948 ], [ -55.665042, 63.500131 ], [ -57.750002, 65.000002 ], [ -60.0, 65.0 ], [ -63.0, 63.999814 ], [ -63.0, 61.0 ], [ -61.959315, 60.058096 ], [ -60.936762, 59.068588 ], [ -59.0, 57.000002 ], [ -54.0, 53.000002 ], [ -51.0, 49.000002 ], [ -51.0, 45.000002 ], [ -30.0, 45.000002 ], [ -30.0, 61.000002 ], [ -32.110057, 61.678332 ], [ -34.171941, 62.283431 ], [ -36.608126, 62.930562 ], [ -39.0, 63.500002 ], [ -40.188762, 62.183892 ], [ -40.77805, 61.483393 ], [ -42.170229, 59.682235 ], [ -43.0, 58.5 ], [ -50.0, 58.500002 ] ] ] } },
{ "type": "Feature", "properties": { "id": "00-00-f0-5f", "volumeName": "FIR GEORGETOWN", "icaoID": "SYGC" }, "geometry": { "type": "Polygon", "coordinates": [ [ [ -57.0, 5.966667 ], [ -57.0, 8.916666 ], [ -60.25, 8.916666 ], [ -59.801392, 8.275 ], [ -59.831947, 8.228888 ], [ -59.974724, 8.180834 ], [ -60.023338, 8.041388 ], [ -60.099724, 8.040834 ], [ -60.232224, 7.966665 ], [ -60.340279, 7.838335 ], [ -60.520004, 7.814722 ], [ -60.57917, 7.726667 ], [ -60.590279, 7.636946 ], [ -60.715279, 7.545832 ], [ -60.691116, 7.455832 ], [ -60.645561, 7.436666 ], [ -60.591949, 7.339167 ], [ -60.634445, 7.258055 ], [ -60.6175, 7.194445 ], [ -60.535561, 7.123888 ], [ -60.456116, 7.195833 ], [ -60.367226, 7.179998 ], [ -60.279167, 7.120832 ], [ -60.288612, 7.057222 ], [ -60.355278, 7.000002 ], [ -60.368057, 6.930277 ], [ -60.40834, 6.9475 ], [ -60.537781, 6.858057 ], [ -60.637222, 6.83639 ], [ -60.713058, 6.758055 ], [ -60.900841, 6.814169 ], [ -60.892227, 6.763056 ], [ -60.941116, 6.722502 ], [ -61.134026, 6.711042 ], [ -61.204727, 6.574446 ], [ -61.126671, 6.437502 ], [ -61.158058, 6.334444 ], [ -61.09639, 6.271669 ], [ -61.108063, 6.196665 ], [ -61.261116, 6.109446 ], [ -61.333839, 5.975565 ], [ -61.389725, 5.940001 ], [ -60.73037, 5.204802 ], [ -60.601669, 5.213057 ], [ -60.446114, 5.17528 ], [ -60.396118, 5.214167 ], [ -60.311111, 5.199167 ], [ -60.200562, 5.273611 ], [ -60.167503, 5.23139 ], [ -60.116112, 5.247499 ], [ -60.080872, 5.161516 ], [ -59.974724, 5.093054 ], [ -60.025841, 4.707224 ], [ -60.07917, 4.608332 ], [ -60.152229, 4.573336 ], [ -60.147507, 4.5175 ], [ -59.935005, 4.507776 ], [ -59.901115, 4.473333 ], [ -59.866394, 4.490278 ], [ -59.675835, 4.388891 ], [ -59.730835, 4.293333 ], [ -59.729446, 4.210833 ], [ -59.705284, 4.167223 ], [ -59.635559, 4.146387 ], [ -59.65139, 4.077223 ], [ -59.583618, 3.972223 ], [ -59.516396, 3.941668 ], [ -59.583618, 3.894167 ], [ -59.596115, 3.789724 ], [ -59.668335, 3.76111 ], [ -59.66806, 3.700003 ], [ -59.849167, 3.596392 ], [ -59.81028, 3.490835 ], [ -59.833618, 3.426947 ], [ -59.813057, 3.434725 ], [ -59.809723, 3.361944 ], [ -59.904724, 3.204168 ], [ -59.901115, 3.12639 ], [ -59.949722, 3.071947 ], [ -59.990005, 2.8225 ], [ -59.988892, 2.687223 ], [ -59.893333, 2.457224 ], [ -59.900558, 2.376944 ], [ -59.730278, 2.278055 ], [ -59.751945, 1.865278 ], [ -59.634109, 1.846418 ], [ -59.672783, 1.762777 ], [ -59.633614, 1.726667 ], [ -59.526672, 1.716669 ], [ -59.414452, 1.563334 ], [ -59.320839, 1.520277 ], [ -59.241669, 1.383612 ], [ -58.928337, 1.302778 ], [ -58.899445, 1.230001 ], [ -58.836395, 1.190279 ], [ -58.745003, 1.213057 ], [ -58.689728, 1.288336 ], [ -58.510284, 1.269724 ], [ -58.466949, 1.343889 ], [ -58.502289, 1.454676 ], [ -58.38195, 1.479445 ], [ -58.379173, 1.533613 ], [ -58.311951, 1.603334 ], [ -58.252502, 1.565836 ], [ -58.168335, 1.566389 ], [ -58.127785, 1.517778 ], [ -58.013893, 1.512224 ], [ -57.976952, 1.66028 ], [ -57.915283, 1.6425 ], [ -57.753616, 1.720556 ], [ -57.554169, 1.701391 ], [ -57.448616, 1.814444 ], [ -57.420006, 1.913057 ], [ -57.324722, 1.975279 ], [ -57.236946, 1.947222 ], [ -57.089172, 2.023333 ], [ -57.011116, 1.926111 ], [ -56.905281, 1.928888 ], [ -56.879448, 1.893057 ], [ -56.78334, 1.872499 ], [ -56.724449, 1.920557 ], [ -56.621674, 1.939722 ], [ -56.554451, 1.903334 ], [ -56.470634, 1.944502 ], [ -56.562782, 2.02389 ], [ -56.691872, 2.028742 ], [ -56.810562, 2.193335 ], [ -56.806396, 2.250834 ], [ -56.878334, 2.297777 ], [ -56.871117, 2.34889 ], [ -56.928062, 2.391947 ], [ -56.917778, 2.428057 ], [ -57.098061, 2.749166 ], [ -57.201393, 2.82139 ], [ -57.213341, 2.878889 ], [ -57.179169, 2.914446 ], [ -57.211113, 2.928057 ], [ -57.241112, 3.138056 ], [ -57.285278, 3.143888 ], [ -57.301392, 3.377501 ], [ -57.350281, 3.355001 ], [ -57.410561, 3.382502 ], [ -57.480835, 3.323889 ], [ -57.503334, 3.351389 ], [ -57.653893, 3.367224 ], [ -57.654449, 3.51861 ], [ -57.734726, 3.610277 ], [ -57.835838, 3.664999 ], [ -57.876671, 3.809168 ], [ -58.047226, 4.008333 ], [ -58.071396, 4.152224 ], [ -57.953896, 4.287779 ], [ -57.958893, 4.403334 ], [ -57.838615, 4.654722 ], [ -57.926392, 4.804998 ], [ -57.841118, 4.927778 ], [ -57.771393, 4.922777 ], [ -57.676392, 5.012503 ], [ -57.42028, 4.989168 ], [ -57.288895, 5.016668 ], [ -57.323059, 5.069723 ], [ -57.296951, 5.16028 ], [ -57.254723, 5.17528 ], [ -57.228889, 5.140833 ], [ -57.188614, 5.168612 ], [ -57.235207, 5.259947 ], [ -57.263062, 5.267778 ], [ -57.256393, 5.22278 ], [ -57.279167, 5.223333 ], [ -57.287224, 5.310556 ], [ -57.335556, 5.313334 ], [ -57.272224, 5.380278 ], [ -57.257507, 5.466944 ], [ -57.145546, 5.676531 ], [ -57.183163, 5.754816 ], [ -57.135378, 5.855467 ], [ -57.0, 5.966667 ] ] ] } },
{ "type": "Feature", "properties": { "id": "00-00-f0-60", "volumeName": "FIR GUANGZHOU", "icaoID": "ZGZU" }, "geometry": { "type": "Polygon", "coordinates": [ [ [ 117.183333, 23.7 ], [ 116.700003, 24.366667 ], [ 115.408339, 24.673598 ], [ 115.416667, 25.091667 ], [ 114.873333, 25.766667 ], [ 114.116667, 26.050001 ], [ 113.950003, 26.700003 ], [ 114.566668, 29.033335 ], [ 113.1, 29.383333 ], [ 109.4, 29.516668 ], [ 109.316667, 26.583333 ], [ 105.800001, 24.65 ], [ 105.527399, 23.183073 ], [ 105.574434, 23.060278 ], [ 105.724428, 23.048056 ], [ 105.872484, 22.910276 ], [ 105.9872, 22.935831 ], [ 106.015268, 22.98472 ], [ 106.134722, 22.988607 ], [ 106.229433, 22.95083 ], [ 106.250002, 22.874166 ], [ 106.28499, 22.85861 ], [ 106.419436, 22.870554 ], [ 106.520266, 22.935274 ], [ 106.600542, 22.909163 ], [ 106.648043, 22.853331 ], [ 106.707209, 22.865 ], [ 106.761385, 22.794722 ], [ 106.821665, 22.800276 ], [ 106.766939, 22.742495 ], [ 106.71277, 22.586664 ], [ 106.676088, 22.572775 ], [ 106.638605, 22.614164 ], [ 106.60721, 22.606943 ], [ 106.551714, 22.456823 ], [ 106.565538, 22.345831 ], [ 106.658335, 22.324442 ], [ 106.695826, 22.222498 ], [ 106.66527, 22.199442 ], [ 106.703325, 22.08972 ], [ 106.67943, 21.973886 ], [ 106.755259, 22.015276 ], [ 106.808596, 21.973608 ], [ 106.901659, 21.970552 ], [ 106.932749, 21.927496 ], [ 107.029161, 21.936663 ], [ 107.04915, 21.907221 ], [ 107.020266, 21.8225 ], [ 107.220835, 21.70833 ], [ 107.301378, 21.731108 ], [ 107.377474, 21.598055 ], [ 107.453875, 21.658052 ], [ 107.4872, 21.641665 ], [ 107.485811, 21.597776 ], [ 107.536104, 21.586386 ], [ 107.783052, 21.666941 ], [ 107.858599, 21.650831 ], [ 107.94803, 21.541945 ], [ 107.990023, 21.542414 ], [ 108.208611, 21.209722 ], [ 108.050001, 20.500002 ], [ 111.5, 20.500002 ], [ 111.500085, 21.401026 ], [ 111.683216, 21.410364 ], [ 111.760816, 21.492296 ], [ 112.075413, 21.571229 ], [ 112.187333, 21.496279 ], [ 112.47374, 21.538545 ], [ 112.777883, 21.480187 ], [ 112.93748, 21.497337 ], [ 113.063532, 21.77853 ], [ 113.220652, 21.791325 ], [ 113.551507, 21.988045 ], [ 113.534201, 22.214399 ], [ 113.701839, 22.159759 ], [ 113.824728, 22.406816 ], [ 113.86857, 22.41047 ], [ 113.931897, 22.529818 ], [ 114.052463, 22.504243 ], [ 114.147454, 22.562699 ], [ 114.235135, 22.555393 ], [ 114.399545, 22.610195 ], [ 114.484789, 22.534689 ], [ 114.530283, 22.334065 ], [ 114.747107, 22.474568 ], [ 114.888636, 22.414201 ], [ 114.963193, 22.454053 ], [ 115.034768, 22.571628 ], [ 115.155621, 22.654577 ], [ 115.577124, 22.528645 ], [ 115.646992, 22.562765 ], [ 115.703181, 22.665971 ], [ 115.798529, 22.619285 ], [ 116.104994, 22.710202 ], [ 116.318052, 22.842419 ], [ 116.541584, 22.834251 ], [ 116.637904, 22.942617 ], [ 116.694681, 23.073967 ], [ 116.854919, 23.134231 ], [ 116.895875, 23.180932 ], [ 116.898117, 23.326341 ], [ 117.124035, 23.301179 ], [ 117.246857, 23.33867 ], [ 117.226204, 23.52088 ], [ 117.329481, 23.607355 ], [ 117.183333, 23.7 ] ] ] } },
{ "type": "Feature", "properties": { "id": "00-00-f0-61", "volumeName": "FIR GUAYAQUIL", "icaoID": "SEFG" }, "geometry": { "type": "Polygon", "coordinates": [ [ [ -78.641434, 1.266668 ], [ -78.809723, 1.437778 ], [ -78.916384, 1.416722 ], [ -92.0, 1.416666 ], [ -92.0, -3.4 ], [ -80.340424, -3.380516 ], [ -80.253891, -3.420834 ], [ -80.271118, -3.470833 ], [ -80.235001, -3.497221 ], [ -80.240845, -3.575277 ], [ -80.20639, -3.626944 ], [ -80.22139, -3.762777 ], [ -80.150284, -3.879723 ], [ -80.316391, -4.013056 ], [ -80.386124, -3.979166 ], [ -80.467224, -3.986944 ], [ -80.505005, -4.081112 ], [ -80.468613, -4.201111 ], [ -80.441681, -4.222778 ], [ -80.335556, -4.199444 ], [ -80.478058, -4.383333 ], [ -80.477783, -4.428055 ], [ -80.363342, -4.467777 ], [ -80.137146, -4.28067 ], [ -79.962234, -4.393055 ], [ -79.89917, -4.393333 ], [ -79.813614, -4.48 ], [ -79.636673, -4.438055 ], [ -79.499725, -4.524445 ], [ -79.521667, -4.593334 ], [ -79.445282, -4.800278 ], [ -79.290848, -4.963333 ], [ -79.106949, -4.97139 ], [ -79.054825, -5.009132 ], [ -78.998901, -4.956112 ], [ -78.978348, -4.878334 ], [ -78.892792, -4.849722 ], [ -78.919449, -4.745277 ], [ -78.876114, -4.677221 ], [ -78.665558, -4.554445 ], [ -78.624725, -4.436666 ], [ -78.658615, -4.414722 ], [ -78.672073, -4.307093 ], [ -78.563614, -4.095556 ], [ -78.531677, -3.912777 ], [ -78.396393, -3.738611 ], [ -78.337509, -3.422777 ], [ -78.266403, -3.417778 ], [ -78.258621, -3.512777 ], [ -78.231949, -3.51861 ], [ -78.1689, -3.450001 ], [ -78.217789, -3.369165 ], [ -78.205841, -3.339167 ], [ -77.857224, -2.984444 ], [ -76.660629, -2.572134 ], [ -76.074173, -2.131111 ], [ -75.559174, -1.534166 ], [ -75.403015, -0.921429 ], [ -75.325012, -0.981112 ], [ -75.21608, -0.965336 ], [ -75.292786, -0.730555 ], [ -75.246124, -0.554167 ], [ -75.409454, -0.425833 ], [ -75.485565, -0.226665 ], [ -75.626114, -0.172499 ], [ -75.619736, -0.106667 ], [ -75.4189, -0.164999 ], [ -75.305283, -0.134722 ], [ -75.292786, -0.106667 ], [ -75.434448, -0.059444 ], [ -75.597778, 0.055834 ], [ -75.628067, 0.029722 ], [ -75.75528, 0.043333 ], [ -75.936401, 0.181944 ], [ -76.043274, 0.339991 ], [ -76.09668, 0.314722 ], [ -76.115845, 0.379168 ], [ -76.283615, 0.421114 ], [ -76.33168, 0.374445 ], [ -76.406509, 0.39805 ], [ -76.40889, 0.248335 ], [ -76.550293, 0.218058 ], [ -76.711945, 0.285833 ], [ -76.733063, 0.2325 ], [ -76.868896, 0.238611 ], [ -76.935287, 0.295557 ], [ -77.029724, 0.3025 ], [ -77.079605, 0.35956 ], [ -77.218903, 0.336111 ], [ -77.379456, 0.384722 ], [ -77.424454, 0.413336 ], [ -77.452515, 0.645834 ], [ -77.541672, 0.656111 ], [ -77.640289, 0.721666 ], [ -77.678345, 0.837225 ], [ -77.810318, 0.803839 ], [ -77.889725, 0.829721 ], [ -77.910278, 0.88278 ], [ -78.091675, 0.910555 ], [ -78.241394, 1.027224 ], [ -78.348068, 1.064169 ], [ -78.468613, 1.195555 ], [ -78.560867, 1.198622 ], [ -78.595001, 1.271391 ], [ -78.641434, 1.266668 ] ] ] } },
{ "type": "Feature", "properties": { "id": "00-00-f0-62", "volumeName": "FIR HABANA", "icaoID": "MUFH" }, "geometry": { "type": "Polygon", "coordinates": [ [ [ -78.0, 24.0 ], [ -86.0, 24.000002 ], [ -86.0, 22.000002 ], [ -85.35, 20.733335 ], [ -82.0, 20.000002 ], [ -78.333332, 20.000002 ], [ -77.5, 19.500002 ], [ -75.0, 18.500002 ], [ -73.333332, 20.000002 ], [ -75.166666, 22.000002 ], [ -78.0, 24.0 ] ] ] } },
{ "type": "Feature", "properties": { "id": "00-00-f0-64", "volumeName": "FIR HANOI", "icaoID": "VVVV" }, "geometry": { "type": "Polygon", "coordinates": [ [ [ 105.400454, 23.279711 ], [ 105.327478, 23.378031 ], [ 105.264711, 23.334166 ], [ 105.240541, 23.260557 ], [ 105.081102, 23.24222 ], [ 104.961931, 23.165552 ], [ 104.907495, 23.180277 ], [ 104.876345, 23.110838 ], [ 104.82361, 23.103331 ], [ 104.861101, 22.936663 ], [ 104.731371, 22.816668 ], [ 104.604433, 22.809721 ], [ 104.583605, 22.844721 ], [ 104.369982, 22.685831 ], [ 104.261934, 22.737776 ], [ 104.267229, 22.829195 ], [ 104.11165, 22.799723 ], [ 104.033052, 22.685274 ], [ 104.009745, 22.524237 ], [ 103.964434, 22.499113 ], [ 103.65526, 22.782499 ], [ 103.61249, 22.776667 ], [ 103.566675, 22.706942 ], [ 103.584154, 22.644163 ], [ 103.531664, 22.583609 ], [ 103.456942, 22.642496 ], [ 103.430544, 22.743887 ], [ 103.336382, 22.796389 ], [ 103.279985, 22.673052 ], [ 103.18387, 22.628885 ], [ 103.15555, 22.586664 ], [ 103.170824, 22.546946 ], [ 103.076105, 22.498331 ], [ 103.072489, 22.447496 ], [ 103.03055, 22.435553 ], [ 102.928591, 22.481939 ], [ 102.862764, 22.601389 ], [ 102.610262, 22.722773 ], [ 102.560259, 22.697496 ], [ 102.542765, 22.748884 ], [ 102.479715, 22.77389 ], [ 102.426088, 22.68833 ], [ 102.383043, 22.677496 ], [ 102.416384, 22.635832 ], [ 102.269709, 22.491663 ], [ 102.253328, 22.414721 ], [ 102.186655, 22.429998 ], [ 102.140749, 22.396288 ], [ 102.238314, 22.242495 ], [ 102.515551, 22.029444 ], [ 102.505548, 21.962217 ], [ 102.607759, 21.925554 ], [ 102.648333, 21.85 ], [ 102.676653, 21.655832 ], [ 102.752779, 21.668886 ], [ 102.812761, 21.725828 ], [ 102.821665, 21.846666 ], [ 102.858324, 21.826944 ], [ 102.866655, 21.711107 ], [ 102.976091, 21.739439 ], [ 103.000269, 21.580553 ], [ 102.874979, 21.432775 ], [ 102.946932, 21.449442 ], [ 102.900545, 21.302778 ], [ 102.822771, 21.257223 ], [ 102.918871, 21.232496 ], [ 102.90999, 21.170832 ], [ 102.946093, 21.156664 ], [ 102.966928, 21.078611 ], [ 103.037493, 21.053888 ], [ 103.086115, 20.939997 ], [ 103.170534, 20.846666 ], [ 103.288881, 20.838053 ], [ 103.389162, 20.783888 ], [ 103.458605, 20.824999 ], [ 103.511385, 20.758055 ], [ 103.606936, 20.739439 ], [ 103.69359, 20.657221 ], [ 103.738314, 20.669996 ], [ 103.732759, 20.729162 ], [ 103.789431, 20.748606 ], [ 103.805819, 20.847776 ], [ 104.034716, 20.905275 ], [ 104.109156, 20.977221 ], [ 104.31415, 20.889719 ], [ 104.409418, 20.778334 ], [ 104.482759, 20.768332 ], [ 104.499155, 20.71361 ], [ 104.643602, 20.660276 ], [ 104.552279, 20.516958 ], [ 104.470835, 20.539167 ], [ 104.381929, 20.444719 ], [ 104.514429, 20.407499 ], [ 104.621645, 20.413885 ], [ 104.711115, 20.3375 ], [ 104.683039, 20.217218 ], [ 104.747759, 20.201662 ], [ 104.831675, 20.228609 ], [ 104.94359, 20.181387 ], [ 104.932215, 20.13611 ], [ 104.992205, 20.093332 ], [ 104.965273, 20.064165 ], [ 104.979158, 20.004999 ], [ 104.896379, 19.990553 ], [ 104.785814, 19.887499 ], [ 104.786928, 19.861387 ], [ 104.846102, 19.853331 ], [ 104.83777, 19.794165 ], [ 104.71332, 19.746386 ], [ 104.640268, 19.611944 ], [ 104.5161, 19.606108 ], [ 104.413599, 19.693331 ], [ 104.321383, 19.659502 ], [ 104.246096, 19.704443 ], [ 104.135271, 19.659441 ], [ 104.037249, 19.692945 ], [ 104.036654, 19.611109 ], [ 104.101648, 19.559721 ], [ 104.121645, 19.493887 ], [ 104.086382, 19.475828 ], [ 104.070543, 19.411665 ], [ 103.964708, 19.388609 ], [ 103.879969, 19.319998 ], [ 103.879435, 19.293612 ], [ 103.915819, 19.300001 ], [ 103.998598, 19.229719 ], [ 104.05942, 19.239996 ], [ 104.171099, 19.193052 ], [ 104.224154, 19.151388 ], [ 104.220758, 19.111326 ], [ 104.377764, 19.059164 ], [ 104.447199, 18.983053 ], [ 104.526384, 18.976664 ], [ 104.57332, 18.900553 ], [ 104.741365, 18.79722 ], [ 104.913881, 18.780279 ], [ 104.941935, 18.738329 ], [ 105.138895, 18.702776 ], [ 105.194139, 18.609999 ], [ 105.146379, 18.594442 ], [ 105.103594, 18.451387 ], [ 105.191652, 18.378332 ], [ 105.184984, 18.318331 ], [ 105.258615, 18.254446 ], [ 105.318605, 18.26 ], [ 105.321932, 18.196665 ], [ 105.393602, 18.15 ], [ 105.433596, 18.207773 ], [ 105.499712, 18.179998 ], [ 105.503328, 18.128885 ], [ 105.634432, 17.976942 ], [ 105.614992, 17.871386 ], [ 105.680269, 17.820833 ], [ 105.753885, 17.669996 ], [ 105.860811, 17.618608 ], [ 106.039148, 17.406664 ], [ 106.211649, 17.261667 ], [ 106.260271, 17.247496 ], [ 106.311922, 17.290556 ], [ 106.325548, 17.198606 ], [ 106.41971, 17.074999 ], [ 106.444429, 16.987497 ], [ 107.3, 17.0 ], [ 108.716665, 17.416666 ], [ 107.683332, 18.333334 ], [ 107.189722, 19.267778 ], [ 107.929967, 19.9567 ], [ 108.208611, 21.209722 ], [ 107.990023, 21.542414 ], [ 107.94803, 21.541945 ], [ 107.858599, 21.650831 ], [ 107.783052, 21.666941 ], [ 107.527483, 21.586386 ], [ 107.485811, 21.597776 ], [ 107.4872, 21.641665 ], [ 107.453875, 21.658052 ], [ 107.377474, 21.598055 ], [ 107.301378, 21.731108 ], [ 107.220835, 21.70833 ], [ 107.020266, 21.8225 ], [ 107.04915, 21.907221 ], [ 107.029161, 21.936663 ], [ 106.932749, 21.927496 ], [ 106.901659, 21.970552 ], [ 106.808596, 21.973608 ], [ 106.755259, 22.015276 ], [ 106.682749, 21.969164 ], [ 106.703325, 22.08972 ], [ 106.66527, 22.199442 ], [ 106.695826, 22.222498 ], [ 106.658335, 22.324442 ], [ 106.565538, 22.345831 ], [ 106.551714, 22.456823 ], [ 106.60721, 22.606943 ], [ 106.638605, 22.614164 ], [ 106.676088, 22.572775 ], [ 106.71277, 22.586664 ], [ 106.766939, 22.742495 ], [ 106.821665, 22.800276 ], [ 106.761385, 22.794722 ], [ 106.707209, 22.865 ], [ 106.648043, 22.853331 ], [ 106.600542, 22.909163 ], [ 106.520266, 22.935274 ], [ 106.419436, 22.870554 ], [ 106.28499, 22.85861 ], [ 106.250002, 22.874166 ], [ 106.229433, 22.95083 ], [ 106.134722, 22.988607 ], [ 106.015268, 22.98472 ], [ 105.9872, 22.935831 ], [ 105.872484, 22.910276 ], [ 105.724428, 23.048056 ], [ 105.574434, 23.060278 ], [ 105.55443, 23.160276 ], [ 105.445826, 23.284445 ], [ 105.400454, 23.279711 ] ] ] } },
{ "type": "Feature", "properties": { "id": "00-00-f0-65", "volumeName": "FIR HARARE", "icaoID": "FVHF" }, "geometry": { "type": "Polygon", "coordinates": [ [ [ 29.989721, -15.651945 ], [ 29.831388, -15.616112 ], [ 29.656109, -15.670834 ], [ 29.57847, -15.660904 ], [ 29.250277, -15.775002 ], [ 29.08639, -15.882223 ], [ 29.045, -15.949722 ], [ 28.927706, -15.972362 ], [ 28.860556, -16.049446 ], [ 28.854166, -16.388336 ], [ 28.759443, -16.552223 ], [ 28.646112, -16.564445 ], [ 28.26, -16.724167 ], [ 28.138613, -16.823612 ], [ 27.827162, -16.964888 ], [ 27.640773, -17.230443 ], [ 27.621051, -17.342943 ], [ 27.349662, -17.580999 ], [ 27.150495, -17.805721 ], [ 27.149721, -17.857224 ], [ 27.038057, -17.959446 ], [ 26.759443, -18.0275 ], [ 26.696413, -18.076126 ], [ 26.606112, -18.046112 ], [ 26.56389, -17.994446 ], [ 26.214998, -17.884167 ], [ 26.097502, -17.933056 ], [ 26.092779, -17.967224 ], [ 25.924039, -17.998491 ], [ 25.859724, -17.973335 ], [ 25.854166, -17.908611 ], [ 25.682222, -17.807224 ], [ 25.513886, -17.863056 ], [ 25.339026, -17.843751 ], [ 25.264433, -17.80225 ], [ 25.239168, -17.913059 ], [ 25.315001, -18.073891 ], [ 25.401945, -18.134724 ], [ 25.521944, -18.391392 ], [ 25.688334, -18.572502 ], [ 25.775835, -18.619446 ], [ 25.82472, -18.808334 ], [ 25.95611, -18.913612 ], [ 25.986944, -18.988056 ], [ 25.963335, -19.105556 ], [ 26.039999, -19.205559 ], [ 26.166113, -19.527779 ], [ 26.32889, -19.581112 ], [ 26.356668, -19.616947 ], [ 26.325834, -19.654446 ], [ 26.568674, -19.785217 ], [ 26.614721, -19.85778 ], [ 26.705, -19.881668 ], [ 26.7325, -19.931946 ], [ 26.975557, -20.011112 ], [ 27.026667, -20.000278 ], [ 27.124998, -20.073334 ], [ 27.219999, -20.091667 ], [ 27.290556, -20.241669 ], [ 27.287455, -20.494965 ], [ 27.469721, -20.465 ], [ 27.713167, -20.506432 ], [ 27.703611, -20.653336 ], [ 27.730833, -20.748337 ], [ 27.693609, -20.862782 ], [ 27.685556, -21.070557 ], [ 27.911665, -21.318058 ], [ 27.972776, -21.445278 ], [ 27.967222, -21.507225 ], [ 28.015833, -21.566113 ], [ 28.28861, -21.587223 ], [ 28.498056, -21.662224 ], [ 28.574167, -21.632225 ], [ 28.868055, -21.754448 ], [ 29.060556, -21.798058 ], [ 29.081182, -21.82539 ], [ 29.032778, -21.956947 ], [ 29.073889, -22.037781 ], [ 29.174723, -22.08028 ], [ 29.255564, -22.064713 ], [ 29.373625, -22.19241 ], [ 29.450834, -22.163334 ], [ 29.530554, -22.181114 ], [ 29.548613, -22.150002 ], [ 29.654722, -22.12389 ], [ 29.7675, -22.136112 ], [ 30.139166, -22.30167 ], [ 30.241945, -22.295834 ], [ 30.306944, -22.345558 ], [ 30.907778, -22.289448 ], [ 31.089445, -22.337502 ], [ 31.155832, -22.321667 ], [ 31.261946, -22.366947 ], [ 31.297506, -22.414764 ], [ 31.407499, -22.340279 ], [ 32.416109, -21.307217 ], [ 32.488878, -21.344448 ], [ 32.358332, -21.130558 ], [ 32.521387, -20.914169 ], [ 32.483606, -20.661667 ], [ 32.502222, -20.598614 ], [ 32.550829, -20.555 ], [ 32.665834, -20.557224 ], [ 32.871668, -20.278614 ], [ 32.905275, -20.099445 ], [ 32.948885, -20.083614 ], [ 32.953051, -20.036392 ], [ 33.026667, -20.031113 ], [ 33.059443, -19.780281 ], [ 32.972498, -19.73278 ], [ 32.96583, -19.648613 ], [ 32.912775, -19.692501 ], [ 32.841661, -19.681667 ], [ 32.850557, -19.493893 ], [ 32.783052, -19.467781 ], [ 32.784723, -19.36639 ], [ 32.854166, -19.28167 ], [ 32.884165, -19.09528 ], [ 32.839167, -19.023056 ], [ 32.716112, -19.021946 ], [ 32.699167, -18.944447 ], [ 32.735277, -18.918892 ], [ 32.707224, -18.82917 ], [ 32.817217, -18.779167 ], [ 32.924997, -18.773056 ], [ 32.949717, -18.690281 ], [ 32.88833, -18.530556 ], [ 33.017221, -18.463337 ], [ 33.001108, -18.412781 ], [ 33.073053, -18.348892 ], [ 32.969446, -18.246391 ], [ 33.001108, -18.183334 ], [ 32.946108, -17.975002 ], [ 32.973886, -17.930279 ], [ 32.96805, -17.823059 ], [ 33.019724, -17.799725 ], [ 33.043612, -17.620003 ], [ 32.954165, -17.500278 ], [ 33.041109, -17.344448 ], [ 32.991945, -17.306393 ], [ 32.968332, -17.147503 ], [ 32.842775, -16.936111 ], [ 32.938608, -16.842224 ], [ 32.981142, -16.709053 ], [ 32.767466, -16.71804 ], [ 32.707773, -16.68417 ], [ 32.701113, -16.600834 ], [ 32.377779, -16.470001 ], [ 31.90994, -16.425573 ], [ 31.899443, -16.355556 ], [ 31.721945, -16.214725 ], [ 31.42861, -16.163612 ], [ 31.276667, -16.018612 ], [ 31.137499, -15.995001 ], [ 31.00139, -16.065281 ], [ 30.92861, -16.002224 ], [ 30.422777, -16.009167 ], [ 30.415758, -15.631872 ], [ 30.354303, -15.658959 ], [ 30.255289, -15.639634 ], [ 30.214167, -15.664722 ], [ 30.152192, -15.631174 ], [ 29.989721, -15.651945 ] ] ] } },
{ "type": "Feature", "properties": { "id": "00-00-f0-66", "volumeName": "FIR HO-CHI-MINH", "icaoID": "VVTS" }, "geometry": { "type": "Polygon", "coordinates": [ [ [ 108.716665, 17.416666 ], [ 107.3, 17.0 ], [ 106.561098, 16.996943 ], [ 106.560259, 16.677496 ], [ 106.59833, 16.608889 ], [ 106.669985, 16.584444 ], [ 106.659716, 16.532499 ], [ 106.702211, 16.439718 ], [ 106.780275, 16.430552 ], [ 106.845263, 16.535555 ], [ 106.880541, 16.536112 ], [ 106.881929, 16.418886 ], [ 106.981089, 16.342497 ], [ 106.989153, 16.297777 ], [ 107.093874, 16.300833 ], [ 107.148882, 16.260832 ], [ 107.161104, 16.187777 ], [ 107.257494, 16.144163 ], [ 107.334154, 16.056944 ], [ 107.464708, 16.078611 ], [ 107.475275, 16.021112 ], [ 107.398333, 15.913889 ], [ 107.203875, 15.859999 ], [ 107.176935, 15.777777 ], [ 107.255259, 15.723886 ], [ 107.263048, 15.647779 ], [ 107.34276, 15.602777 ], [ 107.397493, 15.497499 ], [ 107.469713, 15.517221 ], [ 107.507769, 15.494997 ], [ 107.517763, 15.425833 ], [ 107.604433, 15.411943 ], [ 107.612764, 15.347498 ], [ 107.695253, 15.270834 ], [ 107.645266, 15.131666 ], [ 107.607759, 15.103609 ], [ 107.615259, 15.06222 ], [ 107.46776, 15.025 ], [ 107.482759, 14.966108 ], [ 107.588884, 14.89139 ], [ 107.513613, 14.80361 ], [ 107.558321, 14.651388 ], [ 107.483599, 14.438055 ], [ 107.416094, 14.429445 ], [ 107.378038, 14.352777 ], [ 107.383615, 14.23361 ], [ 107.341661, 14.124441 ], [ 107.380816, 14.006388 ], [ 107.45804, 13.985277 ], [ 107.481936, 13.910276 ], [ 107.461115, 13.792498 ], [ 107.533052, 13.721945 ], [ 107.628862, 13.542776 ], [ 107.636385, 13.381666 ], [ 107.483324, 13.020555 ], [ 107.51082, 12.879442 ], [ 107.569445, 12.795832 ], [ 107.59305, 12.603888 ], [ 107.555819, 12.37361 ], [ 107.434145, 12.251944 ], [ 107.350275, 12.333609 ], [ 107.166933, 12.277777 ], [ 106.981371, 12.086111 ], [ 106.789202, 12.073462 ], [ 106.719973, 11.969721 ], [ 106.420244, 11.973608 ], [ 106.469706, 11.870832 ], [ 106.422472, 11.760557 ], [ 106.458216, 11.665865 ], [ 106.390535, 11.698053 ], [ 106.305529, 11.677778 ], [ 106.260805, 11.726389 ], [ 106.046358, 11.777224 ], [ 105.961908, 11.643057 ], [ 105.851068, 11.659998 ], [ 105.814974, 11.609163 ], [ 105.881914, 11.545279 ], [ 105.901644, 11.438334 ], [ 105.869692, 11.296946 ], [ 105.94858, 11.202497 ], [ 106.008326, 11.189444 ], [ 106.109972, 11.061388 ], [ 106.159128, 11.093889 ], [ 106.190805, 11.053053 ], [ 106.214418, 10.975557 ], [ 106.152765, 10.974443 ], [ 106.145815, 10.915556 ], [ 106.20331, 10.770555 ], [ 106.082201, 10.802778 ], [ 105.957476, 10.9 ], [ 105.933031, 10.833609 ], [ 105.872469, 10.85 ], [ 105.779139, 11.022776 ], [ 105.543299, 10.948053 ], [ 105.427195, 10.96472 ], [ 105.347475, 10.842775 ], [ 105.276644, 10.888613 ], [ 105.114695, 10.917776 ], [ 105.096079, 10.953054 ], [ 105.037195, 10.88389 ], [ 105.094706, 10.711111 ], [ 104.961359, 10.638334 ], [ 104.871904, 10.526388 ], [ 104.595255, 10.533335 ], [ 104.501925, 10.413332 ], [ 103.896458, 10.651939 ], [ 102.543669, 8.837268 ], [ 103.000002, 7.000002 ], [ 108.000002, 7.000002 ], [ 114.000002, 10.500002 ], [ 114.000002, 14.500002 ], [ 112.000002, 14.500002 ], [ 108.716665, 17.416666 ] ] ] } },
{ "type": "Feature", "properties": { "id": "00-00-f0-67", "volumeName": "FIR HONG KONG", "icaoID": "VHHK" }, "geometry": { "type": "Polygon", "coordinates": [ [ [ 117.500002, 23.500002 ], [ 117.328803, 23.607356 ], [ 117.226204, 23.52088 ], [ 117.246857, 23.33867 ], [ 117.124035, 23.301179 ], [ 116.898117, 23.326341 ], [ 116.895875, 23.180932 ], [ 116.854919, 23.134231 ], [ 116.694681, 23.073967 ], [ 116.637904, 22.942617 ], [ 116.541584, 22.834251 ], [ 116.318052, 22.842419 ], [ 116.104994, 22.710202 ], [ 115.798529, 22.619285 ], [ 115.703181, 22.665971 ], [ 115.646992, 22.562765 ], [ 115.577124, 22.528645 ], [ 115.155621, 22.654577 ], [ 115.034768, 22.571628 ], [ 114.963193, 22.454053 ], [ 114.888636, 22.414201 ], [ 114.747107, 22.474568 ], [ 114.530283, 22.334065 ], [ 114.484789, 22.534689 ], [ 114.399545, 22.610195 ], [ 114.235135, 22.555393 ], [ 114.14745, 22.562699 ], [ 114.052463, 22.504243 ], [ 113.931897, 22.529816 ], [ 113.86857, 22.41047 ], [ 113.824724, 22.406816 ], [ 113.701839, 22.159759 ], [ 113.534201, 22.214399 ], [ 113.551507, 21.988045 ], [ 113.220652, 21.791325 ], [ 113.063532, 21.77853 ], [ 112.93748, 21.497337 ], [ 112.777883, 21.480187 ], [ 112.47374, 21.538545 ], [ 112.187333, 21.496279 ], [ 112.075413, 21.571229 ], [ 111.760816, 21.492296 ], [ 111.683216, 21.410364 ], [ 111.500085, 21.401026 ], [ 111.500002, 19.500002 ], [ 114.000002, 16.666666 ], [ 117.500002, 21.000002 ], [ 117.500002, 23.500002 ] ] ] } },
{ "type": "Feature", "properties": { "id": "00-00-f0-68", "volumeName": "FIR HONIARA", "icaoID": "AGGG" }, "geometry": { "type": "Polygon", "coordinates": [ [ [ 161.250002, -14.0 ], [ 163.000002, -14.0 ], [ 166.866667, -11.799999 ], [ 166.750002, -10.5 ], [ 160.000002, -4.833332 ], [ 159.000002, -4.833332 ], [ 156.033335, -6.549999 ], [ 156.033335, -6.666666 ], [ 155.916666, -6.85 ], [ 155.700003, -6.933332 ], [ 155.6, -6.933332 ], [ 155.000002, -7.316666 ], [ 155.000002, -14.0 ], [ 161.250002, -14.0 ] ] ] } },
{ "type": "Feature", "properties": { "id": "00-00-f0-69", "volumeName": "FIR HOUSTON", "icaoID": "KZHU" }, "geometry": { "type": "Polygon", "coordinates": [ [ [ -89.85, 31.630556 ], [ -90.345833, 31.65 ], [ -91.308332, 31.9125 ], [ -91.688889, 32.283333 ], [ -92.258333, 32.283335 ], [ -93.320833, 31.558332 ], [ -94.199999, 31.572222 ], [ -95.983332, 31.466669 ], [ -96.683332, 31.204168 ], [ -97.512499, 31.2125 ], [ -97.7125, 31.375002 ], [ -97.794443, 31.39028 ], [ -99.466667, 31.383333 ], [ -100.549999, 30.983335 ], [ -102.15, 31.283335 ], [ -102.562441, 29.767066 ], [ -102.548231, 29.744606 ], [ -102.486895, 29.786633 ], [ -102.387477, 29.761279 ], [ -102.364587, 29.845385 ], [ -102.315776, 29.880024 ], [ -102.072803, 29.786472 ], [ -101.976281, 29.815983 ], [ -101.92891, 29.782583 ], [ -101.852525, 29.807867 ], [ -101.823478, 29.787421 ], [ -101.81768, 29.811702 ], [ -101.804807, 29.780215 ], [ -101.644549, 29.754225 ], [ -101.57459, 29.769732 ], [ -101.54478, 29.812055 ], [ -101.535998, 29.758026 ], [ -101.461285, 29.790028 ], [ -101.447242, 29.750255 ], [ -101.397837, 29.767345 ], [ -101.416198, 29.746421 ], [ -101.362363, 29.651396 ], [ -101.302635, 29.650423 ], [ -101.302056, 29.575384 ], [ -101.25147, 29.625175 ], [ -101.255012, 29.520138 ], [ -101.060366, 29.458482 ], [ -101.009946, 29.368293 ], [ -100.81418, 29.263952 ], [ -100.772759, 29.168508 ], [ -100.675309, 29.10144 ], [ -100.640666, 28.914692 ], [ -100.535225, 28.805171 ], [ -100.500519, 28.662068 ], [ -100.398584, 28.585293 ], [ -100.388198, 28.514947 ], [ -100.334119, 28.499805 ], [ -100.368188, 28.475749 ], [ -100.292334, 28.276579 ], [ -100.22059, 28.232573 ], [ -100.208227, 28.19088 ], [ -100.086021, 28.146096 ], [ -99.990177, 27.993337 ], [ -99.93146, 27.980734 ], [ -99.876729, 27.797852 ], [ -99.813478, 27.774502 ], [ -99.710262, 27.657541 ], [ -99.638951, 27.626655 ], [ -99.599373, 27.641218 ], [ -99.511414, 27.565342 ], [ -99.528062, 27.498077 ], [ -99.478802, 27.479259 ], [ -99.504334, 27.339031 ], [ -99.536313, 27.311959 ], [ -99.441731, 27.250411 ], [ -99.445513, 27.020599 ], [ -99.269122, 26.842213 ], [ -99.170945, 26.541539 ], [ -99.105035, 26.500344 ], [ -99.113559, 26.432527 ], [ -99.084381, 26.397847 ], [ -98.974169, 26.401244 ], [ -98.943445, 26.369406 ], [ -98.926408, 26.394482 ], [ -98.896124, 26.35317 ], [ -98.805489, 26.368057 ], [ -98.671246, 26.237284 ], [ -98.585669, 26.257665 ], [ -98.481783, 26.200876 ], [ -98.444212, 26.224315 ], [ -98.386925, 26.157957 ], [ -98.335618, 26.165921 ], [ -98.305706, 26.103095 ], [ -98.265899, 26.120716 ], [ -98.288156, 26.104432 ], [ -98.194823, 26.053352 ], [ -98.081621, 26.071252 ], [ -98.076531, 26.036339 ], [ -98.027778, 26.066967 ], [ -97.861852, 26.070143 ], [ -97.761402, 26.025686 ], [ -97.662673, 26.038126 ], [ -97.567859, 25.952318 ], [ -97.582704, 25.932811 ], [ -97.537083, 25.930549 ], [ -97.521158, 25.886153 ], [ -97.455497, 25.884076 ], [ -97.426702, 25.841153 ], [ -97.409057, 25.862266 ], [ -97.406374, 25.837933 ], [ -97.363921, 25.850333 ], [ -97.368713, 25.915408 ], [ -97.276932, 25.935263 ], [ -97.284624, 25.959275 ], [ -97.158711, 25.948922 ], [ -97.00883, 26.000126 ], [ -95.916666, 26.000002 ], [ -95.15, 27.533333 ], [ -94.0, 28.250002 ], [ -89.0, 28.25 ], [ -88.0001, 28.141677 ], [ -88.025, 30.220835 ], [ -87.916667, 30.516667 ], [ -87.916667, 30.633333 ], [ -87.716667, 30.691668 ], [ -87.6583, 30.9583 ], [ -87.400024, 31.28057 ], [ -87.816667, 31.520833 ], [ -88.9, 31.547224 ], [ -89.85, 31.630556 ] ] ] } },
{ "type": "Feature", "properties": { "id": "00-00-f0-6a", "volumeName": "FIR HOUSTON OCEANIC", "icaoID": "KZHU" }, "geometry": { "type": "Polygon", "coordinates": [ [ [ -88.0001, 28.141677 ], [ -89.0, 28.25 ], [ -94.0, 28.250002 ], [ -95.15, 27.533333 ], [ -95.916667, 26.0 ], [ -93.0, 24.5 ], [ -88.0, 24.500002 ], [ -86.0, 24.000002 ], [ -84.999722, 24.0 ], [ -85.001273, 25.053279 ], [ -85.091667, 26.2 ], [ -85.413889, 26.602778 ], [ -86.0, 27.000001 ], [ -87.683333, 27.5 ], [ -88.0001, 28.141677 ] ] ] } },
{ "type": "Feature", "properties": { "id": "00-00-f0-6b", "volumeName": "FIR INCHEON", "icaoID": "RKRR" }, "geometry": { "type": "Polygon", "coordinates": [ [ [ 133.65, 38.633333 ], [ 128.416666, 38.633333 ], [ 128.307192, 38.588884 ], [ 128.301363, 38.468325 ], [ 128.243563, 38.395273 ], [ 128.079958, 38.311937 ], [ 127.822725, 38.299166 ], [ 127.777544, 38.336954 ], [ 127.505548, 38.301104 ], [ 127.222216, 38.318331 ], [ 127.106089, 38.2875 ], [ 126.990541, 38.21805 ], [ 126.807215, 38.000551 ], [ 126.686655, 37.948046 ], [ 126.671183, 37.783514 ], [ 126.569487, 37.767515 ], [ 126.427847, 37.835279 ], [ 126.240625, 37.824724 ], [ 126.199446, 37.806948 ], [ 126.178446, 37.725359 ], [ 126.014722, 37.661111 ], [ 125.748056, 37.7175 ], [ 125.514722, 37.684722 ], [ 125.239722, 37.586111 ], [ 125.045278, 37.640278 ], [ 124.864722, 37.769444 ], [ 124.85, 38.0 ], [ 124.000002, 38.000002 ], [ 124.000002, 30.000002 ], [ 125.416666, 30.000002 ], [ 126.833334, 32.500002 ], [ 127.500002, 32.500002 ], [ 129.166666, 34.666666 ], [ 133.000002, 37.500002 ], [ 133.000002, 38.000002 ], [ 133.65, 38.633333 ] ] ] } },
{ "type": "Feature", "properties": { "id": "00-00-f0-6d", "volumeName": "FIR INDIANAPOLIS", "icaoID": "KZID" }, "geometry": { "type": "Polygon", "coordinates": [ [ [ -83.65, 40.7375 ], [ -83.745833, 40.783333 ], [ -84.699999, 40.908333 ], [ -84.683333, 40.666667 ], [ -84.788889, 40.633333 ], [ -85.366667, 40.711111 ], [ -86.1, 40.0 ], [ -88.249999, 40.0 ], [ -88.148056, 39.868333 ], [ -88.094444, 38.485277 ], [ -88.233332, 38.15 ], [ -88.316666, 37.725 ], [ -87.397221, 37.275 ], [ -86.15, 37.300001 ], [ -85.583332, 36.9 ], [ -85.4, 36.183333 ], [ -80.745833, 37.304167 ], [ -80.841667, 37.466669 ], [ -80.566667, 38.766667 ], [ -80.400001, 39.166667 ], [ -80.5, 39.166667 ], [ -81.55, 39.75 ], [ -81.633333, 40.216667 ], [ -81.783333, 40.6 ], [ -83.333333, 40.508333 ], [ -83.5, 40.558332 ], [ -83.65, 40.7375 ] ] ] } },
{ "type": "Feature", "properties": { "id": "00-00-f0-6e", "volumeName": "FIR IRKUTSK", "icaoID": "UIII" }, "geometry": { "type": "Polygon", "coordinates": [ [ [ 113.716415, 59.37136 ], [ 109.991632, 60.4083 ], [ 108.781668, 60.7083 ], [ 108.033347, 61.266659 ], [ 106.700003, 60.766668 ], [ 104.436915, 59.371693 ], [ 102.500002, 58.050001 ], [ 100.749471, 57.93758 ], [ 97.533335, 57.450003 ], [ 98.000002, 55.933332 ], [ 96.000002, 54.000002 ], [ 99.000002, 53.000002 ], [ 99.015825, 52.067499 ], [ 99.258333, 52.001665 ], [ 99.344988, 51.942217 ], [ 99.721926, 51.893053 ], [ 99.969988, 51.746103 ], [ 100.553591, 51.735826 ], [ 101.142763, 51.535273 ], [ 101.273882, 51.521105 ], [ 101.377474, 51.452776 ], [ 101.601091, 51.484163 ], [ 102.077211, 51.390833 ], [ 102.218874, 51.333605 ], [ 102.224993, 51.306383 ], [ 102.154161, 51.244997 ], [ 102.168261, 51.120432 ], [ 102.258043, 50.980547 ], [ 102.265001, 50.893328 ], [ 102.232759, 50.825556 ], [ 102.356371, 50.72249 ], [ 102.293871, 50.642771 ], [ 102.336649, 50.561937 ], [ 102.536654, 50.513056 ], [ 102.619432, 50.411104 ], [ 102.779711, 50.387217 ], [ 102.941935, 50.309992 ], [ 103.245531, 50.302774 ], [ 103.30942, 50.201387 ], [ 103.4536, 50.206385 ], [ 103.640551, 50.138605 ], [ 103.729158, 50.143366 ], [ 103.820543, 50.201181 ], [ 104.101931, 50.14992 ], [ 104.250269, 50.184885 ], [ 104.425539, 50.311373 ], [ 104.625528, 50.318308 ], [ 104.966661, 50.40484 ], [ 105.132204, 50.398333 ], [ 105.335543, 50.483606 ], [ 105.644442, 50.424715 ], [ 105.989153, 50.410547 ], [ 106.069429, 50.375269 ], [ 106.07831, 50.341631 ], [ 106.253328, 50.298334 ], [ 106.663042, 50.338602 ], [ 106.794985, 50.308046 ], [ 107.005548, 50.201105 ], [ 107.078325, 50.084993 ], [ 107.182215, 50.024164 ], [ 107.271929, 50.000551 ], [ 107.318605, 50.022493 ], [ 107.408602, 49.979433 ], [ 107.74721, 49.980822 ], [ 107.813311, 49.948603 ], [ 107.977129, 49.943628 ], [ 107.955263, 49.851664 ], [ 107.989153, 49.744997 ], [ 107.949144, 49.678049 ], [ 108.031939, 49.674715 ], [ 108.030275, 49.62166 ], [ 108.071932, 49.589991 ], [ 108.271929, 49.535555 ], [ 108.368593, 49.438326 ], [ 108.554705, 49.336107 ], [ 108.950548, 49.357775 ], [ 109.074999, 49.334436 ], [ 109.206942, 49.360277 ], [ 109.351931, 49.336939 ], [ 109.544146, 49.232492 ], [ 109.739435, 49.234995 ], [ 109.850275, 49.189989 ], [ 109.993319, 49.201937 ], [ 110.20804, 49.169161 ], [ 110.318605, 49.195543 ], [ 110.401094, 49.254999 ], [ 110.460825, 49.206942 ], [ 110.700274, 49.142221 ], [ 110.955553, 49.191103 ], [ 111.37137, 49.374163 ], [ 111.498034, 49.349161 ], [ 111.682215, 49.406656 ], [ 111.963884, 49.406939 ], [ 112.491655, 49.541384 ], [ 112.766939, 49.500834 ], [ 113.090822, 49.598604 ], [ 113.101381, 49.678881 ], [ 113.216661, 49.819162 ], [ 113.586115, 50.01639 ], [ 113.782495, 50.086939 ], [ 113.874689, 50.086939 ], [ 114.176378, 50.248331 ], [ 114.313028, 50.284166 ], [ 114.443865, 50.245272 ], [ 114.675814, 50.264162 ], [ 114.854158, 50.228327 ], [ 115.03998, 50.141939 ], [ 115.221369, 49.988329 ], [ 115.414705, 49.898333 ], [ 115.754709, 49.884439 ], [ 116.069719, 50.002779 ], [ 116.246096, 50.027491 ], [ 116.615541, 49.931383 ], [ 116.715273, 49.827219 ], [ 116.983049, 49.709436 ], [ 117.259432, 49.631105 ], [ 117.494432, 49.623049 ], [ 117.859713, 49.510553 ], [ 118.365808, 49.77833 ], [ 118.385538, 49.816668 ], [ 118.464708, 49.824442 ], [ 118.526384, 49.896662 ], [ 118.640825, 49.948877 ], [ 119.214159, 50.015276 ], [ 119.329714, 50.106661 ], [ 119.328875, 50.273882 ], [ 119.367159, 50.315592 ], [ 119.34804, 50.34833 ], [ 119.19832, 50.34527 ], [ 119.138605, 50.394716 ], [ 119.242205, 50.445269 ], [ 119.286928, 50.593882 ], [ 119.502214, 50.74222 ], [ 119.522493, 50.904993 ], [ 119.746645, 51.07361 ], [ 119.78055, 51.166101 ], [ 119.755259, 51.207499 ], [ 119.818048, 51.214159 ], [ 119.80971, 51.264162 ], [ 119.920824, 51.336382 ], [ 119.891375, 51.374163 ], [ 119.956652, 51.389994 ], [ 119.983049, 51.493052 ], [ 120.04915, 51.547777 ], [ 120.096941, 51.661379 ], [ 120.176378, 51.671938 ], [ 120.488588, 51.877214 ], [ 120.652346, 51.913805 ], [ 120.71277, 51.982492 ], [ 120.694979, 52.048609 ], [ 120.776659, 52.115 ], [ 120.759165, 52.239161 ], [ 120.622759, 52.340273 ], [ 120.686655, 52.433603 ], [ 120.71361, 52.544718 ], [ 120.440264, 52.637217 ], [ 120.18915, 52.580278 ], [ 120.073038, 52.589991 ], [ 120.03055, 52.617212 ], [ 120.029161, 52.768053 ], [ 120.272776, 52.857775 ], [ 120.863878, 53.279718 ], [ 121.20833, 53.270548 ], [ 121.324999, 53.318331 ], [ 121.473795, 53.323816 ], [ 121.829988, 53.41305 ], [ 122.062189, 53.41221 ], [ 122.332491, 53.483881 ], [ 121.983335, 53.966669 ], [ 122.333334, 55.500002 ], [ 119.66667, 56.690035 ], [ 119.335035, 58.415003 ], [ 114.8617, 59.6 ], [ 113.878366, 59.323366 ], [ 113.716415, 59.37136 ] ] ] } },
{ "type": "Feature", "properties": { "id": "00-00-f0-6f", "volumeName": "FIR ISLA DE PASCUA", "icaoID": "SCIZ" }, "geometry": { "type": "Polygon", "coordinates": [ [ [ -129.37497, -89.999994 ], [ -89.999994, -89.999995 ], [ -90.0, -15.0 ], [ -120.0, -15.0 ], [ -120.0, -30.0 ], [ -131.0, -30.0 ], [ -130.999986, -89.999994 ], [ -129.37497, -89.999994 ] ] ] } },
{ "type": "Feature", "properties": { "id": "00-00-f0-70", "volumeName": "FIR ISTANBUL", "icaoID": "LTBB" }, "geometry": { "type": "Polygon", "coordinates": [ [ [ 30.75, 42.8 ], [ 29.000002, 42.116667 ], [ 28.013056, 41.982218 ], [ 27.830275, 42.00139 ], [ 27.834997, 41.947779 ], [ 27.705832, 41.977488 ], [ 27.575556, 41.93638 ], [ 27.572222, 41.907221 ], [ 27.287779, 42.10055 ], [ 27.229445, 42.108332 ], [ 27.201666, 42.060556 ], [ 27.070272, 42.089991 ], [ 26.966108, 42.005274 ], [ 26.843328, 41.972216 ], [ 26.625277, 41.983332 ], [ 26.542219, 41.828051 ], [ 26.381662, 41.823046 ], [ 26.345552, 41.786654 ], [ 26.355829, 41.714434 ], [ 26.598455, 41.606684 ], [ 26.633886, 41.354441 ], [ 26.589994, 41.327768 ], [ 26.537218, 41.346102 ], [ 26.415277, 41.259439 ], [ 26.330275, 41.253878 ], [ 26.31111, 41.116655 ], [ 26.339724, 41.111933 ], [ 26.320555, 41.076113 ], [ 26.375277, 41.025553 ], [ 26.329721, 40.986666 ], [ 26.359446, 40.951937 ], [ 26.222219, 40.89139 ], [ 26.215834, 40.840273 ], [ 26.157221, 40.81444 ], [ 26.118334, 40.745546 ], [ 26.044722, 40.735826 ], [ 25.866667, 40.613337 ], [ 25.91667, 40.496668 ], [ 25.833334, 40.363337 ], [ 25.633333, 40.313337 ], [ 25.583334, 40.163336 ], [ 25.750002, 39.496668 ], [ 26.000002, 39.363337 ], [ 26.336473, 39.423216 ], [ 26.451666, 39.396669 ], [ 26.690905, 39.086725 ], [ 26.690905, 38.976038 ], [ 26.309893, 38.648405 ], [ 26.305464, 38.475733 ], [ 26.221285, 38.316343 ], [ 26.199133, 38.17024 ], [ 27.036474, 37.842607 ], [ 27.147234, 37.749628 ], [ 26.974447, 37.647799 ], [ 27.182676, 37.249323 ], [ 27.151663, 37.063372 ], [ 27.209257, 36.943827 ], [ 27.430777, 36.912836 ], [ 27.302294, 36.7623 ], [ 27.275713, 36.651617 ], [ 27.509691, 36.510351 ], [ 27.843294, 36.701216 ], [ 28.063181, 36.482431 ], [ 28.339003, 36.54093 ], [ 29.404505, 36.146193 ], [ 29.463728, 36.18236 ], [ 29.600393, 36.159754 ], [ 29.658113, 36.11772 ], [ 30.000002, 36.08338 ], [ 30.000002, 38.996668 ], [ 31.000002, 39.496668 ], [ 31.0, 42.8 ], [ 30.75, 42.8 ] ] ] } },
{ "type": "Feature", "properties": { "id": "00-00-f0-72", "volumeName": "FIR JACKSONVILLE", "icaoID": "KZJX" }, "geometry": { "type": "Polygon", "coordinates": [ [ [ -79.916667, 34.85 ], [ -80.147222, 34.855556 ], [ -80.468889, 34.7475 ], [ -81.679167, 34.25 ], [ -81.85, 33.888889 ], [ -81.841667, 32.9 ], [ -81.933333, 32.5625 ], [ -82.200001, 32.291667 ], [ -82.645833, 32.447222 ], [ -83.495833, 32.125 ], [ -83.8, 32.091667 ], [ -86.95, 31.491667 ], [ -87.4, 31.2806 ], [ -87.6583, 30.9583 ], [ -87.716667, 30.691667 ], [ -87.916667, 30.633333 ], [ -87.916667, 30.516667 ], [ -88.025, 30.220833 ], [ -88.0001, 28.141677 ], [ -87.683332, 27.500002 ], [ -85.999999, 27.000001 ], [ -85.25, 27.5 ], [ -84.95313, 28.044548 ], [ -84.618963, 28.073993 ], [ -84.019796, 28.561215 ], [ -83.519796, 28.411215 ], [ -82.941666, 27.950003 ], [ -82.383333, 27.950003 ], [ -81.0, 28.566668 ], [ -80.986111, 28.727778 ], [ -80.733333, 28.9 ], [ -80.183332, 29.000002 ], [ -79.616667, 29.208334 ], [ -79.311111, 30.137503 ], [ -79.184721, 30.20278 ], [ -77.0, 30.000002 ], [ -77.0, 32.25 ], [ -76.779444, 32.967778 ], [ -78.75, 34.444444 ], [ -79.333333, 34.425 ], [ -79.916667, 34.85 ] ] ] } },
{ "type": "Feature", "properties": { "id": "00-00-f0-73", "volumeName": "FIR JAKARTA", "icaoID": "WIIF" }, "geometry": { "type": "Polygon", "coordinates": [ [ [ 103.676924, -0.298977 ], [ 103.357065, -0.244043 ], [ 103.073489, -0.130466 ], [ 102.811255, 0.02671 ], [ 102.555942, 0.264414 ], [ 102.369964, 0.524067 ], [ 102.194881, 0.954218 ], [ 102.150634, 1.258215 ], [ 102.166667, 1.65 ], [ 97.500002, 6.000002 ], [ 92.000002, 6.000002 ], [ 92.000002, -2.0 ], [ 99.887368, -7.373913 ], [ 103.419292, -9.705566 ], [ 107.000002, -12.0 ], [ 114.500002, -12.0 ], [ 110.383333, -8.333332 ], [ 110.383333, -3.0 ], [ 113.616381, 1.25139 ], [ 113.579314, 1.308617 ], [ 113.498212, 1.317265 ], [ 113.420617, 1.285245 ], [ 113.326894, 1.375228 ], [ 113.143656, 1.386914 ], [ 113.106026, 1.445579 ], [ 112.970701, 1.411923 ], [ 113.068631, 1.532056 ], [ 112.990568, 1.579735 ], [ 112.88993, 1.5856 ], [ 112.837246, 1.5386 ], [ 112.486429, 1.580436 ], [ 112.432906, 1.526213 ], [ 112.211571, 1.447682 ], [ 112.199418, 1.409352 ], [ 112.231671, 1.376397 ], [ 112.169735, 1.280337 ], [ 112.143263, 1.139669 ], [ 111.93533, 1.11744 ], [ 111.82829, 0.98767 ], [ 111.6657, 1.03988 ], [ 111.54933, 0.98205 ], [ 111.54399, 0.9492 ], [ 111.488337, 1.034219 ], [ 111.394491, 1.01266 ], [ 111.232481, 1.085581 ], [ 111.193168, 1.056412 ], [ 110.898316, 1.028195 ], [ 110.85854, 0.95401 ], [ 110.80557, 0.94492 ], [ 110.80412, 0.90309 ], [ 110.76583, 0.93074 ], [ 110.66644, 0.8792 ], [ 110.63477, 0.91028 ], [ 110.61987, 0.8671 ], [ 110.57191, 0.85522 ], [ 110.46333, 0.89193 ], [ 110.39388, 0.99293 ], [ 110.27403, 0.99354 ], [ 110.27889, 1.04433 ], [ 110.192574, 1.182596 ], [ 110.05856, 1.20847 ], [ 110.05268, 1.26619 ], [ 109.97873, 1.29729 ], [ 109.95576, 1.39986 ], [ 109.846995, 1.425453 ], [ 109.82817, 1.48158 ], [ 109.80166, 1.46228 ], [ 109.65923, 1.61965 ], [ 109.681815, 1.785933 ], [ 109.57801, 1.81057 ], [ 109.53602, 1.92145 ], [ 109.61904, 1.982184 ], [ 109.63569, 2.08308 ], [ 109.57422, 1.99385 ], [ 109.31585, 1.93108 ], [ 109.32755, 1.83969 ], [ 109.26054, 1.67846 ], [ 109.05147, 1.52363 ], [ 109.03606, 1.34471 ], [ 108.95333, 1.21854 ], [ 108.96238, 1.1745 ], [ 108.90814, 1.16392 ], [ 108.96994, 0.95425 ], [ 108.93945, 0.89012 ], [ 108.839, 0.8146 ], [ 108.92543, 0.60521 ], [ 108.9031, 0.4948 ], [ 108.94341, 0.39389 ], [ 108.91167, 0.31786 ], [ 109.002951, 0.299771 ], [ 108.999996, 0.000986 ], [ 108.000002, 0.0 ], [ 106.000002, -0.833332 ], [ 105.166666, 0.0 ], [ 104.766593, -0.000042 ], [ 104.463143, -0.170871 ], [ 104.130969, -0.2745 ], [ 103.676924, -0.298977 ] ] ] } },
{ "type": "Feature", "properties": { "id": "00-00-f0-74", "volumeName": "FIR JEDDAH", "icaoID": "OEJD" }, "geometry": { "type": "Polygon", "coordinates": [ [ [ 34.583333, 28.1 ], [ 38.0, 22.0 ], [ 38.500001, 19.999999 ], [ 41.0, 16.0 ], [ 41.500002, 15.633333 ], [ 41.663056, 15.665278 ], [ 41.875, 15.783333 ], [ 42.0, 16.0 ], [ 41.783333, 16.29 ], [ 42.15, 16.404111 ], [ 42.772139, 16.404111 ], [ 42.830611, 16.379528 ], [ 42.94975, 16.399472 ], [ 42.950306, 16.496972 ], [ 43.120722, 16.528583 ], [ 43.144795, 16.671803 ], [ 43.234722, 16.642833 ], [ 43.211667, 16.709694 ], [ 43.26511, 16.753985 ], [ 43.266611, 16.794889 ], [ 43.179972, 16.849056 ], [ 43.138111, 16.917583 ], [ 43.19404, 16.944712 ], [ 43.179222, 17.025833 ], [ 43.248639, 17.01525 ], [ 43.227222, 17.075361 ], [ 43.160167, 17.086972 ], [ 43.151947, 17.174711 ], [ 43.216306, 17.210361 ], [ 43.203216, 17.25957 ], [ 43.3365, 17.304 ], [ 43.228028, 17.385528 ], [ 43.229671, 17.432074 ], [ 43.2565, 17.457833 ], [ 43.24075, 17.480528 ], [ 43.35475, 17.556389 ], [ 43.484639, 17.545111 ], [ 43.683333, 17.366667 ], [ 43.788889, 17.375 ], [ 43.831944, 17.338889 ], [ 43.966667, 17.330556 ], [ 44.011361, 17.402472 ], [ 44.066667, 17.405833 ], [ 44.110833, 17.366389 ], [ 44.138056, 17.408889 ], [ 44.366111, 17.433333 ], [ 44.566667, 17.405556 ], [ 44.65, 17.433333 ], [ 45.216668, 17.433332 ], [ 45.4, 17.333333 ], [ 46.1, 17.25 ], [ 46.366667, 17.233333 ], [ 46.75, 17.283333 ], [ 47.0, 16.95 ], [ 47.183333, 16.95 ], [ 47.466667, 17.116667 ], [ 47.6, 17.45 ], [ 48.183333, 18.166667 ], [ 49.116667, 18.616667 ], [ 50.783333, 18.788889 ], [ 52.0, 19.0 ], [ 55.000002, 20.000002 ], [ 55.666667, 22.0 ], [ 55.208333, 22.708333 ], [ 55.13377, 22.628471 ], [ 52.581583, 22.935776 ], [ 51.590556, 24.123333 ], [ 51.572778, 24.713056 ], [ 51.405833, 24.629722 ], [ 51.413611, 24.596944 ], [ 51.313611, 24.485278 ], [ 51.098611, 24.471111 ], [ 50.928889, 24.545278 ], [ 50.811667, 24.744444 ], [ 50.793889, 24.878889 ], [ 50.664167, 25.132778 ], [ 50.595556, 25.519722 ], [ 50.435486, 25.6825 ], [ 50.301839, 25.883758 ], [ 50.269625, 26.080583 ], [ 50.314539, 26.171744 ], [ 50.3875, 26.53 ], [ 50.466389, 26.572222 ], [ 49.133333, 27.833333 ], [ 48.684167, 28.544722 ], [ 47.708333, 28.525 ], [ 47.6, 28.683333 ], [ 47.6, 28.783333 ], [ 47.466667, 29.0 ], [ 46.554013, 29.100959 ], [ 46.426672, 29.061663 ], [ 44.721733, 29.198561 ], [ 42.085464, 31.111633 ], [ 41.440539, 31.373113 ], [ 40.413332, 31.948332 ], [ 39.200858, 32.154397 ], [ 38.995932, 31.996462 ], [ 36.998819, 31.500464 ], [ 37.997157, 30.500602 ], [ 37.665532, 30.332653 ], [ 37.499767, 29.999148 ], [ 36.753519, 29.868496 ], [ 36.504535, 29.499939 ], [ 36.070081, 29.18504 ], [ 34.954878, 29.356778 ], [ 34.583333, 28.1 ] ] ] } },
{ "type": "Feature", "properties": { "id": "00-00-f0-75", "volumeName": "FIR JOHANNESBURG", "icaoID": "FAJA" }, "geometry": { "type": "Polygon", "coordinates": [ [ [ 29.67, -22.136391 ], [ 29.548613, -22.150002 ], [ 29.530554, -22.181114 ], [ 29.221388, -22.182224 ], [ 29.024797, -22.227108 ], [ 28.910692, -22.458794 ], [ 28.847502, -22.453892 ], [ 28.82889, -22.490837 ], [ 28.634443, -22.563335 ], [ 28.35111, -22.578335 ], [ 28.179636, -22.686436 ], [ 28.156389, -22.773056 ], [ 28.042776, -22.841114 ], [ 28.033335, -22.918613 ], [ 27.938612, -22.955559 ], [ 27.942778, -23.043892 ], [ 27.809168, -23.133057 ], [ 27.773611, -23.126392 ], [ 27.786112, -23.165279 ], [ 27.743055, -23.228615 ], [ 27.697779, -23.198612 ], [ 27.644724, -23.231113 ], [ 27.601389, -23.22028 ], [ 27.526388, -23.382225 ], [ 27.452776, -23.385281 ], [ 27.4275, -23.416946 ], [ 27.413057, -23.388336 ], [ 27.375555, -23.42028 ], [ 27.344999, -23.397503 ], [ 27.289446, -23.463612 ], [ 27.192499, -23.49667 ], [ 27.198057, -23.528336 ], [ 27.130835, -23.525837 ], [ 27.144724, -23.56889 ], [ 27.062223, -23.609447 ], [ 27.067221, -23.660835 ], [ 27.038889, -23.675282 ], [ 27.006388, -23.641392 ], [ 26.970278, -23.698059 ], [ 26.845278, -24.264446 ], [ 26.721388, -24.311668 ], [ 26.554998, -24.436947 ], [ 26.411043, -24.628273 ], [ 26.265276, -24.637501 ], [ 25.986113, -24.734726 ], [ 25.867418, -24.740105 ], [ 25.87361, -24.899723 ], [ 25.769445, -25.208336 ], [ 25.671389, -25.47028 ], [ 25.585451, -25.621929 ], [ 25.524168, -25.670002 ], [ 25.351389, -25.75639 ], [ 25.152224, -25.762222 ], [ 25.029165, -25.728615 ], [ 24.898054, -25.810837 ], [ 24.677202, -25.827824 ], [ 24.446112, -25.735558 ], [ 24.34889, -25.754448 ], [ 24.188612, -25.62167 ], [ 24.000277, -25.65889 ], [ 23.998056, -25.616947 ], [ 23.905279, -25.628613 ], [ 23.742777, -25.468334 ], [ 23.496389, -25.333889 ], [ 23.453054, -25.27639 ], [ 23.414167, -25.298336 ], [ 23.194445, -25.264168 ], [ 23.071112, -25.328892 ], [ 23.014833, -25.299725 ], [ 22.910002, -25.396946 ], [ 22.878054, -25.471947 ], [ 22.838335, -25.477222 ], [ 22.817221, -25.673615 ], [ 22.730276, -25.788891 ], [ 22.768057, -25.834724 ], [ 22.703054, -25.887501 ], [ 22.731112, -25.917225 ], [ 22.712778, -25.999168 ], [ 22.658056, -26.01889 ], [ 22.660555, -26.061668 ], [ 22.532778, -26.221111 ], [ 22.479166, -26.202778 ], [ 22.416388, -26.228889 ], [ 22.354445, -26.324169 ], [ 22.249445, -26.341114 ], [ 22.056112, -26.625557 ], [ 21.770277, -26.680279 ], [ 21.771387, -26.792225 ], [ 21.667223, -26.864445 ], [ 21.410555, -26.821667 ], [ 21.144167, -26.866669 ], [ 21.003332, -26.84528 ], [ 21.000002, -27.5 ], [ 15.000002, -27.5 ], [ 15.000002, -30.5 ], [ 21.250002, -30.5 ], [ 23.750002, -31.333332 ], [ 26.029311, -30.923418 ], [ 28.288331, -30.473658 ], [ 29.51985, -31.608878 ], [ 32.000002, -33.0 ], [ 35.000002, -27.833332 ], [ 32.890429, -26.847145 ], [ 32.133402, -26.839626 ], [ 32.129168, -26.505836 ], [ 32.072222, -26.393333 ], [ 32.061106, -26.261391 ], [ 32.103052, -26.162224 ], [ 32.089998, -26.009445 ], [ 31.968512, -25.95784 ], [ 31.919443, -25.814167 ], [ 31.981668, -25.672501 ], [ 32.019999, -25.65028 ], [ 31.988054, -25.504169 ], [ 32.016108, -24.459446 ], [ 31.885832, -24.171116 ], [ 31.87639, -23.927502 ], [ 31.769724, -23.856392 ], [ 31.683611, -23.613613 ], [ 31.550833, -23.476669 ], [ 31.561666, -23.186668 ], [ 31.30361, -22.426113 ], [ 31.261946, -22.366947 ], [ 31.166388, -22.325279 ], [ 31.089445, -22.337502 ], [ 30.907778, -22.289448 ], [ 30.306944, -22.345558 ], [ 30.231112, -22.292225 ], [ 30.125696, -22.296833 ], [ 29.932501, -22.188057 ], [ 29.67, -22.136391 ] ] ] } },
{ "type": "Feature", "properties": { "id": "00-00-f0-76", "volumeName": "FIR JOHANNESBURG OCEANIC", "icaoID": "FAJO" }, "geometry": { "type": "Polygon", "coordinates": [ [ [ 10.000002, -18.000405 ], [ -5.0, -18.0 ], [ -10.0, -20.0 ], [ -10.0, -90.0 ], [ 75.0, -90.0 ], [ 75.000002, -45.0 ], [ 57.000002, -45.0 ], [ 57.000002, -30.0 ], [ 40.000002, -30.0 ], [ 35.000002, -27.833332 ], [ 32.000002, -33.0 ], [ 28.000002, -37.0 ], [ 15.000002, -37.0 ], [ 15.000002, -27.5 ], [ 10.000002, -27.5 ], [ 10.000002, -18.000405 ] ] ] } },
{ "type": "Feature", "properties": { "id": "00-00-f0-77", "volumeName": "FIR KALININGRAD", "icaoID": "UMKK" }, "geometry": { "type": "Polygon", "coordinates": [ [ [ 20.984816, 55.276552 ], [ 18.021982, 56.093958 ], [ 17.550001, 55.85 ], [ 19.65111, 54.455828 ], [ 21.411943, 54.32583 ], [ 22.785887, 54.36384 ], [ 22.694441, 54.473322 ], [ 22.698332, 54.589434 ], [ 22.740553, 54.72777 ], [ 22.842497, 54.777491 ], [ 22.869165, 54.823328 ], [ 22.834997, 54.901659 ], [ 22.755556, 54.920549 ], [ 22.770555, 54.938883 ], [ 22.732218, 54.962496 ], [ 22.640833, 54.966387 ], [ 22.599203, 55.071131 ], [ 22.197218, 55.061663 ], [ 22.061945, 55.027491 ], [ 22.009722, 55.08777 ], [ 21.863054, 55.091936 ], [ 21.640276, 55.184717 ], [ 21.503889, 55.193323 ], [ 21.381285, 55.287096 ], [ 21.263937, 55.248987 ], [ 20.984816, 55.276552 ] ] ] } },
{ "type": "Feature", "properties": { "id": "00-00-f0-78", "volumeName": "FIR KAMENNY", "icaoID": "USDK" }, "geometry": { "type": "Polygon", "coordinates": [ [ [ 81.665765, 67.399891 ], [ 80.003262, 68.664341 ], [ 79.330291, 69.766998 ], [ 78.583334, 70.866667 ], [ 76.000002, 71.883333 ], [ 74.466669, 72.983335 ], [ 70.916684, 73.666667 ], [ 68.666695, 73.666666 ], [ 66.283359, 71.500001 ], [ 65.666692, 70.833334 ], [ 66.251121, 69.850934 ], [ 66.783356, 68.866667 ], [ 68.000023, 68.433333 ], [ 67.366301, 67.749826 ], [ 78.216689, 66.999998 ], [ 81.665765, 67.399891 ] ] ] } },
{ "type": "Feature", "properties": { "id": "00-00-f0-79", "volumeName": "FIR KANO", "icaoID": "DNKK" }, "geometry": { "type": "Polygon", "coordinates": [ [ [ 11.082224, 6.697779 ], [ 11.098301, 6.519983 ], [ 11.138114, 6.530293 ], [ 11.168389, 6.499847 ], [ 11.197746, 6.537536 ], [ 11.279339, 6.537581 ], [ 11.349989, 6.500023 ], [ 11.355741, 6.525095 ], [ 11.419393, 6.52978 ], [ 11.437223, 6.590834 ], [ 11.514723, 6.604166 ], [ 11.562498, 6.667501 ], [ 11.589167, 6.780001 ], [ 11.554724, 6.821112 ], [ 11.5875, 6.892221 ], [ 11.823057, 7.074167 ], [ 11.886667, 7.078054 ], [ 11.894167, 7.123056 ], [ 11.749723, 7.270556 ], [ 12.040834, 7.57361 ], [ 12.043612, 7.739721 ], [ 12.221109, 7.970835 ], [ 12.199167, 8.087221 ], [ 12.255556, 8.197779 ], [ 12.253889, 8.408056 ], [ 12.341112, 8.421667 ], [ 12.421667, 8.500002 ], [ 12.386389, 8.613054 ], [ 12.492498, 8.628889 ], [ 12.568888, 8.600557 ], [ 12.687498, 8.660833 ], [ 12.728334, 8.759443 ], [ 12.796946, 8.769724 ], [ 12.85111, 9.014444 ], [ 12.838335, 9.07472 ], [ 12.919168, 9.277498 ], [ 12.91609, 9.338896 ], [ 12.845858, 9.356947 ], [ 13.02389, 9.496111 ], [ 13.186666, 9.526667 ], [ 13.239168, 9.57889 ], [ 13.285833, 9.8025 ], [ 13.231112, 9.865557 ], [ 13.265554, 9.984999 ], [ 13.251112, 10.066668 ], [ 13.398054, 10.111113 ], [ 13.462221, 10.171946 ], [ 13.560835, 10.64361 ], [ 13.768057, 10.931665 ], [ 13.777498, 11.030001 ], [ 13.844168, 11.073889 ], [ 13.886667, 11.170557 ], [ 14.003611, 11.283335 ], [ 14.188612, 11.244165 ], [ 14.410833, 11.403891 ], [ 14.610556, 11.499166 ], [ 14.646387, 11.575834 ], [ 14.641111, 11.646944 ], [ 14.558332, 11.715277 ], [ 14.611113, 11.772223 ], [ 14.649443, 11.914999 ], [ 14.619165, 12.035555 ], [ 14.645834, 12.05028 ], [ 14.668055, 12.177221 ], [ 14.611856, 12.179029 ], [ 14.490835, 12.335833 ], [ 14.214445, 12.347776 ], [ 14.170557, 12.387777 ], [ 14.199167, 12.50139 ], [ 14.07472, 13.081667 ], [ 13.62512, 13.71834 ], [ 13.347776, 13.719999 ], [ 13.204721, 13.528334 ], [ 13.152777, 13.523611 ], [ 13.146387, 13.548613 ], [ 13.130835, 13.520555 ], [ 13.08111, 13.524721 ], [ 13.066389, 13.548613 ], [ 12.876112, 13.473333 ], [ 12.843054, 13.487223 ], [ 12.864721, 13.455 ], [ 12.795832, 13.396112 ], [ 12.800554, 13.365557 ], [ 12.771944, 13.379446 ], [ 12.675554, 13.280001 ], [ 12.638056, 13.305834 ], [ 12.594721, 13.278055 ], [ 12.478056, 13.056665 ], [ 12.068335, 13.122221 ], [ 11.819723, 13.273054 ], [ 11.463335, 13.373335 ], [ 11.066668, 13.359724 ], [ 10.724165, 13.386389 ], [ 10.134722, 13.252501 ], [ 9.929998, 13.133055 ], [ 9.914167, 13.07472 ], [ 9.873056, 13.075277 ], [ 9.634932, 12.802435 ], [ 8.984999, 12.846666 ], [ 8.66361, 12.943335 ], [ 8.541945, 13.074999 ], [ 8.432394, 13.063776 ], [ 8.273611, 13.213057 ], [ 8.122221, 13.30361 ], [ 7.815001, 13.352777 ], [ 7.379721, 13.099722 ], [ 7.218889, 13.125555 ], [ 7.090555, 12.995279 ], [ 6.933332, 12.997221 ], [ 6.806391, 13.108057 ], [ 6.679167, 13.343889 ], [ 6.423056, 13.605276 ], [ 6.285002, 13.683889 ], [ 6.160833, 13.643057 ], [ 5.548368, 13.8915 ], [ 5.365, 13.847502 ], [ 5.289167, 13.752779 ], [ 4.923613, 13.736387 ], [ 4.885557, 13.781389 ], [ 4.469999, 13.686945 ], [ 4.247778, 13.48139 ], [ 4.1425, 13.476946 ], [ 4.139723, 13.177221 ], [ 4.105001, 12.996389 ], [ 3.95278, 12.748888 ], [ 3.657778, 12.528891 ], [ 3.668615, 12.255552 ], [ 3.63695, 12.107771 ], [ 3.671667, 11.975557 ], [ 3.616945, 11.919722 ], [ 3.631666, 11.825277 ], [ 3.668612, 11.812498 ], [ 3.688334, 11.749723 ], [ 3.568335, 11.646944 ], [ 3.475, 11.429724 ], [ 3.697779, 11.124445 ], [ 3.739168, 11.116667 ], [ 3.731668, 11.029444 ], [ 3.775278, 10.898611 ], [ 3.748613, 10.803057 ], [ 3.796946, 10.720835 ], [ 3.846666, 10.703054 ], [ 3.855001, 10.585001 ], [ 3.793612, 10.405554 ], [ 3.683889, 10.448057 ], [ 3.637224, 10.411665 ], [ 3.581945, 10.275278 ], [ 3.683889, 10.170557 ], [ 3.671114, 10.093889 ], [ 3.625555, 10.070555 ], [ 3.609446, 9.948057 ], [ 3.525278, 9.844168 ], [ 3.476946, 9.856943 ], [ 3.346666, 9.809168 ], [ 3.33111, 9.755835 ], [ 3.363333, 9.681944 ], [ 3.317225, 9.63611 ], [ 3.263334, 9.635832 ], [ 3.263334, 9.591665 ], [ 3.141668, 9.441111 ], [ 3.170279, 9.274443 ], [ 3.094999, 9.090555 ], [ 2.785639, 9.060789 ], [ 2.770002, 8.811666 ], [ 2.738611, 8.781111 ], [ 2.762777, 8.519167 ], [ 2.709169, 8.338888 ], [ 2.753611, 8.206945 ], [ 2.681948, 7.89353 ], [ 2.742224, 7.808611 ], [ 2.740557, 7.566668 ], [ 2.810278, 7.493055 ], [ 2.805834, 7.422777 ], [ 2.757502, 7.419443 ], [ 2.778612, 7.134447 ], [ 2.747778, 7.099169 ], [ 2.798334, 7.039999 ], [ 2.742777, 7.006666 ], [ 2.725279, 6.954443 ], [ 2.756388, 6.910555 ], [ 2.739721, 6.798056 ], [ 2.789999, 6.758612 ], [ 2.799166, 6.694166 ], [ 2.741667, 6.621946 ], [ 2.756666, 6.570833 ], [ 2.719168, 6.456388 ], [ 2.719152, 6.236763 ], [ 2.75, 6.218333 ], [ 2.75, 5.7 ], [ 6.583334, 3.000002 ], [ 8.550776, 4.693594 ], [ 8.573553, 4.803873 ], [ 8.638334, 4.831667 ], [ 8.621946, 4.894724 ], [ 8.82472, 5.188612 ], [ 8.859999, 5.497499 ], [ 8.921667, 5.595278 ], [ 8.833612, 5.706945 ], [ 8.888613, 5.780832 ], [ 8.865278, 5.841944 ], [ 8.943888, 5.907221 ], [ 8.995279, 5.89361 ], [ 9.003332, 5.944723 ], [ 9.295, 6.207777 ], [ 9.363333, 6.325834 ], [ 9.434999, 6.32778 ], [ 9.468531, 6.404303 ], [ 9.576666, 6.446947 ], [ 9.612223, 6.521669 ], [ 9.71139, 6.522779 ], [ 9.795557, 6.801668 ], [ 9.874723, 6.775835 ], [ 10.164999, 7.021112 ], [ 10.195002, 6.917776 ], [ 10.23778, 6.878057 ], [ 10.513334, 6.878057 ], [ 10.596109, 7.134165 ], [ 10.620001, 7.05361 ], [ 10.845556, 6.959444 ], [ 10.882776, 6.82778 ], [ 10.943335, 6.778055 ], [ 11.019167, 6.778612 ], [ 11.082224, 6.697779 ] ] ] } },
{ "type": "Feature", "properties": { "id": "00-00-f0-7a", "volumeName": "FIR KANSAS CITY", "icaoID": "KZKC" }, "geometry": { "type": "Polygon", "coordinates": [ [ [ -88.25, 40.000002 ], [ -89.75, 40.000002 ], [ -91.65, 40.783335 ], [ -93.491667, 40.525 ], [ -98.799999, 39.466669 ], [ -102.549999, 37.500002 ], [ -101.75, 36.500002 ], [ -100.0, 35.829168 ], [ -98.5, 35.816668 ], [ -97.883333, 35.925001 ], [ -97.583332, 35.491667 ], [ -97.083332, 35.458334 ], [ -96.404167, 35.65 ], [ -96.049999, 35.870832 ], [ -95.612499, 36.016668 ], [ -95.4, 36.204168 ], [ -94.683332, 36.433332 ], [ -93.25, 36.725 ], [ -90.566666, 37.15 ], [ -88.833332, 37.533335 ], [ -88.316666, 37.725 ], [ -88.233332, 38.15 ], [ -88.094444, 38.485277 ], [ -88.148056, 39.868334 ], [ -88.25, 40.000002 ] ] ] } },
{ "type": "Feature", "properties": { "id": "00-00-f0-7b", "volumeName": "FIR KATHMANDU", "icaoID": "VNSM" }, "geometry": { "type": "Polygon", "coordinates": [ [ [ 81.779985, 30.377775 ], [ 81.623308, 30.424997 ], [ 81.460897, 30.364458 ], [ 81.411379, 30.380831 ], [ 81.383883, 30.178331 ], [ 81.290819, 30.130552 ], [ 81.301928, 30.083609 ], [ 81.247484, 30.056387 ], [ 81.235225, 30.01253 ], [ 81.119432, 30.019445 ], [ 81.025362, 30.204355 ], [ 80.936373, 30.181387 ], [ 80.904161, 30.21694 ], [ 80.858599, 30.174719 ], [ 80.872759, 30.138887 ], [ 80.74193, 30.017778 ], [ 80.598879, 29.955275 ], [ 80.539705, 29.846109 ], [ 80.374147, 29.744162 ], [ 80.406939, 29.596388 ], [ 80.236376, 29.425276 ], [ 80.27582, 29.3225 ], [ 80.306932, 29.310556 ], [ 80.287767, 29.205553 ], [ 80.239977, 29.21472 ], [ 80.256945, 29.14472 ], [ 80.146654, 29.108332 ], [ 80.129702, 28.993052 ], [ 80.055254, 28.916941 ], [ 80.05887, 28.83111 ], [ 80.246096, 28.750834 ], [ 80.357759, 28.629442 ], [ 80.440264, 28.628885 ], [ 80.508608, 28.566942 ], [ 80.505556, 28.658331 ], [ 80.577211, 28.685553 ], [ 80.584993, 28.653608 ], [ 80.662493, 28.632776 ], [ 80.798326, 28.52389 ], [ 80.892488, 28.506388 ], [ 80.938585, 28.441107 ], [ 81.006945, 28.443052 ], [ 81.018877, 28.404165 ], [ 81.19359, 28.366667 ], [ 81.312197, 28.193331 ], [ 81.319994, 28.129999 ], [ 81.421923, 28.166388 ], [ 81.480272, 28.08 ], [ 81.880266, 27.857222 ], [ 81.97777, 27.917219 ], [ 82.043322, 27.918608 ], [ 82.43471, 27.675554 ], [ 82.701097, 27.711107 ], [ 82.768602, 27.501665 ], [ 83.176378, 27.448885 ], [ 83.271105, 27.346109 ], [ 83.316088, 27.335554 ], [ 83.389986, 27.396666 ], [ 83.396105, 27.478609 ], [ 83.607759, 27.469164 ], [ 83.858324, 27.352221 ], [ 83.875536, 27.380831 ], [ 83.835268, 27.438051 ], [ 84.04027, 27.444719 ], [ 84.098879, 27.516111 ], [ 84.143328, 27.524168 ], [ 84.297762, 27.38833 ], [ 84.634432, 27.315001 ], [ 84.686098, 27.196943 ], [ 84.651384, 27.041666 ], [ 84.750277, 27.007502 ], [ 84.843599, 27.015276 ], [ 84.952776, 26.958052 ], [ 84.973314, 26.903051 ], [ 85.041094, 26.886663 ], [ 85.040819, 26.847776 ], [ 85.18387, 26.866667 ], [ 85.202486, 26.772501 ], [ 85.328051, 26.736109 ], [ 85.412493, 26.794722 ], [ 85.453051, 26.786943 ], [ 85.630266, 26.867498 ], [ 85.726091, 26.801664 ], [ 85.740541, 26.653887 ], [ 85.855547, 26.570276 ], [ 86.029436, 26.663054 ], [ 86.206652, 26.585554 ], [ 86.325823, 26.614164 ], [ 86.332491, 26.584997 ], [ 86.53499, 26.528055 ], [ 86.738039, 26.419718 ], [ 86.765551, 26.449999 ], [ 86.820955, 26.436735 ], [ 86.885988, 26.468653 ], [ 87.061373, 26.588331 ], [ 87.094149, 26.456385 ], [ 87.137499, 26.409719 ], [ 87.245256, 26.412218 ], [ 87.328051, 26.347776 ], [ 87.370821, 26.40333 ], [ 87.46277, 26.434721 ], [ 87.599993, 26.379721 ], [ 87.697481, 26.429441 ], [ 87.76639, 26.408609 ], [ 87.78554, 26.456385 ], [ 87.84305, 26.438887 ], [ 87.890551, 26.47333 ], [ 88.014711, 26.364721 ], [ 88.095827, 26.438887 ], [ 88.101931, 26.530279 ], [ 88.194139, 26.766668 ], [ 88.118593, 26.984442 ], [ 87.993044, 27.114443 ], [ 88.05971, 27.327776 ], [ 88.048326, 27.501944 ], [ 88.123873, 27.617498 ], [ 88.18915, 27.850554 ], [ 88.091661, 27.892221 ], [ 87.889437, 27.895552 ], [ 87.868868, 27.918886 ], [ 87.797213, 27.837221 ], [ 87.720537, 27.804998 ], [ 87.66054, 27.828886 ], [ 87.597765, 27.810278 ], [ 87.546099, 27.845831 ], [ 87.393602, 27.809164 ], [ 87.404161, 27.860556 ], [ 87.306093, 27.816389 ], [ 87.192751, 27.823053 ], [ 87.039431, 27.960829 ], [ 86.933046, 27.950552 ], [ 86.874147, 28.017778 ], [ 86.764162, 28.026667 ], [ 86.758043, 28.080278 ], [ 86.686373, 28.112219 ], [ 86.63666, 28.085554 ], [ 86.571932, 28.105833 ], [ 86.53499, 27.954996 ], [ 86.444979, 27.908052 ], [ 86.226381, 28.006666 ], [ 86.183596, 28.163885 ], [ 86.093599, 28.086111 ], [ 86.137209, 27.93194 ], [ 86.089434, 27.890833 ], [ 85.99637, 27.889719 ], [ 85.978045, 27.989717 ], [ 85.918871, 28.033335 ], [ 85.88611, 28.151663 ], [ 85.74721, 28.23694 ], [ 85.718325, 28.339441 ], [ 85.619982, 28.251112 ], [ 85.458879, 28.301664 ], [ 85.37665, 28.263613 ], [ 85.332766, 28.28861 ], [ 85.236925, 28.278612 ], [ 85.199419, 28.31222 ], [ 85.115267, 28.303888 ], [ 85.101931, 28.446665 ], [ 85.181932, 28.530001 ], [ 85.189974, 28.603331 ], [ 85.059984, 28.641108 ], [ 84.954714, 28.544165 ], [ 84.846651, 28.544443 ], [ 84.774706, 28.598886 ], [ 84.706102, 28.601389 ], [ 84.706652, 28.660555 ], [ 84.636385, 28.702776 ], [ 84.481096, 28.736662 ], [ 84.39554, 28.859163 ], [ 84.236925, 28.918886 ], [ 84.256105, 29.042223 ], [ 84.202486, 29.056944 ], [ 84.158327, 29.134722 ], [ 84.185534, 29.205553 ], [ 84.13666, 29.214441 ], [ 84.113878, 29.261946 ], [ 83.912493, 29.289721 ], [ 83.720537, 29.228884 ], [ 83.671923, 29.160276 ], [ 83.552767, 29.185831 ], [ 83.527483, 29.269167 ], [ 83.380541, 29.416388 ], [ 83.379152, 29.466108 ], [ 83.346102, 29.496664 ], [ 83.284426, 29.47444 ], [ 83.283052, 29.551111 ], [ 83.195253, 29.630831 ], [ 83.117479, 29.620554 ], [ 83.09276, 29.583055 ], [ 82.992205, 29.672499 ], [ 82.908602, 29.694441 ], [ 82.855257, 29.668886 ], [ 82.710543, 29.789721 ], [ 82.715548, 29.831942 ], [ 82.655825, 29.835276 ], [ 82.557756, 29.942774 ], [ 82.231096, 30.075277 ], [ 82.170259, 30.069719 ], [ 82.15027, 30.125555 ], [ 82.178591, 30.190554 ], [ 82.10721, 30.230829 ], [ 82.112764, 30.335554 ], [ 81.779985, 30.377775 ] ] ] } },
{ "type": "Feature", "properties": { "id": "00-00-f0-7c", "volumeName": "FIR KHABAROVSK", "icaoID": "UHHH" }, "geometry": { "type": "Polygon", "coordinates": [ [ [ 150.000002, 54.869991 ], [ 146.000002, 56.000002 ], [ 143.41667, 56.433332 ], [ 145.750002, 58.000002 ], [ 146.000002, 61.000002 ], [ 145.000002, 62.000002 ], [ 142.000002, 62.000002 ], [ 138.16667, 59.750002 ], [ 135.333346, 59.166657 ], [ 132.0, 57.999998 ], [ 131.774461, 57.508881 ], [ 131.000002, 56.166666 ], [ 129.367613, 54.8504 ], [ 128.167571, 54.667072 ], [ 122.333333, 55.499997 ], [ 121.983335, 53.966669 ], [ 122.332491, 53.483881 ], [ 122.400545, 53.438883 ], [ 122.824434, 53.449999 ], [ 123.153322, 53.500551 ], [ 123.246096, 53.553049 ], [ 123.478868, 53.499163 ], [ 123.497484, 53.546946 ], [ 123.542765, 53.533884 ], [ 123.529428, 53.499437 ], [ 123.619432, 53.542772 ], [ 123.697481, 53.495829 ], [ 123.910814, 53.464716 ], [ 124.104433, 53.34083 ], [ 124.255259, 53.356661 ], [ 124.402208, 53.212214 ], [ 124.652773, 53.185823 ], [ 124.705835, 53.134439 ], [ 124.804979, 53.133051 ], [ 124.851648, 53.089159 ], [ 124.889978, 53.094713 ], [ 124.875528, 53.143885 ], [ 124.912203, 53.169718 ], [ 125.134165, 53.197489 ], [ 125.466089, 53.083879 ], [ 125.506105, 53.038332 ], [ 125.616091, 53.052774 ], [ 125.728868, 52.979433 ], [ 125.719149, 52.942217 ], [ 125.648615, 52.912767 ], [ 125.646944, 52.878878 ], [ 125.844713, 52.899439 ], [ 125.859156, 52.851664 ], [ 125.970545, 52.76333 ], [ 126.050814, 52.78583 ], [ 126.095545, 52.764444 ], [ 126.03554, 52.721102 ], [ 126.06415, 52.676386 ], [ 125.97304, 52.641665 ], [ 125.988588, 52.582216 ], [ 126.030825, 52.563326 ], [ 126.084719, 52.589991 ], [ 126.186098, 52.540834 ], [ 126.21361, 52.513056 ], [ 126.197748, 52.464441 ], [ 126.267488, 52.458605 ], [ 126.340273, 52.389437 ], [ 126.320269, 52.308329 ], [ 126.436373, 52.280825 ], [ 126.319719, 52.229433 ], [ 126.31888, 52.192217 ], [ 126.557215, 52.130548 ], [ 126.512209, 52.038889 ], [ 126.461649, 52.026941 ], [ 126.442202, 51.988047 ], [ 126.641375, 51.745272 ], [ 126.721369, 51.708605 ], [ 126.729158, 51.63833 ], [ 126.672762, 51.574717 ], [ 126.802469, 51.536943 ], [ 126.824709, 51.50139 ], [ 126.790545, 51.42444 ], [ 126.91527, 51.37916 ], [ 126.901934, 51.339434 ], [ 126.821383, 51.330278 ], [ 126.816095, 51.26639 ], [ 126.893335, 51.239161 ], [ 126.861101, 51.30694 ], [ 126.972765, 51.318056 ], [ 126.898615, 51.186655 ], [ 126.930544, 51.059992 ], [ 127.127199, 50.915545 ], [ 127.217485, 50.784166 ], [ 127.297213, 50.732492 ], [ 127.279985, 50.680826 ], [ 127.367754, 50.570833 ], [ 127.289431, 50.460276 ], [ 127.354158, 50.413324 ], [ 127.331385, 50.319162 ], [ 127.586069, 50.208567 ], [ 127.569719, 50.128328 ], [ 127.488314, 50.042223 ], [ 127.487764, 49.980547 ], [ 127.531374, 49.919718 ], [ 127.503885, 49.840548 ], [ 127.529428, 49.789164 ], [ 127.671656, 49.74888 ], [ 127.691362, 49.667215 ], [ 127.838045, 49.586657 ], [ 127.974428, 49.602495 ], [ 128.102755, 49.536661 ], [ 128.323397, 49.537821 ], [ 128.401644, 49.577494 ], [ 128.625948, 49.569674 ], [ 128.668856, 49.61194 ], [ 128.802462, 49.55916 ], [ 128.752474, 49.46805 ], [ 128.875246, 49.47777 ], [ 128.992708, 49.44166 ], [ 129.050783, 49.364733 ], [ 129.103273, 49.346682 ], [ 129.199678, 49.390596 ], [ 129.353548, 49.342302 ], [ 129.384127, 49.425364 ], [ 129.482698, 49.418436 ], [ 129.52347, 49.391237 ], [ 129.544954, 49.293184 ], [ 129.721865, 49.266268 ], [ 129.732698, 49.192934 ], [ 129.847445, 49.157953 ], [ 129.83301, 49.117952 ], [ 129.916353, 49.078531 ], [ 129.906618, 49.03686 ], [ 130.221621, 48.864717 ], [ 130.418032, 48.896105 ], [ 130.504427, 48.851938 ], [ 130.671633, 48.865 ], [ 130.521639, 48.607775 ], [ 130.617464, 48.561937 ], [ 130.626894, 48.477213 ], [ 130.763887, 48.479158 ], [ 130.737459, 48.418329 ], [ 130.830812, 48.290834 ], [ 130.659426, 48.098604 ], [ 130.681368, 48.045549 ], [ 130.889711, 47.90027 ], [ 130.946077, 47.800547 ], [ 130.937197, 47.724993 ], [ 130.988558, 47.688601 ], [ 131.095247, 47.672434 ], [ 131.26111, 47.729158 ], [ 131.416658, 47.738604 ], [ 131.537203, 47.718882 ], [ 131.575533, 47.656099 ], [ 131.678316, 47.69916 ], [ 131.919436, 47.669992 ], [ 132.341066, 47.742495 ], [ 132.52109, 47.710276 ], [ 132.582186, 47.735552 ], [ 132.584139, 47.789995 ], [ 132.6597, 47.865831 ], [ 132.671358, 47.949717 ], [ 132.80887, 47.941935 ], [ 132.884432, 48.008608 ], [ 133.018038, 48.035273 ], [ 133.088564, 48.101664 ], [ 133.387209, 48.105272 ], [ 133.506655, 48.071383 ], [ 133.593569, 48.172495 ], [ 133.696352, 48.186937 ], [ 133.751375, 48.24972 ], [ 133.978029, 48.259722 ], [ 134.045809, 48.325274 ], [ 134.415346, 48.391123 ], [ 134.482729, 48.350275 ], [ 134.57181, 48.364466 ], [ 134.610506, 48.30694 ], [ 134.740755, 48.26713 ], [ 134.681368, 48.220545 ], [ 134.667757, 48.107218 ], [ 134.583864, 48.062769 ], [ 134.557192, 47.994715 ], [ 134.598848, 47.904711 ], [ 134.661928, 47.874163 ], [ 134.684359, 47.800905 ], [ 134.770266, 47.739435 ], [ 134.767214, 47.707499 ], [ 134.683596, 47.629717 ], [ 134.674135, 47.571939 ], [ 134.552095, 47.466921 ], [ 134.479128, 47.427774 ], [ 134.314699, 47.421106 ], [ 134.182467, 47.323328 ], [ 134.147768, 47.249437 ], [ 134.194704, 47.206659 ], [ 134.2222, 47.110826 ], [ 134.131227, 47.074228 ], [ 134.062746, 46.975267 ], [ 134.066927, 46.916101 ], [ 134.011934, 46.823885 ], [ 134.045534, 46.765001 ], [ 134.019442, 46.666666 ], [ 133.901644, 46.572222 ], [ 133.845797, 46.47555 ], [ 133.849977, 46.439989 ], [ 133.928591, 46.392496 ], [ 133.86191, 46.331385 ], [ 133.91025, 46.31444 ], [ 133.883883, 46.293612 ], [ 133.900179, 46.250315 ], [ 133.686922, 46.143328 ], [ 133.724672, 46.065271 ], [ 133.660463, 45.934572 ], [ 133.610781, 45.93194 ], [ 133.58304, 45.871378 ], [ 133.522219, 45.88666 ], [ 133.474672, 45.820276 ], [ 133.508028, 45.777773 ], [ 133.441927, 45.698046 ], [ 133.488558, 45.682772 ], [ 133.45331, 45.647219 ], [ 133.468294, 45.622217 ], [ 133.41913, 45.607218 ], [ 133.417116, 45.569101 ], [ 133.190523, 45.504168 ], [ 133.149141, 45.45083 ], [ 133.09247, 45.244158 ], [ 133.122194, 45.128603 ], [ 132.923311, 45.021936 ], [ 131.988558, 45.241938 ], [ 131.864687, 45.345545 ], [ 131.753603, 45.213053 ], [ 131.646364, 45.198877 ], [ 131.644442, 45.105555 ], [ 131.466646, 44.967211 ], [ 131.349977, 44.97471 ], [ 131.212465, 44.910547 ], [ 131.118013, 44.925829 ], [ 131.042482, 44.863329 ], [ 130.953859, 44.846102 ], [ 131.095522, 44.691378 ], [ 131.298037, 44.051935 ], [ 131.247194, 44.027491 ], [ 131.231081, 43.973879 ], [ 131.246065, 43.918055 ], [ 131.199129, 43.818888 ], [ 131.220522, 43.59527 ], [ 131.187197, 43.552774 ], [ 131.304415, 43.455828 ], [ 131.311373, 43.392221 ], [ 131.274141, 43.363329 ], [ 131.26111, 43.264444 ], [ 131.191072, 43.196657 ], [ 131.214418, 43.133051 ], [ 131.104677, 43.036112 ], [ 131.123293, 42.910822 ], [ 131.045809, 42.901934 ], [ 131.015261, 42.854998 ], [ 130.818575, 42.876101 ], [ 130.77054, 42.831942 ], [ 130.638033, 42.831667 ], [ 130.403597, 42.71277 ], [ 130.538881, 42.68194 ], [ 130.605227, 42.619715 ], [ 130.618013, 42.579439 ], [ 130.559145, 42.506662 ], [ 130.654696, 42.38611 ], [ 130.65497, 42.313883 ], [ 131.516668, 41.666666 ], [ 135.933332, 40.500002 ], [ 140.000002, 45.750002 ], [ 142.000002, 45.750002 ], [ 145.666666, 44.500002 ], [ 145.733333, 44.45 ], [ 145.327082, 43.858992 ], [ 145.411669, 43.640558 ], [ 145.85417, 43.402224 ], [ 145.833334, 43.330004 ], [ 146.833333, 43.0 ], [ 150.000002, 45.000002 ], [ 150.000002, 54.869991 ] ] ] } },
{ "type": "Feature", "properties": { "id": "00-00-f0-7d", "volumeName": "FIR KHARTOUM", "icaoID": "HSSS" }, "geometry": { "type": "Polygon", "coordinates": [ [ [ 38.5, 20.0 ], [ 37.999999, 22.000002 ], [ 25.000002, 22.000002 ], [ 25.000002, 20.000002 ], [ 24.000002, 20.000002 ], [ 23.999605, 15.698709 ], [ 23.608889, 15.758333 ], [ 23.356943, 15.681665 ], [ 23.118158, 15.710295 ], [ 22.937223, 15.561945 ], [ 22.923056, 15.487223 ], [ 22.998335, 15.35639 ], [ 22.935835, 15.11611 ], [ 22.849165, 15.078333 ], [ 22.753332, 14.976946 ], [ 22.73889, 14.902777 ], [ 22.670557, 14.859446 ], [ 22.702501, 14.691389 ], [ 22.469999, 14.629446 ], [ 22.384165, 14.554167 ], [ 22.381388, 14.523054 ], [ 22.445555, 14.479723 ], [ 22.469721, 14.344721 ], [ 22.434446, 14.309721 ], [ 22.443888, 14.272223 ], [ 22.555277, 14.231943 ], [ 22.554998, 14.125555 ], [ 22.230276, 13.962778 ], [ 22.084444, 13.779165 ], [ 22.138613, 13.728056 ], [ 22.153612, 13.634443 ], [ 22.224722, 13.571943 ], [ 22.230555, 13.478888 ], [ 22.294168, 13.35861 ], [ 22.159723, 13.190279 ], [ 22.020555, 13.137777 ], [ 21.943335, 13.05361 ], [ 21.827776, 12.797499 ], [ 21.952776, 12.643888 ], [ 22.140554, 12.655279 ], [ 22.223333, 12.747221 ], [ 22.466944, 12.621668 ], [ 22.38389, 12.465277 ], [ 22.432779, 12.403334 ], [ 22.50139, 12.176943 ], [ 22.476667, 12.034166 ], [ 22.563612, 12.07472 ], [ 22.640833, 12.071112 ], [ 22.561666, 11.621668 ], [ 22.641943, 11.516111 ], [ 22.775557, 11.462221 ], [ 22.791113, 11.401667 ], [ 22.930834, 11.415834 ], [ 22.970835, 11.283056 ], [ 22.942499, 11.092501 ], [ 22.866507, 10.922449 ], [ 23.009443, 10.69861 ], [ 23.303888, 10.459166 ], [ 23.669168, 9.866945 ], [ 23.694723, 9.671667 ], [ 23.623335, 9.535276 ], [ 23.631388, 9.449446 ], [ 23.664446, 9.440832 ], [ 23.652224, 9.280001 ], [ 23.556391, 9.181665 ], [ 23.492777, 9.174166 ], [ 23.44861, 9.025 ], [ 23.503611, 8.959723 ], [ 23.565279, 9.005278 ], [ 23.583055, 8.988611 ], [ 23.581667, 8.906111 ], [ 23.498335, 8.778334 ], [ 23.517778, 8.714167 ], [ 23.633055, 8.736944 ], [ 23.739168, 8.705278 ], [ 23.823889, 8.727777 ], [ 24.243891, 8.695833 ], [ 24.230276, 8.624998 ], [ 24.269167, 8.583055 ], [ 24.165834, 8.477777 ], [ 24.140276, 8.375834 ], [ 24.177221, 8.316111 ], [ 24.361113, 8.247221 ], [ 24.460001, 8.271387 ], [ 24.545832, 8.204721 ], [ 24.804445, 8.192778 ], [ 24.934446, 8.093332 ], [ 24.973333, 7.992777 ], [ 25.080278, 7.897501 ], [ 25.18611, 7.901945 ], [ 25.253332, 7.850557 ], [ 25.29611, 7.65 ], [ 25.183889, 7.583334 ], [ 25.206945, 7.497499 ], [ 25.33111, 7.42528 ], [ 25.365557, 7.348333 ], [ 25.464998, 7.280001 ], [ 25.531389, 7.277777 ], [ 25.593889, 7.216391 ], [ 25.81389, 7.147223 ], [ 25.819723, 7.108332 ], [ 26.048334, 6.998335 ], [ 26.100832, 6.841112 ], [ 26.174723, 6.813334 ], [ 26.266111, 6.708334 ], [ 26.405001, 6.646387 ], [ 26.289167, 6.468889 ], [ 26.313612, 6.457777 ], [ 26.307779, 6.383055 ], [ 26.395277, 6.307779 ], [ 26.459444, 6.294443 ], [ 26.47611, 6.224722 ], [ 26.523611, 6.221109 ], [ 26.523611, 6.173613 ], [ 26.437498, 6.07778 ], [ 26.514166, 6.109724 ], [ 26.565279, 6.028334 ], [ 26.808611, 5.980001 ], [ 26.829443, 5.905001 ], [ 26.910276, 5.899446 ], [ 26.94972, 5.846945 ], [ 27.001112, 5.862501 ], [ 27.049166, 5.789999 ], [ 27.101389, 5.795832 ], [ 27.198057, 5.713614 ], [ 27.240835, 5.647779 ], [ 27.233889, 5.588335 ], [ 27.281668, 5.578611 ], [ 27.235834, 5.419168 ], [ 27.300001, 5.22611 ], [ 27.458055, 5.083612 ], [ 27.455278, 5.01639 ], [ 27.533609, 4.925558 ], [ 27.578054, 4.894999 ], [ 27.658609, 4.897779 ], [ 27.707224, 4.790277 ], [ 27.768888, 4.787779 ], [ 27.7875, 4.601389 ], [ 27.868055, 4.556391 ], [ 28.032778, 4.560556 ], [ 28.028334, 4.483332 ], [ 28.068888, 4.422224 ], [ 28.115557, 4.447779 ], [ 28.200834, 4.347502 ], [ 28.335833, 4.35111 ], [ 28.365835, 4.286112 ], [ 28.403334, 4.277777 ], [ 28.474722, 4.316668 ], [ 28.505835, 4.373056 ], [ 28.571665, 4.374723 ], [ 28.594168, 4.412779 ], [ 28.650835, 4.423613 ], [ 28.7125, 4.5375 ], [ 28.776667, 4.561945 ], [ 28.821112, 4.484724 ], [ 29.013334, 4.498335 ], [ 29.200834, 4.346109 ], [ 29.243612, 4.346109 ], [ 29.254446, 4.387503 ], [ 29.321665, 4.386667 ], [ 29.354445, 4.46139 ], [ 29.432779, 4.525557 ], [ 29.480001, 4.676947 ], [ 29.614721, 4.656111 ], [ 29.814722, 4.560278 ], [ 29.794722, 4.379446 ], [ 29.936666, 4.323057 ], [ 29.945276, 4.243891 ], [ 30.026667, 4.205278 ], [ 30.065279, 4.128057 ], [ 30.143888, 4.105555 ], [ 30.195555, 4.007776 ], [ 36.000002, 4.000002 ], [ 33.000002, 8.000002 ], [ 36.000002, 13.000002 ], [ 38.5, 20.0 ] ] ] } },
{ "type": "Feature", "properties": { "id": "00-00-f0-7e", "volumeName": "FIR KIGALI", "icaoID": "HRYR" }, "geometry": { "type": "Polygon", "coordinates": [ [ [ 30.482222, -1.063334 ], [ 30.359999, -1.059999 ], [ 30.345663, -1.129168 ], [ 30.229166, -1.266666 ], [ 30.184721, -1.275 ], [ 30.170557, -1.339722 ], [ 29.975, -1.464445 ], [ 29.907499, -1.464167 ], [ 29.883333, -1.367777 ], [ 29.829168, -1.319166 ], [ 29.803057, -1.365555 ], [ 29.734167, -1.341944 ], [ 29.683332, -1.380556 ], [ 29.577776, -1.391111 ], [ 29.456392, -1.504166 ], [ 29.361113, -1.510277 ], [ 29.129999, -1.849443 ], [ 29.170557, -2.100277 ], [ 29.115, -2.248055 ], [ 28.993334, -2.285555 ], [ 28.957777, -2.362223 ], [ 28.868334, -2.394444 ], [ 28.88389, -2.478611 ], [ 28.853334, -2.520277 ], [ 28.890554, -2.559166 ], [ 28.889166, -2.653889 ], [ 29.024443, -2.744722 ], [ 29.058889, -2.604723 ], [ 29.140554, -2.589167 ], [ 29.32889, -2.65361 ], [ 29.367224, -2.825001 ], [ 29.443892, -2.795834 ], [ 29.533609, -2.826111 ], [ 29.636389, -2.779722 ], [ 29.736387, -2.803612 ], [ 29.765276, -2.758333 ], [ 29.850832, -2.759722 ], [ 29.907499, -2.693056 ], [ 29.923334, -2.518888 ], [ 29.954721, -2.475 ], [ 29.952223, -2.309444 ], [ 30.153612, -2.430555 ], [ 30.225, -2.338612 ], [ 30.31389, -2.350277 ], [ 30.386667, -2.298056 ], [ 30.567221, -2.400833 ], [ 30.652498, -2.396666 ], [ 30.69972, -2.3475 ], [ 30.782221, -2.380556 ], [ 30.829168, -2.357777 ], [ 30.847502, -2.192499 ], [ 30.894445, -2.083055 ], [ 30.808332, -1.929443 ], [ 30.835001, -1.800556 ], [ 30.81111, -1.700556 ], [ 30.840277, -1.670555 ], [ 30.748888, -1.520555 ], [ 30.739168, -1.436943 ], [ 30.561666, -1.326944 ], [ 30.51222, -1.164444 ], [ 30.469446, -1.158333 ], [ 30.453333, -1.095554 ], [ 30.482222, -1.063334 ] ] ] } },
{ "type": "Feature", "properties": { "id": "00-00-f0-7f", "volumeName": "FIR KINGSTON", "icaoID": "MKJK" }, "geometry": { "type": "Polygon", "coordinates": [ [ [ -77.416666, 15.000002 ], [ -74.0, 15.000002 ], [ -74.0, 16.000002 ], [ -73.0, 17.000002 ], [ -75.0, 18.500002 ], [ -77.5, 19.500002 ], [ -78.333332, 20.000002 ], [ -82.0, 20.000002 ], [ -82.083332, 19.000002 ], [ -82.25, 15.000002 ], [ -77.416666, 15.000002 ] ] ] } },
{ "type": "Feature", "properties": { "id": "00-00-f0-80", "volumeName": "FIR KINSHASA", "icaoID": "FZZA" }, "geometry": { "type": "Polygon", "coordinates": [ [ [ 25.555834, 5.368055 ], [ 25.361944, 5.314722 ], [ 25.375555, 5.294722 ], [ 25.310556, 5.191111 ], [ 25.343611, 5.111666 ], [ 25.289999, 5.025 ], [ 25.175833, 4.995279 ], [ 25.133612, 5.017778 ], [ 25.070276, 4.945833 ], [ 24.964998, 4.98778 ], [ 24.782499, 4.913057 ], [ 24.660002, 4.917223 ], [ 24.666388, 4.956388 ], [ 24.61611, 4.980555 ], [ 24.601667, 5.025557 ], [ 24.465277, 5.104445 ], [ 24.420832, 5.067778 ], [ 24.394167, 5.115557 ], [ 24.355001, 5.054724 ], [ 24.400557, 5.030001 ], [ 24.286112, 4.995001 ], [ 24.256109, 4.929445 ], [ 24.227499, 4.960279 ], [ 24.151945, 4.9 ], [ 24.105555, 4.92 ], [ 23.981943, 4.855276 ], [ 23.954168, 4.873335 ], [ 23.942221, 4.809999 ], [ 23.830278, 4.820833 ], [ 23.584444, 4.734446 ], [ 23.441668, 4.653612 ], [ 23.42639, 4.591944 ], [ 23.272223, 4.624723 ], [ 23.173056, 4.731112 ], [ 23.084444, 4.710001 ], [ 23.01861, 4.746389 ], [ 22.975, 4.831388 ], [ 22.890833, 4.819166 ], [ 22.855833, 4.706945 ], [ 22.775835, 4.706667 ], [ 22.690279, 4.483614 ], [ 22.591944, 4.466665 ], [ 22.613054, 4.369165 ], [ 22.541113, 4.281111 ], [ 22.53861, 4.218889 ], [ 22.455278, 4.144999 ], [ 22.379168, 4.127501 ], [ 22.259722, 4.134165 ], [ 22.103056, 4.214445 ], [ 21.992224, 4.246389 ], [ 21.870279, 4.236944 ], [ 21.742777, 4.295 ], [ 21.651667, 4.299166 ], [ 21.539167, 4.245279 ], [ 21.355276, 4.280001 ], [ 21.282778, 4.334169 ], [ 21.208612, 4.288889 ], [ 21.0725, 4.393888 ], [ 20.964724, 4.434168 ], [ 20.83861, 4.449167 ], [ 20.781668, 4.418333 ], [ 20.585554, 4.410002 ], [ 20.452787, 4.522379 ], [ 20.456667, 4.624723 ], [ 20.342501, 4.765554 ], [ 20.234167, 4.806391 ], [ 20.004446, 4.97611 ], [ 19.896944, 4.997499 ], [ 19.834444, 5.090834 ], [ 19.70389, 5.136667 ], [ 19.421389, 5.134165 ], [ 19.190554, 4.945833 ], [ 19.088888, 4.918055 ], [ 19.001665, 4.746946 ], [ 18.833887, 4.569723 ], [ 18.753332, 4.392221 ], [ 18.643332, 4.353888 ], [ 18.582224, 4.370554 ], [ 18.534445, 4.316111 ], [ 18.630278, 4.134722 ], [ 18.647779, 4.021387 ], [ 18.590555, 3.719168 ], [ 18.64139, 3.204447 ], [ 18.611666, 3.131945 ], [ 18.54085, 3.076288 ], [ 18.342779, 2.61278 ], [ 18.233057, 2.519167 ], [ 18.222776, 2.41361 ], [ 18.091944, 2.224169 ], [ 18.07139, 1.534723 ], [ 17.87361, 0.995832 ], [ 17.907743, 0.802778 ], [ 17.894999, 0.6 ], [ 17.965834, 0.477777 ], [ 17.961111, 0.399725 ], [ 17.80361, 0.148611 ], [ 17.717779, -0.133888 ], [ 17.745832, -0.376389 ], [ 17.714998, -0.537222 ], [ 17.544722, -0.785833 ], [ 17.326944, -1.00111 ], [ 17.121946, -1.068333 ], [ 16.875277, -1.24 ], [ 16.74, -1.428055 ], [ 16.52844, -1.862467 ], [ 16.195833, -2.175833 ], [ 16.187223, -2.385277 ], [ 16.237223, -2.642221 ], [ 16.182222, -2.911667 ], [ 16.191946, -3.261944 ], [ 16.226946, -3.328333 ], [ 16.052778, -3.611944 ], [ 15.911112, -3.919722 ], [ 15.83861, -3.971111 ], [ 15.542223, -4.05139 ], [ 15.48361, -4.145 ], [ 15.456667, -4.267778 ], [ 15.411112, -4.298056 ], [ 15.328054, -4.277222 ], [ 15.209723, -4.339445 ], [ 15.094168, -4.500278 ], [ 14.92, -4.656944 ], [ 14.829721, -4.823889 ], [ 14.66139, -4.909445 ], [ 14.489443, -4.84 ], [ 14.41889, -4.887222 ], [ 14.428335, -4.676666 ], [ 14.364721, -4.557777 ], [ 14.439165, -4.508888 ], [ 14.487501, -4.426945 ], [ 14.399168, -4.341389 ], [ 14.409723, -4.272778 ], [ 14.181391, -4.388334 ], [ 14.069445, -4.392221 ], [ 13.964998, -4.495001 ], [ 13.885, -4.486944 ], [ 13.819166, -4.421667 ], [ 13.729445, -4.445833 ], [ 13.730276, -4.693056 ], [ 13.695555, -4.695833 ], [ 13.69861, -4.728333 ], [ 13.635557, -4.727777 ], [ 13.60639, -4.781111 ], [ 13.537779, -4.751112 ], [ 13.501665, -4.768333 ], [ 13.515001, -4.797501 ], [ 13.413889, -4.8825 ], [ 13.375555, -4.786667 ], [ 13.194723, -4.683611 ], [ 13.145277, -4.589167 ], [ 13.100832, -4.5725 ], [ 13.081795, -4.670704 ], [ 12.853856, -4.716661 ], [ 12.780832, -4.829721 ], [ 12.717129, -4.869308 ], [ 12.700409, -4.925982 ], [ 12.622074, -4.932371 ], [ 12.606239, -4.99876 ], [ 12.461386, -5.052933 ], [ 12.465277, -5.095833 ], [ 12.541666, -5.126944 ], [ 12.526667, -5.724167 ], [ 12.283184, -5.735148 ], [ 12.213848, -5.769259 ], [ 12.215622, -6.054294 ], [ 12.448972, -6.087597 ], [ 13.035772, -5.867517 ], [ 13.343275, -5.897795 ], [ 13.451666, -5.848333 ], [ 13.759722, -5.862499 ], [ 13.980276, -5.835833 ], [ 14.037222, -5.878056 ], [ 14.189165, -5.862499 ], [ 14.596388, -5.908056 ], [ 14.699995, -5.874453 ], [ 15.816111, -5.869722 ], [ 16.0, -5.833333 ], [ 19.666989, -6.798186 ], [ 22.000002, -7.333332 ], [ 22.000002, -9.0 ], [ 25.5, -12.0 ], [ 28.000002, -12.0 ], [ 29.883333, -8.116667 ], [ 30.103613, -6.880556 ], [ 29.7325, -6.627501 ], [ 29.542223, -6.268612 ], [ 29.497778, -5.979723 ], [ 29.631666, -5.721945 ], [ 29.349165, -4.939722 ], [ 29.341391, -4.797777 ], [ 29.430277, -4.501112 ], [ 29.38722, -4.159445 ], [ 29.339167, -4.041111 ], [ 29.236387, -3.916111 ], [ 29.246946, -3.594444 ], [ 29.208334, -3.311666 ], [ 29.236967, -3.271866 ], [ 29.210554, -3.236666 ], [ 29.239168, -3.063612 ], [ 29.084166, -2.924723 ], [ 29.040834, -2.818888 ], [ 28.987501, -2.810555 ], [ 29.025141, -2.738342 ], [ 28.889166, -2.653889 ], [ 28.890554, -2.559166 ], [ 28.853334, -2.513611 ], [ 28.882502, -2.487778 ], [ 28.881109, -2.373055 ], [ 28.957777, -2.362223 ], [ 28.993334, -2.285555 ], [ 29.100279, -2.2675 ], [ 29.159166, -2.156666 ], [ 29.16889, -2.074165 ], [ 29.123888, -1.911388 ], [ 29.145834, -1.810555 ], [ 29.361113, -1.510277 ], [ 29.456392, -1.504166 ], [ 29.596945, -1.385834 ], [ 29.566389, -1.005833 ], [ 29.578333, -0.9 ], [ 29.628332, -0.888889 ], [ 29.618334, -0.733334 ], [ 29.638056, -0.593332 ], [ 29.671946, -0.572222 ], [ 29.648611, -0.439722 ], [ 29.734999, -0.000834 ], [ 29.716665, 0.072222 ], [ 29.773333, 0.172224 ], [ 29.81389, 0.158613 ], [ 29.858332, 0.366667 ], [ 29.9625, 0.487223 ], [ 29.938334, 0.634447 ], [ 29.960554, 0.825556 ], [ 30.145834, 0.898333 ], [ 30.218611, 0.996389 ], [ 30.236113, 1.134169 ], [ 30.278055, 1.16889 ], [ 30.332224, 1.151388 ], [ 30.348612, 1.196112 ], [ 30.44861, 1.206667 ], [ 30.688055, 1.493891 ], [ 31.000002, 1.750002 ], [ 30.750002, 4.000002 ], [ 30.195555, 4.007776 ], [ 30.143888, 4.105555 ], [ 30.065279, 4.128057 ], [ 30.026667, 4.205278 ], [ 29.945276, 4.243891 ], [ 29.936666, 4.323057 ], [ 29.794722, 4.379446 ], [ 29.814722, 4.560278 ], [ 29.614721, 4.656111 ], [ 29.480001, 4.676947 ], [ 29.432779, 4.525557 ], [ 29.354445, 4.46139 ], [ 29.321665, 4.386667 ], [ 29.254446, 4.387503 ], [ 29.243612, 4.346109 ], [ 29.200834, 4.346109 ], [ 29.013334, 4.498335 ], [ 28.821112, 4.484724 ], [ 28.776667, 4.561945 ], [ 28.7125, 4.5375 ], [ 28.650835, 4.423613 ], [ 28.594168, 4.412779 ], [ 28.571665, 4.374723 ], [ 28.505835, 4.373056 ], [ 28.442499, 4.287779 ], [ 28.374723, 4.281389 ], [ 28.335833, 4.35111 ], [ 28.205557, 4.345556 ], [ 28.115557, 4.447779 ], [ 28.068888, 4.422224 ], [ 28.028334, 4.483332 ], [ 28.032778, 4.560556 ], [ 27.868055, 4.556391 ], [ 27.7875, 4.601389 ], [ 27.782221, 4.760279 ], [ 27.756666, 4.795832 ], [ 27.70389, 4.793612 ], [ 27.666666, 4.8925 ], [ 27.578054, 4.894999 ], [ 27.436945, 5.021669 ], [ 27.419443, 5.074724 ], [ 27.1425, 5.195276 ], [ 27.066668, 5.201113 ], [ 26.945276, 5.146112 ], [ 26.867777, 5.029165 ], [ 26.731668, 5.092779 ], [ 26.582777, 5.07778 ], [ 26.520834, 5.041945 ], [ 26.461111, 5.059168 ], [ 26.386389, 5.145556 ], [ 26.292223, 5.14139 ], [ 26.132776, 5.257223 ], [ 26.056944, 5.192499 ], [ 25.973333, 5.231668 ], [ 25.9, 5.166945 ], [ 25.875834, 5.217501 ], [ 25.825834, 5.195555 ], [ 25.790834, 5.263891 ], [ 25.749166, 5.241945 ], [ 25.555834, 5.368055 ] ] ] } },
{ "type": "Feature", "properties": { "id": "00-00-f0-81", "volumeName": "FIR KIROV", "icaoID": "USKK" }, "geometry": { "type": "Polygon", "coordinates": [ [ [ 50.000014, 60.000001 ], [ 48.66668, 60.333334 ], [ 46.333346, 60.066668 ], [ 45.500013, 59.516668 ], [ 45.000012, 58.766668 ], [ 46.933346, 58.166668 ], [ 46.750012, 57.233334 ], [ 47.916679, 57.300001 ], [ 50.800013, 56.466667 ], [ 51.883346, 56.366667 ], [ 52.200013, 56.416667 ], [ 52.183069, 57.406945 ], [ 52.000014, 60.000001 ], [ 50.000014, 60.000001 ] ] ] } },
{ "type": "Feature", "properties": { "id": "00-00-f0-82", "volumeName": "FIR KOBENHAVN", "icaoID": "EKDK" }, "geometry": { "type": "Polygon", "coordinates": [ [ [ 12.644167, 55.332781 ], [ 12.612223, 55.427225 ], [ 12.897501, 55.638891 ], [ 12.710279, 55.822779 ], [ 12.6625, 56.004168 ], [ 12.36805, 56.214729 ], [ 11.459438, 57.365321 ], [ 10.500002, 58.500002 ], [ 7.500002, 57.000002 ], [ 5.000002, 57.0 ], [ 5.000002, 55.000002 ], [ 8.000002, 55.000002 ], [ 8.403475, 55.070799 ], [ 8.555738, 54.991407 ], [ 8.556505, 54.92544 ], [ 8.699446, 54.892778 ], [ 8.941111, 54.90555 ], [ 9.224165, 54.853609 ], [ 9.253611, 54.808886 ], [ 9.44536, 54.825403 ], [ 9.613146, 54.882483 ], [ 9.608927, 54.856401 ], [ 9.726675, 54.826487 ], [ 9.896582, 54.842596 ], [ 10.050001, 54.766668 ], [ 10.500002, 54.655001 ], [ 11.000002, 54.641115 ], [ 11.666666, 54.460558 ], [ 12.000002, 54.450003 ], [ 12.85, 54.916666 ], [ 12.644167, 55.332781 ] ] ] } },
{ "type": "Feature", "properties": { "id": "00-00-f0-83", "volumeName": "FIR KOLKATA", "icaoID": "VECF" }, "geometry": { "type": "Polygon", "coordinates": [ [ [ 81.55, 27.156111 ], [ 80.894444, 26.758611 ], [ 80.198333, 26.400278 ], [ 79.831667, 25.283611 ], [ 79.598333, 25.600278 ], [ 79.082336, 25.000733 ], [ 80.354444, 22.480556 ], [ 80.593611, 21.5025 ], [ 82.000002, 18.716667 ], [ 82.816667, 18.683333 ], [ 85.9, 15.7 ], [ 92.000002, 14.000002 ], [ 92.000002, 21.000002 ], [ 89.166666, 21.633333 ], [ 89.046099, 21.783609 ], [ 89.064425, 21.835833 ], [ 89.041368, 21.903051 ], [ 89.090273, 21.973051 ], [ 89.058321, 22.094164 ], [ 89.097216, 22.143332 ], [ 89.007219, 22.276388 ], [ 88.997759, 22.465551 ], [ 88.929171, 22.54767 ], [ 88.958605, 22.591387 ], [ 88.930269, 22.748331 ], [ 88.971102, 22.846945 ], [ 88.86249, 22.972773 ], [ 88.870256, 23.087778 ], [ 88.986101, 23.20833 ], [ 88.721102, 23.251665 ], [ 88.711382, 23.308611 ], [ 88.793322, 23.494162 ], [ 88.749422, 23.46694 ], [ 88.563875, 23.65222 ], [ 88.602846, 23.862398 ], [ 88.669497, 23.868544 ], [ 88.73665, 23.919798 ], [ 88.722719, 23.997969 ], [ 88.759188, 24.036036 ], [ 88.701387, 24.079165 ], [ 88.699709, 24.147219 ], [ 88.752916, 24.214125 ], [ 88.697435, 24.30958 ], [ 88.497759, 24.320833 ], [ 88.323885, 24.434443 ], [ 88.125536, 24.508612 ], [ 88.043322, 24.684164 ], [ 88.077486, 24.763887 ], [ 88.171099, 24.851664 ], [ 88.137774, 24.921385 ], [ 88.221346, 24.954325 ], [ 88.267488, 24.884722 ], [ 88.342485, 24.870275 ], [ 88.459993, 25.069445 ], [ 88.450823, 25.187777 ], [ 88.581377, 25.169443 ], [ 88.620256, 25.198053 ], [ 88.704988, 25.195276 ], [ 88.805819, 25.165552 ], [ 88.83777, 25.203608 ], [ 88.940813, 25.165552 ], [ 89.008883, 25.300833 ], [ 88.869982, 25.335833 ], [ 88.821657, 25.401663 ], [ 88.834429, 25.479162 ], [ 88.799715, 25.510557 ], [ 88.694139, 25.467775 ], [ 88.546938, 25.504168 ], [ 88.450548, 25.593889 ], [ 88.446932, 25.666109 ], [ 88.267488, 25.810831 ], [ 88.147493, 25.781668 ], [ 88.095537, 25.915274 ], [ 88.183321, 26.033888 ], [ 88.157763, 26.097498 ], [ 88.18442, 26.152498 ], [ 88.355257, 26.22333 ], [ 88.356096, 26.284445 ], [ 88.44832, 26.362776 ], [ 88.525545, 26.35972 ], [ 88.483324, 26.461107 ], [ 88.371096, 26.489164 ], [ 88.353594, 26.451662 ], [ 88.33777, 26.473886 ], [ 88.409151, 26.631941 ], [ 88.433046, 26.55139 ], [ 88.680819, 26.420271 ], [ 88.691645, 26.34276 ], [ 88.730379, 26.320681 ], [ 88.679514, 26.307421 ], [ 88.669184, 26.2609 ], [ 88.767344, 26.29859 ], [ 88.823824, 26.233431 ], [ 88.883303, 26.2852 ], [ 89.020479, 26.23517 ], [ 89.041346, 26.28179 ], [ 88.981585, 26.295671 ], [ 88.976145, 26.334051 ], [ 88.907495, 26.375082 ], [ 88.938784, 26.445822 ], [ 89.074259, 26.382959 ], [ 89.129679, 26.159269 ], [ 89.31991, 26.024832 ], [ 89.393549, 26.047899 ], [ 89.541285, 25.996363 ], [ 89.602419, 26.06896 ], [ 89.55987, 26.161463 ], [ 89.608965, 26.1779 ], [ 89.601725, 26.227472 ], [ 89.638605, 26.2278 ], [ 89.681658, 26.159441 ], [ 89.739153, 26.156385 ], [ 89.778048, 26.041945 ], [ 89.856371, 25.981108 ], [ 89.820543, 25.946943 ], [ 89.86545, 25.936865 ], [ 89.807207, 25.823053 ], [ 89.864428, 25.640554 ], [ 89.815538, 25.366941 ], [ 89.845263, 25.28861 ], [ 89.917208, 25.309999 ], [ 90.110537, 25.224718 ], [ 90.438311, 25.147219 ], [ 90.653048, 25.181108 ], [ 90.84804, 25.148607 ], [ 91.257769, 25.207773 ], [ 91.48221, 25.138609 ], [ 91.590273, 25.172773 ], [ 91.648882, 25.126665 ], [ 91.757494, 25.173887 ], [ 92.040819, 25.187777 ], [ 92.406374, 25.030554 ], [ 92.416658, 24.972498 ], [ 92.483049, 24.929998 ], [ 92.493837, 24.87879 ], [ 92.401735, 24.840422 ], [ 92.293596, 24.904997 ], [ 92.248034, 24.896387 ], [ 92.256655, 24.77389 ], [ 92.191088, 24.565275 ], [ 92.132479, 24.513887 ], [ 92.12137, 24.393332 ], [ 91.974703, 24.378885 ], [ 91.989428, 24.319441 ], [ 91.94832, 24.349722 ], [ 91.923601, 24.334997 ], [ 91.892488, 24.149717 ], [ 91.831926, 24.226107 ], [ 91.757753, 24.239164 ], [ 91.734697, 24.148333 ], [ 91.694689, 24.156942 ], [ 91.657198, 24.224165 ], [ 91.61191, 24.102221 ], [ 91.373293, 24.101942 ], [ 91.361101, 23.995275 ], [ 91.298326, 23.993887 ], [ 91.237764, 23.907774 ], [ 91.250551, 23.830278 ], [ 91.216387, 23.756109 ], [ 91.158602, 23.736662 ], [ 91.159151, 23.70083 ], [ 91.200274, 23.678053 ], [ 91.159426, 23.640554 ], [ 91.282213, 23.373331 ], [ 91.314699, 23.364164 ], [ 91.288591, 23.328333 ], [ 91.348604, 23.091387 ], [ 91.402208, 23.069445 ], [ 91.377474, 23.206942 ], [ 91.416658, 23.266111 ], [ 91.493319, 23.186663 ], [ 91.549425, 22.998331 ], [ 91.613604, 22.943052 ], [ 91.647219, 22.986383 ], [ 91.724993, 22.994719 ], [ 91.818331, 23.087221 ], [ 91.768602, 23.274168 ], [ 91.844988, 23.410276 ], [ 91.933046, 23.444441 ], [ 91.964434, 23.496664 ], [ 91.949999, 23.732218 ], [ 92.03055, 23.645277 ], [ 92.151659, 23.734995 ], [ 92.194429, 23.720274 ], [ 92.211657, 23.65222 ], [ 92.272768, 23.716387 ], [ 92.278322, 23.604998 ], [ 92.387865, 23.289549 ], [ 92.348604, 23.223608 ], [ 92.374697, 22.941942 ], [ 92.443865, 22.889441 ], [ 92.470537, 22.756388 ], [ 92.51639, 22.71583 ], [ 92.606096, 22.162775 ], [ 92.562197, 22.133333 ], [ 92.600817, 21.982218 ], [ 92.679705, 22.026945 ], [ 92.678041, 22.099722 ], [ 92.699419, 22.094999 ], [ 92.718599, 22.159719 ], [ 92.865541, 22.048887 ], [ 92.901094, 21.953608 ], [ 92.943041, 22.028334 ], [ 93.006105, 22.003889 ], [ 92.989428, 22.060831 ], [ 93.0161, 22.115 ], [ 93.052767, 22.118887 ], [ 93.047487, 22.205832 ], [ 93.153872, 22.186663 ], [ 93.142488, 22.23694 ], [ 93.199144, 22.266943 ], [ 93.180544, 22.440554 ], [ 93.13611, 22.47444 ], [ 93.134157, 22.607222 ], [ 93.097216, 22.665274 ], [ 93.116091, 22.865831 ], [ 93.161379, 22.919443 ], [ 93.12665, 23.025557 ], [ 93.201387, 23.058889 ], [ 93.229158, 23.013334 ], [ 93.293596, 23.00889 ], [ 93.38666, 23.140276 ], [ 93.366091, 23.349443 ], [ 93.403322, 23.378054 ], [ 93.433458, 23.678888 ], [ 93.401384, 23.73583 ], [ 93.384432, 23.921385 ], [ 93.328051, 23.981665 ], [ 93.338732, 24.077917 ], [ 93.405764, 24.076342 ], [ 93.481936, 23.964998 ], [ 93.596376, 23.972219 ], [ 93.621355, 24.016108 ], [ 93.753313, 24.007498 ], [ 93.819155, 23.935274 ], [ 93.926653, 23.955832 ], [ 94.144442, 23.847776 ], [ 94.389162, 24.479998 ], [ 94.514711, 24.619444 ], [ 94.538591, 24.708887 ], [ 94.597765, 24.725275 ], [ 94.734423, 25.024721 ], [ 94.728594, 25.136385 ], [ 94.599428, 25.178331 ], [ 94.576387, 25.214441 ], [ 94.625536, 25.397776 ], [ 94.695253, 25.472498 ], [ 94.789431, 25.496664 ], [ 94.885271, 25.572222 ], [ 94.99193, 25.729162 ], [ 95.033876, 25.74222 ], [ 95.022219, 25.92861 ], [ 95.086657, 25.955553 ], [ 95.178041, 26.058889 ], [ 95.113314, 26.109163 ], [ 95.120821, 26.201662 ], [ 95.083879, 26.222773 ], [ 95.065264, 26.325556 ], [ 95.095263, 26.409998 ], [ 95.066378, 26.479719 ], [ 95.147768, 26.565832 ], [ 95.141375, 26.612497 ], [ 95.24637, 26.67972 ], [ 95.271105, 26.64472 ], [ 95.441088, 26.709162 ], [ 95.519442, 26.823053 ], [ 95.610811, 26.821386 ], [ 95.658037, 26.895277 ], [ 95.71776, 26.891386 ], [ 95.803865, 27.001112 ], [ 95.930819, 27.04611 ], [ 96.035814, 27.192495 ], [ 96.194139, 27.270834 ], [ 96.524157, 27.294165 ], [ 96.609987, 27.366941 ], [ 96.660265, 27.339167 ], [ 96.729158, 27.365553 ], [ 96.884157, 27.254721 ], [ 96.861376, 27.210276 ], [ 96.888323, 27.178053 ], [ 97.059725, 27.093004 ], [ 97.13666, 27.085833 ], [ 97.15999, 27.132498 ], [ 97.126375, 27.190832 ], [ 96.90526, 27.451662 ], [ 96.88666, 27.606108 ], [ 97.015276, 27.741385 ], [ 97.083879, 27.748606 ], [ 97.249422, 27.907499 ], [ 97.29915, 27.916666 ], [ 97.317217, 27.878332 ], [ 97.367754, 27.896666 ], [ 97.394152, 28.01861 ], [ 97.316088, 28.089167 ], [ 97.348879, 28.224165 ], [ 97.134996, 28.381388 ], [ 96.984713, 28.332499 ], [ 96.889711, 28.378611 ], [ 96.784151, 28.373053 ], [ 96.653872, 28.467497 ], [ 96.460543, 28.421942 ], [ 96.408327, 28.351389 ], [ 96.36165, 28.392775 ], [ 96.263323, 28.41083 ], [ 96.366381, 28.480829 ], [ 96.345263, 28.556944 ], [ 96.478319, 28.638609 ], [ 96.470827, 28.68833 ], [ 96.606096, 28.739439 ], [ 96.615816, 28.790277 ], [ 96.510271, 28.964441 ], [ 96.475817, 28.974718 ], [ 96.511934, 29.069998 ], [ 96.343874, 29.032499 ], [ 96.169146, 28.903608 ], [ 96.148607, 28.943331 ], [ 96.182207, 28.995275 ], [ 96.119143, 29.079165 ], [ 96.256655, 29.164442 ], [ 96.348604, 29.179998 ], [ 96.395266, 29.255278 ], [ 96.36249, 29.290556 ], [ 96.289431, 29.241385 ], [ 96.235262, 29.254446 ], [ 96.077486, 29.468607 ], [ 95.591097, 29.254999 ], [ 95.534426, 29.211664 ], [ 95.546648, 29.138609 ], [ 95.496096, 29.140833 ], [ 95.460543, 29.051664 ], [ 95.387774, 29.035276 ], [ 94.984713, 29.173609 ], [ 95.009157, 29.123888 ], [ 94.833353, 29.168371 ], [ 94.792269, 29.260801 ], [ 94.697359, 29.336531 ], [ 94.647509, 29.33346 ], [ 94.581202, 29.231531 ], [ 94.427759, 29.215509 ], [ 94.23456, 29.073481 ], [ 94.15246, 28.9307 ], [ 94.021105, 28.836031 ], [ 94.012423, 28.747351 ], [ 93.961725, 28.669203 ], [ 93.980593, 28.645182 ], [ 93.858515, 28.690382 ], [ 93.647295, 28.647463 ], [ 93.502062, 28.679159 ], [ 93.494081, 28.651922 ], [ 93.351938, 28.618761 ], [ 93.281519, 28.49296 ], [ 93.192705, 28.432131 ], [ 93.238169, 28.387449 ], [ 93.222055, 28.3193 ], [ 93.04571, 28.310263 ], [ 93.010439, 28.24225 ], [ 92.991526, 28.262861 ], [ 92.887339, 28.198721 ], [ 92.841249, 28.188803 ], [ 92.830034, 28.212763 ], [ 92.752901, 28.168921 ], [ 92.675249, 28.080709 ], [ 92.72838, 28.035982 ], [ 92.718325, 27.973612 ], [ 92.452478, 27.826391 ], [ 92.414705, 27.860281 ], [ 92.38666, 27.80472 ], [ 92.358309, 27.844442 ], [ 92.306086, 27.79833 ], [ 92.268045, 27.87472 ], [ 92.253885, 27.815832 ], [ 92.118319, 27.812502 ], [ 92.014429, 27.73472 ], [ 91.657763, 27.764723 ], [ 91.667208, 27.941942 ], [ 91.419436, 28.010557 ], [ 91.314989, 28.096666 ], [ 91.214434, 28.073053 ], [ 91.086931, 27.969995 ], [ 91.01082, 27.979998 ], [ 90.90999, 28.049444 ], [ 90.699419, 28.095831 ], [ 90.608034, 28.064444 ], [ 90.370531, 28.080278 ], [ 90.350267, 28.112219 ], [ 90.39554, 28.198885 ], [ 90.381655, 28.25139 ], [ 90.000017, 28.324057 ], [ 89.950274, 28.292223 ], [ 89.893877, 28.306108 ], [ 89.792757, 28.194162 ], [ 89.623598, 28.158331 ], [ 89.48749, 28.057775 ], [ 89.359987, 27.871664 ], [ 89.225542, 27.795 ], [ 89.128038, 27.623331 ], [ 89.125811, 27.567499 ], [ 88.971102, 27.473608 ], [ 88.916933, 27.320833 ], [ 88.783327, 27.438051 ], [ 88.763323, 27.543333 ], [ 88.834429, 27.661108 ], [ 88.880816, 27.836664 ], [ 88.831667, 28.013334 ], [ 88.628862, 28.119165 ], [ 88.534151, 28.029165 ], [ 88.14554, 27.955275 ], [ 88.122759, 27.892221 ], [ 88.193865, 27.847498 ], [ 88.188875, 27.787779 ], [ 88.119143, 27.608332 ], [ 88.056932, 27.533335 ], [ 88.066668, 27.436941 ], [ 88.038881, 27.376108 ], [ 88.05971, 27.327776 ], [ 87.993044, 27.114443 ], [ 88.118593, 26.984442 ], [ 88.194979, 26.754168 ], [ 88.101931, 26.530279 ], [ 88.095827, 26.438887 ], [ 88.014711, 26.364721 ], [ 87.890551, 26.47333 ], [ 87.84305, 26.438887 ], [ 87.78554, 26.456385 ], [ 87.76639, 26.408609 ], [ 87.697481, 26.429441 ], [ 87.599993, 26.379721 ], [ 87.447481, 26.432497 ], [ 87.370821, 26.40333 ], [ 87.328051, 26.347776 ], [ 87.245256, 26.412218 ], [ 87.137499, 26.409719 ], [ 87.094149, 26.456385 ], [ 87.061373, 26.588331 ], [ 86.885988, 26.468653 ], [ 86.820955, 26.436735 ], [ 86.765551, 26.449999 ], [ 86.738039, 26.419718 ], [ 86.53499, 26.528055 ], [ 86.332491, 26.584997 ], [ 86.325823, 26.614164 ], [ 86.206652, 26.585554 ], [ 86.029436, 26.663054 ], [ 85.855547, 26.570276 ], [ 85.740541, 26.653887 ], [ 85.726091, 26.801664 ], [ 85.630266, 26.867498 ], [ 85.453051, 26.786943 ], [ 85.412493, 26.794722 ], [ 85.328051, 26.736109 ], [ 85.202486, 26.772501 ], [ 85.18387, 26.866667 ], [ 85.040819, 26.847776 ], [ 85.041094, 26.886663 ], [ 84.973314, 26.903051 ], [ 84.952776, 26.958052 ], [ 84.843599, 27.015276 ], [ 84.750277, 27.007502 ], [ 84.651384, 27.041666 ], [ 84.686098, 27.196943 ], [ 84.634432, 27.315001 ], [ 84.297762, 27.38833 ], [ 84.143328, 27.524168 ], [ 84.098879, 27.516111 ], [ 84.04027, 27.444719 ], [ 83.835268, 27.438051 ], [ 83.875536, 27.380831 ], [ 83.858324, 27.352221 ], [ 83.607759, 27.469164 ], [ 83.396105, 27.478609 ], [ 83.389986, 27.396666 ], [ 83.30942, 27.335554 ], [ 83.176378, 27.448885 ], [ 82.768602, 27.501665 ], [ 82.74557, 27.572708 ], [ 81.55, 27.156111 ] ] ] } },
{ "type": "Feature", "properties": { "id": "00-00-f0-85", "volumeName": "FIR KOTA KINABALU", "icaoID": "WBFC" }, "geometry": { "type": "Polygon", "coordinates": [ [ [ 117.500002, 7.500002 ], [ 116.500002, 8.416666 ], [ 113.32814, 6.000122 ], [ 108.500002, 2.250001 ], [ 108.500002, 1.000002 ], [ 108.971544, 0.999927 ], [ 108.90526, 1.15424 ], [ 108.96238, 1.1745 ], [ 108.95333, 1.21854 ], [ 109.03606, 1.34471 ], [ 109.05147, 1.52363 ], [ 109.26054, 1.67846 ], [ 109.32755, 1.83969 ], [ 109.33147, 1.94868 ], [ 109.57422, 1.99385 ], [ 109.63569, 2.08308 ], [ 109.61904, 1.982184 ], [ 109.53602, 1.92145 ], [ 109.57801, 1.81057 ], [ 109.681815, 1.785933 ], [ 109.65923, 1.61965 ], [ 109.80166, 1.46228 ], [ 109.82817, 1.48158 ], [ 109.846995, 1.425453 ], [ 109.95576, 1.39986 ], [ 109.97873, 1.29729 ], [ 110.05268, 1.26619 ], [ 110.05856, 1.20847 ], [ 110.192574, 1.182596 ], [ 110.27889, 1.04433 ], [ 110.27403, 0.99354 ], [ 110.39388, 0.99293 ], [ 110.46333, 0.89193 ], [ 110.57191, 0.85522 ], [ 110.61987, 0.8671 ], [ 110.63477, 0.91028 ], [ 110.66644, 0.8792 ], [ 110.76583, 0.93074 ], [ 110.80412, 0.90309 ], [ 110.80557, 0.94492 ], [ 110.85854, 0.95401 ], [ 110.898316, 1.028195 ], [ 111.193168, 1.056412 ], [ 111.232481, 1.085581 ], [ 111.394491, 1.01266 ], [ 111.488337, 1.034219 ], [ 111.54399, 0.9492 ], [ 111.54933, 0.98205 ], [ 111.6657, 1.03988 ], [ 111.82829, 0.98767 ], [ 111.93533, 1.11744 ], [ 112.143263, 1.139669 ], [ 112.169735, 1.280337 ], [ 112.231671, 1.376397 ], [ 112.199418, 1.409352 ], [ 112.211571, 1.447682 ], [ 112.432906, 1.526213 ], [ 112.486429, 1.580436 ], [ 112.837246, 1.5386 ], [ 112.88993, 1.5856 ], [ 112.990568, 1.579735 ], [ 113.068631, 1.532056 ], [ 112.970701, 1.411923 ], [ 113.106026, 1.445579 ], [ 113.143656, 1.386914 ], [ 113.326894, 1.375228 ], [ 113.420617, 1.285245 ], [ 113.498212, 1.317265 ], [ 113.579314, 1.308617 ], [ 113.661117, 1.217232 ], [ 113.703187, 1.265846 ], [ 113.803921, 1.301372 ], [ 113.820749, 1.373592 ], [ 113.974538, 1.449318 ], [ 114.142818, 1.465445 ], [ 114.204521, 1.409352 ], [ 114.407158, 1.521305 ], [ 114.534771, 1.437165 ], [ 114.582684, 1.441138 ], [ 114.609562, 1.575061 ], [ 114.713101, 1.658967 ], [ 114.719411, 1.856462 ], [ 114.79467, 1.849217 ], [ 114.882549, 1.913724 ], [ 114.85053, 1.961637 ], [ 114.889149, 2.022597 ], [ 114.859052, 2.044783 ], [ 114.801609, 2.023629 ], [ 114.786819, 2.140234 ], [ 114.738491, 2.142126 ], [ 114.75225, 2.190625 ], [ 114.817604, 2.263375 ], [ 114.913227, 2.253228 ], [ 114.963618, 2.285045 ], [ 114.961039, 2.363814 ], [ 115.028629, 2.363642 ], [ 115.049955, 2.404574 ], [ 115.10327, 2.406982 ], [ 115.144374, 2.476291 ], [ 115.205256, 2.472852 ], [ 115.248597, 2.508796 ], [ 115.176191, 2.610611 ], [ 115.134055, 2.585157 ], [ 115.092607, 2.604076 ], [ 115.119608, 2.652059 ], [ 115.086759, 2.698839 ], [ 115.154521, 2.789475 ], [ 115.093983, 2.823528 ], [ 115.152113, 2.870135 ], [ 115.163292, 2.927406 ], [ 115.248769, 2.964899 ], [ 115.284713, 3.048311 ], [ 115.330694, 2.975215 ], [ 115.48188, 3.016448 ], [ 115.517474, 3.056976 ], [ 115.514654, 3.110543 ], [ 115.555182, 3.154594 ], [ 115.517474, 3.205694 ], [ 115.54461, 3.364633 ], [ 115.584432, 3.464014 ], [ 115.627075, 3.409038 ], [ 115.65703, 3.44005 ], [ 115.570488, 3.652377 ], [ 115.616727, 3.875505 ], [ 115.560847, 3.917218 ], [ 115.639158, 3.961686 ], [ 115.702515, 4.192488 ], [ 115.766266, 4.248368 ], [ 115.817424, 4.225937 ], [ 115.87055, 4.287917 ], [ 115.878814, 4.39161 ], [ 116.003364, 4.346749 ], [ 116.080101, 4.277685 ], [ 116.165889, 4.388659 ], [ 116.26842, 4.36307 ], [ 116.35095, 4.3909 ], [ 116.43737, 4.28829 ], [ 116.48728, 4.33287 ], [ 116.53583, 4.32807 ], [ 116.5668, 4.40789 ], [ 116.628993, 4.337273 ], [ 116.69958, 4.33834 ], [ 116.74703, 4.38993 ], [ 116.83448, 4.3279 ], [ 116.90615, 4.36982 ], [ 117.01456, 4.32047 ], [ 117.14415, 4.3533 ], [ 117.183218, 4.326336 ], [ 117.244342, 4.373877 ], [ 117.46725, 4.176831 ], [ 117.608604, 4.144395 ], [ 117.890108, 4.179086 ], [ 118.0, 4.0 ], [ 120.000002, 4.000002 ], [ 117.500002, 7.500002 ] ] ] } },
{ "type": "Feature", "properties": { "id": "00-00-f0-86", "volumeName": "FIR KOTLAS", "icaoID": "ULKK" }, "geometry": { "type": "Polygon", "coordinates": [ [ [ 48.666668, 60.333333 ], [ 48.166681, 62.000001 ], [ 46.750014, 63.000002 ], [ 44.050014, 62.916669 ], [ 41.000013, 62.000002 ], [ 40.333345, 61.233335 ], [ 42.583346, 61.100002 ], [ 44.250013, 60.416668 ], [ 46.333346, 60.066668 ], [ 48.666668, 60.333333 ] ] ] } },
{ "type": "Feature", "properties": { "id": "00-00-f0-87", "volumeName": "FIR KRASNOYARSK", "icaoID": "UNKL" }, "geometry": { "type": "Polygon", "coordinates": [ [ [ 114.716669, 76.333334 ], [ 114.750002, 78.000002 ], [ 110.634458, 78.050517 ], [ 106.677868, 78.04305 ], [ 102.588877, 77.966496 ], [ 97.922533, 77.825379 ], [ 93.407329, 77.598782 ], [ 89.500002, 77.333334 ], [ 87.758584, 76.946929 ], [ 85.630921, 76.425186 ], [ 83.438065, 75.822345 ], [ 81.833334, 75.333334 ], [ 79.036678, 75.182721 ], [ 75.933039, 74.971627 ], [ 70.683332, 74.500002 ], [ 70.91667, 73.66667 ], [ 74.466669, 72.983335 ], [ 76.000002, 71.883333 ], [ 78.583334, 70.866667 ], [ 79.330291, 69.766998 ], [ 80.003262, 68.664341 ], [ 82.783335, 66.550001 ], [ 83.850124, 65.00355 ], [ 84.799997, 63.449997 ], [ 83.858421, 62.181153 ], [ 83.000002, 60.91667 ], [ 85.554099, 59.858695 ], [ 87.933332, 58.750002 ], [ 88.16667, 57.35 ], [ 89.083334, 56.066668 ], [ 88.66667, 54.583334 ], [ 89.050001, 52.833334 ], [ 88.283335, 51.533335 ], [ 89.450003, 51.000002 ], [ 89.639986, 49.899164 ], [ 89.726381, 49.940546 ], [ 89.985262, 49.972216 ], [ 90.051378, 50.082499 ], [ 90.244432, 50.120272 ], [ 90.378588, 50.185823 ], [ 90.509722, 50.224436 ], [ 90.698595, 50.219439 ], [ 90.748598, 50.297495 ], [ 90.870256, 50.326387 ], [ 91.029711, 50.433054 ], [ 91.447481, 50.471102 ], [ 91.46776, 50.526941 ], [ 91.606936, 50.573053 ], [ 91.658876, 50.637217 ], [ 91.772219, 50.689989 ], [ 91.90555, 50.714716 ], [ 92.221376, 50.705553 ], [ 92.294985, 50.753611 ], [ 92.326937, 50.854998 ], [ 92.393328, 50.874712 ], [ 92.472765, 50.785273 ], [ 92.57361, 50.757776 ], [ 92.660814, 50.681665 ], [ 92.760271, 50.712496 ], [ 92.802767, 50.793612 ], [ 92.974993, 50.791109 ], [ 92.999147, 50.75139 ], [ 92.971025, 50.666491 ], [ 93.033327, 50.608606 ], [ 93.44887, 50.622492 ], [ 93.558321, 50.589716 ], [ 94.274996, 50.569445 ], [ 94.352205, 50.414995 ], [ 94.389986, 50.214441 ], [ 94.51082, 50.164995 ], [ 94.635271, 50.024439 ], [ 94.976091, 50.056101 ], [ 95.066088, 49.961939 ], [ 95.422487, 49.956102 ], [ 95.529436, 49.893328 ], [ 95.591936, 49.940828 ], [ 95.742205, 49.957216 ], [ 95.817217, 50.021936 ], [ 95.907213, 50.014162 ], [ 95.960268, 49.944155 ], [ 96.074434, 50.006945 ], [ 96.294436, 49.946657 ], [ 96.379152, 49.89361 ], [ 96.547487, 49.925829 ], [ 96.592485, 49.865 ], [ 96.72249, 49.921106 ], [ 96.996935, 49.894159 ], [ 97.169436, 49.761667 ], [ 97.313036, 49.731104 ], [ 97.586382, 49.843607 ], [ 97.594149, 49.927492 ], [ 97.786104, 49.969156 ], [ 97.863878, 49.932772 ], [ 98.079439, 50.033052 ], [ 98.195818, 50.157213 ], [ 98.292208, 50.298609 ], [ 98.28554, 50.413607 ], [ 98.325548, 50.510828 ], [ 98.274431, 50.560549 ], [ 98.167482, 50.568888 ], [ 98.063311, 50.630548 ], [ 97.963884, 50.77833 ], [ 98.013048, 50.855829 ], [ 97.877474, 50.92972 ], [ 97.831942, 50.989992 ], [ 97.958605, 51.223322 ], [ 97.937761, 51.312494 ], [ 98.064699, 51.466936 ], [ 98.232347, 51.459894 ], [ 98.259996, 51.515833 ], [ 98.248034, 51.58111 ], [ 98.315264, 51.704165 ], [ 98.673876, 51.803049 ], [ 98.806093, 51.94166 ], [ 98.891939, 52.12694 ], [ 98.930269, 52.14361 ], [ 98.999147, 52.109438 ], [ 99.000002, 53.000002 ], [ 96.000002, 54.000002 ], [ 98.000002, 55.933332 ], [ 97.533335, 57.450003 ], [ 100.749471, 57.93758 ], [ 102.500002, 58.050001 ], [ 104.436916, 59.371693 ], [ 106.700003, 60.766668 ], [ 108.033347, 61.266659 ], [ 107.000018, 61.999994 ], [ 107.000021, 65.499994 ], [ 106.923637, 66.88583 ], [ 106.500002, 69.250002 ], [ 108.193641, 70.20583 ], [ 112.000027, 71.999994 ], [ 114.733363, 73.833327 ], [ 114.716701, 76.333328 ], [ 132.000025, 74.333325 ], [ 132.014626, 74.332271 ], [ 114.716669, 76.333334 ] ] ] } },
{ "type": "Feature", "properties": { "id": "00-00-f0-88", "volumeName": "FIR KUALA LUMPUR", "icaoID": "WMFC" }, "geometry": { "type": "Polygon", "coordinates": [ [ [ 103.93609, 1.430267 ], [ 104.085405, 1.423607 ], [ 104.074033, 1.329339 ], [ 104.333334, 1.333334 ], [ 104.750002, 2.6 ], [ 103.666666, 3.666666 ], [ 103.733335, 4.833334 ], [ 102.666666, 6.750002 ], [ 102.25, 6.25 ], [ 102.096154, 6.25 ], [ 102.091639, 6.110556 ], [ 101.948305, 5.969442 ], [ 101.94385, 5.861944 ], [ 101.833864, 5.743334 ], [ 101.762484, 5.788889 ], [ 101.691645, 5.763613 ], [ 101.658861, 5.860556 ], [ 101.569979, 5.916666 ], [ 101.351641, 5.808332 ], [ 101.28969, 5.810556 ], [ 101.25609, 5.705832 ], [ 101.139688, 5.631945 ], [ 100.990252, 5.788057 ], [ 101.035799, 5.896112 ], [ 101.101358, 5.926947 ], [ 101.119425, 5.984446 ], [ 101.119959, 6.098333 ], [ 101.075533, 6.150557 ], [ 101.12163, 6.18722 ], [ 101.115519, 6.248888 ], [ 101.033312, 6.243887 ], [ 100.989695, 6.277502 ], [ 100.951372, 6.239721 ], [ 100.85747, 6.234446 ], [ 100.83359, 6.419443 ], [ 100.765535, 6.451944 ], [ 100.754152, 6.501944 ], [ 100.661089, 6.4475 ], [ 100.498865, 6.523058 ], [ 100.436899, 6.515554 ], [ 100.336908, 6.582777 ], [ 100.302752, 6.698889 ], [ 100.248308, 6.683332 ], [ 100.214983, 6.711111 ], [ 100.174685, 6.625834 ], [ 100.193575, 6.569445 ], [ 100.171358, 6.476667 ], [ 100.127115, 6.424948 ], [ 100.023714, 6.423208 ], [ 99.882744, 6.541492 ], [ 99.513581, 6.435525 ], [ 99.5, 6.5 ], [ 98.000002, 7.250002 ], [ 96.500002, 10.000002 ], [ 94.416666, 10.000002 ], [ 94.416666, 6.000002 ], [ 97.500004, 6.0 ], [ 102.166668, 1.65 ], [ 103.500002, 1.216665 ], [ 103.6, 1.283333 ], [ 103.710177, 1.45547 ], [ 103.829439, 1.476661 ], [ 103.93609, 1.430267 ] ] ] } },
{ "type": "Feature", "properties": { "id": "00-00-f0-8a", "volumeName": "FIR KUWAIT", "icaoID": "OKAC" }, "geometry": { "type": "Polygon", "coordinates": [ [ [ 48.011678, 29.989901 ], [ 47.707682, 30.103692 ], [ 47.371303, 30.103692 ], [ 47.189567, 30.028365 ], [ 47.129623, 29.970884 ], [ 46.866418, 29.43717 ], [ 46.554013, 29.100959 ], [ 47.466667, 29.0 ], [ 47.6, 28.783333 ], [ 47.6, 28.683333 ], [ 47.708333, 28.525 ], [ 48.684167, 28.544722 ], [ 48.866667, 28.25 ], [ 49.666666, 28.733335 ], [ 49.450003, 29.000002 ], [ 49.666666, 29.216665 ], [ 48.750002, 29.85 ], [ 48.414109, 29.8527 ], [ 48.154814, 30.024576 ], [ 48.068136, 30.027883 ], [ 48.011678, 29.989901 ] ] ] } },
{ "type": "Feature", "properties": { "id": "00-00-f0-8b", "volumeName": "FIR KYIV", "icaoID": "UKBV" }, "geometry": { "type": "Polygon", "coordinates": [ [ [ 33.336382, 52.356943 ], [ 33.204714, 52.379717 ], [ 32.923609, 52.247217 ], [ 32.384165, 52.332773 ], [ 32.357218, 52.301935 ], [ 32.384996, 52.250277 ], [ 32.340548, 52.221376 ], [ 32.303049, 52.112215 ], [ 32.124437, 52.043886 ], [ 31.926386, 52.036661 ], [ 31.905275, 52.091661 ], [ 31.831667, 52.111383 ], [ 31.361944, 52.116663 ], [ 31.251665, 52.045549 ], [ 31.132219, 52.086382 ], [ 30.943098, 52.073793 ], [ 30.930494, 52.030085 ], [ 30.971663, 52.006388 ], [ 30.800814, 51.947481 ], [ 30.796389, 51.902773 ], [ 30.665274, 51.826944 ], [ 30.656942, 51.774439 ], [ 30.617498, 51.764162 ], [ 30.645552, 51.748606 ], [ 30.628332, 51.711382 ], [ 30.573889, 51.697489 ], [ 30.556665, 51.624994 ], [ 30.5175, 51.597773 ], [ 30.530279, 51.551104 ], [ 30.58222, 51.536661 ], [ 30.565832, 51.515833 ], [ 30.615553, 51.45833 ], [ 30.581667, 51.430277 ], [ 30.64361, 51.370829 ], [ 30.644163, 51.332773 ], [ 30.570833, 51.301935 ], [ 30.551416, 51.251848 ], [ 30.383886, 51.307215 ], [ 30.334997, 51.344995 ], [ 30.348055, 51.405268 ], [ 30.176386, 51.491938 ], [ 29.983332, 51.486383 ], [ 29.851389, 51.436106 ], [ 29.759165, 51.441103 ], [ 29.717775, 51.49444 ], [ 29.669718, 51.49888 ], [ 29.594442, 51.453051 ], [ 29.52389, 51.453608 ], [ 29.483053, 51.390276 ], [ 29.409719, 51.402773 ], [ 29.339167, 51.373049 ], [ 29.236109, 51.466387 ], [ 29.24333, 51.537775 ], [ 29.181387, 51.618052 ], [ 29.118055, 51.636942 ], [ 29.0525, 51.631105 ], [ 28.98583, 51.571665 ], [ 28.828611, 51.546389 ], [ 28.766111, 51.48472 ], [ 28.752501, 51.411104 ], [ 28.719164, 51.452219 ], [ 28.660555, 51.451937 ], [ 28.627222, 51.566385 ], [ 28.475554, 51.579721 ], [ 28.359163, 51.53055 ], [ 28.260832, 51.617769 ], [ 28.258612, 51.661104 ], [ 28.088053, 51.564997 ], [ 27.838888, 51.614161 ], [ 27.811666, 51.588602 ], [ 27.817499, 51.53055 ], [ 27.760279, 51.481104 ], [ 27.750002, 51.383333 ], [ 27.043333, 50.181669 ], [ 27.85, 49.761702 ], [ 27.827497, 48.411379 ], [ 27.948606, 48.329721 ], [ 28.085554, 48.307497 ], [ 28.089167, 48.230822 ], [ 28.165552, 48.257502 ], [ 28.222498, 48.205271 ], [ 28.356665, 48.241106 ], [ 28.370554, 48.1961 ], [ 28.312777, 48.139437 ], [ 28.345552, 48.12694 ], [ 28.418608, 48.169443 ], [ 28.462652, 48.070848 ], [ 28.483332, 48.12388 ], [ 28.567221, 48.16305 ], [ 28.811945, 48.123606 ], [ 28.851664, 48.031939 ], [ 28.989992, 47.93442 ], [ 29.141939, 47.986094 ], [ 29.193605, 47.894983 ], [ 29.257502, 47.874704 ], [ 29.193048, 47.804422 ], [ 29.249163, 47.779985 ], [ 29.884436, 48.191435 ], [ 32.833334, 47.766668 ], [ 32.890036, 48.124968 ], [ 32.65, 48.383333 ], [ 32.6014, 48.524469 ], [ 32.741934, 48.688334 ], [ 33.366667, 48.950003 ], [ 33.616667, 49.313299 ], [ 33.885035, 50.213301 ], [ 34.461107, 51.247217 ], [ 34.382212, 51.263613 ], [ 34.305269, 51.230822 ], [ 34.208918, 51.259195 ], [ 34.273882, 51.285555 ], [ 34.314997, 51.351107 ], [ 34.203608, 51.406656 ], [ 34.239161, 51.427774 ], [ 34.234163, 51.546663 ], [ 34.159716, 51.628603 ], [ 34.101107, 51.647493 ], [ 34.102777, 51.67444 ], [ 34.40555, 51.718599 ], [ 34.442766, 51.760553 ], [ 34.384035, 51.843111 ], [ 34.257776, 51.879435 ], [ 34.169443, 51.959993 ], [ 34.109438, 51.959719 ], [ 34.12916, 51.986109 ], [ 34.073053, 52.060274 ], [ 34.100832, 52.145548 ], [ 34.069162, 52.190828 ], [ 33.968325, 52.230822 ], [ 33.830553, 52.364717 ], [ 33.696383, 52.361666 ], [ 33.535273, 52.293329 ], [ 33.497774, 52.366663 ], [ 33.454996, 52.343882 ], [ 33.336382, 52.356943 ] ] ] } },
{ "type": "Feature", "properties": { "id": "00-00-f0-8d", "volumeName": "FIR L VIV", "icaoID": "UKLV" }, "geometry": { "type": "Polygon", "coordinates": [ [ [ 25.261667, 51.955828 ], [ 24.891386, 51.899996 ], [ 24.396666, 51.88666 ], [ 24.313334, 51.822496 ], [ 24.279444, 51.737772 ], [ 24.007502, 51.596102 ], [ 23.953886, 51.584993 ], [ 23.90222, 51.634439 ], [ 23.768332, 51.651934 ], [ 23.614721, 51.618326 ], [ 23.647497, 51.534441 ], [ 23.604635, 51.527697 ], [ 23.611109, 51.503328 ], [ 23.654165, 51.48472 ], [ 23.639441, 51.448603 ], [ 23.693052, 51.404711 ], [ 23.63611, 51.301104 ], [ 23.866941, 51.148607 ], [ 23.862776, 51.09833 ], [ 23.966387, 50.948877 ], [ 24.14472, 50.858049 ], [ 24.114721, 50.831385 ], [ 23.972773, 50.828051 ], [ 23.952497, 50.794718 ], [ 24.079721, 50.704996 ], [ 24.132776, 50.544443 ], [ 24.02611, 50.493879 ], [ 23.991663, 50.407213 ], [ 23.703886, 50.378328 ], [ 23.676943, 50.324442 ], [ 23.146109, 49.983049 ], [ 22.68083, 49.572496 ], [ 22.656107, 49.519716 ], [ 22.692221, 49.423326 ], [ 22.738329, 49.390276 ], [ 22.760279, 49.295275 ], [ 22.700274, 49.165545 ], [ 22.73472, 49.177217 ], [ 22.876108, 49.089991 ], [ 22.886076, 49.002916 ], [ 22.769167, 49.053324 ], [ 22.674166, 49.044161 ], [ 22.562777, 49.084993 ], [ 22.537222, 48.995546 ], [ 22.467497, 48.978601 ], [ 22.376944, 48.851938 ], [ 22.389166, 48.79722 ], [ 22.348055, 48.764162 ], [ 22.328886, 48.686937 ], [ 22.158888, 48.580278 ], [ 22.151388, 48.411936 ], [ 22.268888, 48.407213 ], [ 22.260279, 48.360826 ], [ 22.319445, 48.361666 ], [ 22.318888, 48.314157 ], [ 22.378611, 48.245546 ], [ 22.504446, 48.247492 ], [ 22.575277, 48.194437 ], [ 22.621153, 48.101641 ], [ 22.797499, 48.114717 ], [ 22.882498, 48.046946 ], [ 22.850557, 47.980829 ], [ 22.896112, 47.95389 ], [ 22.939722, 47.96805 ], [ 22.941942, 48.012774 ], [ 23.028891, 47.989443 ], [ 23.084444, 48.01111 ], [ 23.123888, 48.088327 ], [ 23.168055, 48.108606 ], [ 23.265001, 48.088327 ], [ 23.383612, 47.998606 ], [ 23.764723, 47.983889 ], [ 23.860556, 47.929163 ], [ 23.969721, 47.96139 ], [ 24.244165, 47.903612 ], [ 24.427778, 47.959162 ], [ 24.556391, 47.953051 ], [ 24.668055, 47.902224 ], [ 24.693888, 47.849161 ], [ 24.816389, 47.813051 ], [ 24.919443, 47.711664 ], [ 25.109999, 47.754992 ], [ 25.230272, 47.881372 ], [ 25.326105, 47.91527 ], [ 26.167215, 47.988314 ], [ 26.272223, 48.076105 ], [ 26.314909, 48.186167 ], [ 26.609163, 48.235552 ], [ 26.703051, 48.344713 ], [ 26.750555, 48.29944 ], [ 26.803331, 48.29722 ], [ 26.791388, 48.381662 ], [ 26.853888, 48.404993 ], [ 26.968885, 48.358606 ], [ 27.049444, 48.365 ], [ 27.05361, 48.406939 ], [ 27.244997, 48.368883 ], [ 27.343054, 48.442766 ], [ 27.418886, 48.416666 ], [ 27.599722, 48.486658 ], [ 27.621386, 48.449717 ], [ 27.755556, 48.451387 ], [ 27.827497, 48.411379 ], [ 27.85, 49.761702 ], [ 27.043333, 50.181669 ], [ 27.750002, 51.383333 ], [ 27.760279, 51.481104 ], [ 27.679998, 51.49444 ], [ 27.727774, 51.583879 ], [ 27.482218, 51.631662 ], [ 27.445551, 51.601107 ], [ 27.279444, 51.597773 ], [ 27.298887, 51.654436 ], [ 27.199999, 51.670275 ], [ 27.206663, 51.743052 ], [ 27.17972, 51.762774 ], [ 26.933332, 51.74972 ], [ 26.649721, 51.820276 ], [ 26.45722, 51.812769 ], [ 26.436941, 51.856943 ], [ 26.18083, 51.861383 ], [ 26.092222, 51.917498 ], [ 25.439997, 51.92222 ], [ 25.261667, 51.955828 ] ] ] } },
{ "type": "Feature", "properties": { "id": "00-00-f0-8e", "volumeName": "FIR LA PAZ", "icaoID": "SLLF" }, "geometry": { "type": "Polygon", "coordinates": [ [ [ -65.305847, -9.828056 ], [ -65.381958, -9.697779 ], [ -65.442337, -9.679195 ], [ -65.570007, -9.83639 ], [ -65.704453, -9.794724 ], [ -65.705841, -9.750278 ], [ -65.764175, -9.767778 ], [ -65.782501, -9.731945 ], [ -65.803345, -9.784723 ], [ -65.823624, -9.75639 ], [ -65.863068, -9.786945 ], [ -65.903061, -9.764168 ], [ -66.035568, -9.806946 ], [ -66.080841, -9.775278 ], [ -66.107788, -9.804167 ], [ -66.352234, -9.841667 ], [ -66.430283, -9.889446 ], [ -66.624725, -9.902779 ], [ -66.888062, -10.08639 ], [ -67.080841, -10.271946 ], [ -67.174454, -10.325001 ], [ -67.324173, -10.320835 ], [ -67.333344, -10.370001 ], [ -67.418335, -10.383057 ], [ -67.463623, -10.455557 ], [ -67.611679, -10.532223 ], [ -67.703339, -10.695723 ], [ -67.74556, -10.712502 ], [ -67.845566, -10.657501 ], [ -68.061111, -10.67639 ], [ -68.280563, -10.980001 ], [ -68.620834, -11.11639 ], [ -68.779175, -11.133612 ], [ -68.747604, -11.010374 ], [ -68.785843, -10.992224 ], [ -68.900284, -11.015278 ], [ -69.395279, -10.926945 ], [ -69.568436, -10.951092 ], [ -68.925003, -11.996668 ], [ -68.673904, -12.50115 ], [ -68.780838, -12.617779 ], [ -68.7314, -12.669724 ], [ -68.756668, -12.714724 ], [ -68.84668, -12.732779 ], [ -68.973618, -12.863335 ], [ -68.961945, -13.513056 ], [ -69.014725, -13.638334 ], [ -69.087784, -13.656668 ], [ -69.003067, -13.754446 ], [ -68.977509, -13.961668 ], [ -68.895569, -14.03389 ], [ -68.853058, -14.199167 ], [ -68.999176, -14.243334 ], [ -68.9814, -14.379168 ], [ -69.157791, -14.50528 ], [ -69.157501, -14.575556 ], [ -69.228897, -14.576389 ], [ -69.241959, -14.730278 ], [ -69.366394, -14.802502 ], [ -69.349457, -14.895 ], [ -69.381393, -14.970001 ], [ -69.136948, -15.245834 ], [ -69.268341, -15.326946 ], [ -69.275848, -15.404167 ], [ -69.32695, -15.430557 ], [ -69.421951, -15.618057 ], [ -69.211945, -16.160557 ], [ -69.134171, -16.223614 ], [ -68.965012, -16.209446 ], [ -68.840836, -16.295559 ], [ -68.82251, -16.339725 ], [ -68.990845, -16.419724 ], [ -69.041672, -16.541115 ], [ -69.011124, -16.656948 ], [ -69.170013, -16.723892 ], [ -69.343338, -16.982502 ], [ -69.411118, -17.020557 ], [ -69.388336, -17.055 ], [ -69.618057, -17.186668 ], [ -69.656189, -17.287247 ], [ -69.590836, -17.29528 ], [ -69.501114, -17.378891 ], [ -69.490845, -17.63028 ], [ -69.35556, -17.745556 ], [ -69.298889, -17.973057 ], [ -69.259171, -17.956112 ], [ -69.13945, -18.0275 ], [ -69.075287, -18.021667 ], [ -69.074722, -18.077225 ], [ -69.149734, -18.155556 ], [ -69.087509, -18.233334 ], [ -69.075562, -18.389446 ], [ -69.02417, -18.477222 ], [ -69.030289, -18.643612 ], [ -68.932785, -18.882778 ], [ -68.979446, -18.945557 ], [ -68.89473, -19.070278 ], [ -68.820557, -19.096111 ], [ -68.684448, -19.206669 ], [ -68.650848, -19.277225 ], [ -68.546951, -19.321945 ], [ -68.4375, -19.430279 ], [ -68.480835, -19.444447 ], [ -68.699722, -19.730003 ], [ -68.543335, -19.840279 ], [ -68.523346, -19.916389 ], [ -68.574448, -20.057503 ], [ -68.784729, -20.097778 ], [ -68.770279, -20.134724 ], [ -68.710007, -20.14917 ], [ -68.725845, -20.231113 ], [ -68.668335, -20.327778 ], [ -68.749725, -20.362225 ], [ -68.756958, -20.406948 ], [ -68.697235, -20.500278 ], [ -68.466675, -20.628891 ], [ -68.565292, -20.730003 ], [ -68.55806, -20.896389 ], [ -68.5, -20.939445 ], [ -68.421112, -20.939167 ], [ -68.188614, -21.296947 ], [ -68.188614, -21.606392 ], [ -68.102783, -21.753056 ], [ -68.084457, -21.966946 ], [ -67.943619, -22.107224 ], [ -67.966675, -22.162502 ], [ -67.921951, -22.267502 ], [ -67.948334, -22.334167 ], [ -67.848068, -22.549168 ], [ -67.876404, -22.828056 ], [ -67.793335, -22.878056 ], [ -67.579178, -22.901112 ], [ -67.183624, -22.821667 ], [ -67.123062, -22.718056 ], [ -67.012222, -22.64278 ], [ -67.022507, -22.523891 ], [ -66.963348, -22.522503 ], [ -66.926392, -22.478058 ], [ -66.774734, -22.426945 ], [ -66.735516, -22.226758 ], [ -66.688904, -22.196114 ], [ -66.628067, -22.213058 ], [ -66.293335, -22.0825 ], [ -66.223007, -21.780521 ], [ -66.077515, -21.831947 ], [ -66.041397, -21.916668 ], [ -65.926117, -21.933334 ], [ -65.748062, -22.111668 ], [ -65.578613, -22.084724 ], [ -64.988342, -22.090836 ], [ -64.594727, -22.21167 ], [ -64.538895, -22.27639 ], [ -64.566116, -22.361389 ], [ -64.429663, -22.544313 ], [ -64.450781, -22.644868 ], [ -64.358267, -22.737371 ], [ -64.324722, -22.873611 ], [ -64.25163, -22.564409 ], [ -64.124945, -22.406812 ], [ -63.941116, -22.000835 ], [ -63.733063, -22.002781 ], [ -63.700562, -22.038612 ], [ -63.684104, -21.999589 ], [ -62.810217, -21.993482 ], [ -62.789452, -22.12278 ], [ -62.643768, -22.238903 ], [ -62.258896, -21.056946 ], [ -62.269447, -20.562225 ], [ -61.913067, -20.080006 ], [ -61.7425, -19.645 ], [ -60.613335, -19.459167 ], [ -60.015938, -19.299427 ], [ -59.09584, -19.348892 ], [ -58.15139, -19.828056 ], [ -58.130562, -19.999168 ], [ -58.15889, -20.168056 ], [ -57.848747, -19.978794 ], [ -58.121117, -19.74139 ], [ -57.776672, -19.047501 ], [ -57.704727, -19.043613 ], [ -57.719727, -18.913891 ], [ -57.769447, -18.902779 ], [ -57.55584, -18.253334 ], [ -57.455559, -18.238613 ], [ -57.457504, -18.205559 ], [ -57.521118, -18.203892 ], [ -57.567505, -18.136669 ], [ -57.70229, -17.86034 ], [ -57.717285, -17.727577 ], [ -57.77948, -17.637741 ], [ -57.743057, -17.593056 ], [ -57.901672, -17.461945 ], [ -58.022781, -17.495556 ], [ -58.04834, -17.453613 ], [ -58.091667, -17.455559 ], [ -58.122223, -17.408058 ], [ -58.194168, -17.391113 ], [ -58.25, -17.326115 ], [ -58.397507, -17.249168 ], [ -58.475769, -16.674633 ], [ -58.34639, -16.506111 ], [ -58.327507, -16.279167 ], [ -58.386673, -16.278057 ], [ -58.44445, -16.330002 ], [ -60.160278, -16.263058 ], [ -60.227226, -15.478613 ], [ -60.565136, -15.104648 ], [ -60.244773, -15.097203 ], [ -60.280611, -14.626642 ], [ -60.482079, -14.175547 ], [ -60.383896, -13.984446 ], [ -60.47084, -13.807222 ], [ -60.67556, -13.738611 ], [ -60.957779, -13.582779 ], [ -60.976952, -13.545834 ], [ -61.034729, -13.543335 ], [ -61.060005, -13.473333 ], [ -61.160561, -13.526945 ], [ -61.245834, -13.529167 ], [ -61.338341, -13.48778 ], [ -61.492783, -13.553335 ], [ -61.593529, -13.50724 ], [ -61.833893, -13.544724 ], [ -61.874451, -13.452223 ], [ -62.110001, -13.260834 ], [ -62.111946, -13.1525 ], [ -62.160278, -13.117779 ], [ -62.176117, -13.140835 ], [ -62.222778, -13.120001 ], [ -62.384727, -13.145834 ], [ -62.474449, -13.06889 ], [ -62.64389, -13.03389 ], [ -62.687225, -12.966667 ], [ -62.779167, -13.010834 ], [ -62.92556, -12.852222 ], [ -62.994171, -12.839333 ], [ -63.075005, -12.650002 ], [ -63.136642, -12.636353 ], [ -63.241394, -12.704445 ], [ -63.33139, -12.703335 ], [ -63.415558, -12.653891 ], [ -63.476112, -12.564444 ], [ -63.671951, -12.470556 ], [ -63.864449, -12.472223 ], [ -63.933891, -12.55028 ], [ -64.122787, -12.494722 ], [ -64.153625, -12.525278 ], [ -64.221115, -12.475557 ], [ -64.280563, -12.502224 ], [ -64.300842, -12.467779 ], [ -64.39418, -12.461668 ], [ -64.49556, -12.368334 ], [ -64.485001, -12.235556 ], [ -64.622513, -12.208889 ], [ -64.680283, -12.168612 ], [ -64.691391, -12.1 ], [ -64.736389, -12.153057 ], [ -64.811951, -12.0275 ], [ -64.991669, -12.008057 ], [ -65.016953, -11.970001 ], [ -64.994904, -11.914835 ], [ -65.03862, -11.877501 ], [ -65.063339, -11.752501 ], [ -65.113617, -11.739723 ], [ -65.12149, -11.692755 ], [ -65.148621, -11.777224 ], [ -65.202515, -11.740002 ], [ -65.194168, -11.628613 ], [ -65.168625, -11.611946 ], [ -65.223892, -11.583334 ], [ -65.2314, -11.51 ], [ -65.321396, -11.480721 ], [ -65.351959, -11.380556 ], [ -65.325562, -11.331945 ], [ -65.392792, -11.26639 ], [ -65.360565, -11.223333 ], [ -65.401947, -11.169724 ], [ -65.333618, -11.104445 ], [ -65.344727, -11.038612 ], [ -65.300568, -10.967224 ], [ -65.323242, -10.859617 ], [ -65.409454, -10.798889 ], [ -65.38028, -10.679724 ], [ -65.436951, -10.624723 ], [ -65.449509, -10.47924 ], [ -65.406677, -10.450001 ], [ -65.289734, -10.220556 ], [ -65.336945, -9.956945 ], [ -65.305847, -9.828056 ] ] ] } },
{ "type": "Feature", "properties": { "id": "00-00-f0-8f", "volumeName": "FIR LANGEN", "icaoID": "EDGG" }, "geometry": { "type": "Polygon", "coordinates": [ [ [ 9.936111, 51.333333 ], [ 8.766667, 51.333333 ], [ 9.0, 51.663335 ], [ 9.0, 52.130001 ], [ 8.0, 52.113335 ], [ 8.0, 52.280001 ], [ 6.993891, 52.227777 ], [ 6.860556, 52.120279 ], [ 6.762503, 52.116106 ], [ 6.691946, 52.066668 ], [ 6.688055, 52.038889 ], [ 6.83, 51.977495 ], [ 6.746389, 51.906107 ], [ 6.676111, 51.913889 ], [ 6.467222, 51.853609 ], [ 6.395555, 51.867495 ], [ 6.403612, 51.828051 ], [ 6.155279, 51.90555 ], [ 6.110003, 51.892778 ], [ 6.166998, 51.837778 ], [ 6.057501, 51.86278 ], [ 5.948336, 51.824999 ], [ 5.986666, 51.766939 ], [ 5.953333, 51.740831 ], [ 6.039167, 51.716944 ], [ 6.035833, 51.671663 ], [ 6.11611, 51.651941 ], [ 6.094168, 51.604441 ], [ 6.207499, 51.509996 ], [ 6.22278, 51.364717 ], [ 6.076391, 51.240274 ], [ 6.083612, 51.171663 ], [ 6.16361, 51.193605 ], [ 6.143332, 51.171946 ], [ 6.169722, 51.157495 ], [ 5.952223, 51.036661 ], [ 5.906946, 51.06389 ], [ 5.866945, 51.048052 ], [ 5.869444, 51.018885 ], [ 5.891668, 50.972773 ], [ 6.025557, 50.978334 ], [ 6.015001, 50.932497 ], [ 6.080278, 50.915834 ], [ 6.071665, 50.854166 ], [ 6.013891, 50.841661 ], [ 6.01528, 50.808054 ], [ 5.978613, 50.795832 ], [ 6.028612, 50.71583 ], [ 6.110834, 50.721384 ], [ 6.171389, 50.623888 ], [ 6.270834, 50.621386 ], [ 6.173613, 50.548334 ], [ 6.224169, 50.493608 ], [ 6.353888, 50.488329 ], [ 6.341665, 50.460001 ], [ 6.374445, 50.433611 ], [ 6.345278, 50.379717 ], [ 6.400278, 50.329165 ], [ 6.309725, 50.317217 ], [ 6.286947, 50.272501 ], [ 6.173334, 50.2325 ], [ 6.187502, 50.182779 ], [ 6.138056, 50.170275 ], [ 6.113333, 50.055834 ], [ 6.173056, 49.952219 ], [ 6.214724, 49.948885 ], [ 6.234167, 49.897501 ], [ 6.321947, 49.839998 ], [ 6.524446, 49.808611 ], [ 6.509447, 49.708055 ], [ 6.420832, 49.665834 ], [ 6.432222, 49.64139 ], [ 6.358889, 49.57361 ], [ 6.362173, 49.459391 ], [ 6.416113, 49.475832 ], [ 6.540556, 49.425829 ], [ 6.594721, 49.363054 ], [ 6.572779, 49.335276 ], [ 6.693056, 49.214998 ], [ 6.728888, 49.216387 ], [ 6.730833, 49.166109 ], [ 6.838888, 49.155001 ], [ 6.847502, 49.215273 ], [ 6.930555, 49.220835 ], [ 7.026667, 49.18889 ], [ 7.04389, 49.111666 ], [ 7.105276, 49.150278 ], [ 7.287779, 49.111109 ], [ 7.423613, 49.177217 ], [ 7.486944, 49.164164 ], [ 7.542501, 49.086939 ], [ 7.65209, 49.044939 ], [ 7.938612, 49.048883 ], [ 8.079168, 48.988886 ], [ 8.224165, 48.969721 ], [ 8.139166, 48.895555 ], [ 8.092222, 48.803606 ], [ 7.966112, 48.753328 ], [ 7.943609, 48.705278 ], [ 7.830832, 48.641939 ], [ 7.801111, 48.58861 ], [ 7.808889, 48.516939 ], [ 7.736666, 48.398607 ], [ 7.750834, 48.336664 ], [ 7.695833, 48.304995 ], [ 7.683332, 48.241663 ], [ 7.57889, 48.119722 ], [ 7.569193, 48.044779 ], [ 7.624166, 47.976946 ], [ 7.553335, 47.878328 ], [ 7.526667, 47.788057 ], [ 7.546389, 47.738054 ], [ 7.510836, 47.703333 ], [ 7.588317, 47.584743 ], [ 7.66538, 47.61246 ], [ 7.683332, 47.566668 ], [ 8.85, 47.883333 ], [ 8.866667, 47.783335 ], [ 9.55, 47.8 ], [ 9.550001, 48.527779 ], [ 9.776389, 48.810556 ], [ 10.479167, 49.111111 ], [ 10.966667, 49.441666 ], [ 10.660833, 49.999723 ], [ 10.288889, 50.226946 ], [ 10.521669, 50.500002 ], [ 10.70278, 50.657499 ], [ 10.492777, 51.333333 ], [ 9.936111, 51.333333 ] ] ] } },
{ "type": "Feature", "properties": { "id": "00-00-f0-90", "volumeName": "FIR LANZHOU", "icaoID": "ZLHW" }, "geometry": { "type": "Polygon", "coordinates": [ [ [ 96.38109, 42.738886 ], [ 96.356936, 42.906939 ], [ 95.133333, 41.800001 ], [ 92.169958, 39.779569 ], [ 87.383333, 36.416667 ], [ 89.016667, 36.033333 ], [ 91.916666, 32.866667 ], [ 97.0, 32.1 ], [ 98.583334, 31.816668 ], [ 101.700003, 32.916666 ], [ 103.883333, 33.583333 ], [ 105.816668, 32.450003 ], [ 109.516668, 31.9 ], [ 110.866667, 33.533335 ], [ 110.483333, 34.083333 ], [ 110.250002, 34.533335 ], [ 110.300001, 35.533335 ], [ 110.733335, 37.466665 ], [ 110.6, 38.366667 ], [ 109.683332, 38.733335 ], [ 107.016668, 40.333334 ], [ 105.916666, 40.716665 ], [ 105.21805, 41.743608 ], [ 105.012474, 41.581792 ], [ 104.930544, 41.651934 ], [ 104.524149, 41.663881 ], [ 104.526659, 41.877214 ], [ 104.069427, 41.804295 ], [ 103.849428, 41.802492 ], [ 103.416384, 41.887217 ], [ 102.712488, 42.161379 ], [ 102.442469, 42.151102 ], [ 102.077211, 42.233332 ], [ 101.814699, 42.509722 ], [ 100.835543, 42.678049 ], [ 100.314989, 42.691103 ], [ 100.254992, 42.641108 ], [ 99.986376, 42.653605 ], [ 99.498598, 42.570833 ], [ 98.221376, 42.64583 ], [ 97.171648, 42.797495 ], [ 96.998598, 42.761385 ], [ 96.38109, 42.738886 ] ] ] } },
{ "type": "Feature", "properties": { "id": "00-00-f0-93", "volumeName": "FIR LILONGWE", "icaoID": "FWLL" }, "geometry": { "type": "Polygon", "coordinates": [ [ [ 33.115, -9.474724 ], [ 32.997773, -9.373335 ], [ 32.940279, -9.403612 ], [ 32.948328, -9.482779 ], [ 33.014444, -9.502501 ], [ 32.996134, -9.618893 ], [ 33.061388, -9.615557 ], [ 33.104723, -9.662779 ], [ 33.117777, -9.586668 ], [ 33.206942, -9.602501 ], [ 33.229166, -9.634167 ], [ 33.226664, -9.711113 ], [ 33.349467, -9.819485 ], [ 33.387774, -9.913057 ], [ 33.330828, -9.993612 ], [ 33.324167, -10.06778 ], [ 33.55472, -10.220278 ], [ 33.567499, -10.392502 ], [ 33.70228, -10.561857 ], [ 33.510818, -10.775561 ], [ 33.344164, -10.81389 ], [ 33.250551, -10.886667 ], [ 33.299166, -10.908335 ], [ 33.332224, -11.050001 ], [ 33.411661, -11.156389 ], [ 33.292498, -11.41139 ], [ 33.244165, -11.413057 ], [ 33.260279, -11.495834 ], [ 33.230555, -11.574722 ], [ 33.313608, -11.58639 ], [ 33.330828, -11.744722 ], [ 33.332224, -11.897223 ], [ 33.273333, -12.144445 ], [ 33.374445, -12.331667 ], [ 33.483606, -12.310835 ], [ 33.547495, -12.348612 ], [ 33.370829, -12.5375 ], [ 33.280275, -12.527224 ], [ 33.192217, -12.621113 ], [ 33.149721, -12.581667 ], [ 33.046389, -12.603889 ], [ 32.959444, -12.768612 ], [ 32.967775, -12.850557 ], [ 33.034166, -12.898613 ], [ 32.986383, -13.09639 ], [ 33.019724, -13.195835 ], [ 32.941111, -13.272223 ], [ 32.921389, -13.383612 ], [ 32.838335, -13.465 ], [ 32.831667, -13.528612 ], [ 32.745279, -13.574722 ], [ 32.690554, -13.565001 ], [ 32.679993, -13.616112 ], [ 32.78583, -13.640556 ], [ 32.832773, -13.709723 ], [ 32.774996, -13.764446 ], [ 32.899164, -13.820002 ], [ 32.95917, -13.93056 ], [ 32.99972, -13.941668 ], [ 32.990274, -14.007223 ], [ 33.028055, -14.052502 ], [ 33.160074, -13.922137 ], [ 33.20576, -14.001373 ], [ 33.25, -14.00205 ], [ 33.309717, -14.07139 ], [ 33.303606, -14.148056 ], [ 33.377497, -14.215279 ], [ 33.478884, -14.410557 ], [ 33.54944, -14.442223 ], [ 33.683375, -14.601419 ], [ 34.07627, -15.892518 ], [ 34.213623, -16.171149 ], [ 34.483719, -16.404851 ], [ 34.650664, -16.475898 ], [ 34.829347, -16.511752 ], [ 35.190148, -16.473162 ], [ 35.356306, -16.400425 ], [ 35.503016, -16.295831 ], [ 35.655825, -16.117481 ], [ 35.802228, -16.038267 ], [ 35.86722, -15.419445 ], [ 35.80028, -15.177778 ], [ 35.924166, -14.885557 ], [ 35.881105, -14.885 ], [ 35.877222, -14.656113 ], [ 35.095278, -13.686111 ], [ 34.859167, -13.480556 ], [ 34.600375, -13.480556 ], [ 34.5225, -13.35 ], [ 34.522128, -12.778183 ], [ 34.406669, -12.20505 ], [ 34.642075, -11.583653 ], [ 34.964947, -11.568377 ], [ 34.959719, -11.486668 ], [ 34.890551, -11.383057 ], [ 34.805552, -11.332224 ], [ 34.763613, -11.345001 ], [ 34.710276, -11.201113 ], [ 34.613611, -11.105001 ], [ 34.598612, -10.983891 ], [ 34.643053, -10.921946 ], [ 34.676111, -10.743057 ], [ 34.57583, -10.516668 ], [ 34.585001, -10.281946 ], [ 34.52389, -10.1075 ], [ 34.533609, -10.040556 ], [ 34.338053, -9.7875 ], [ 34.325274, -9.732779 ], [ 34.039446, -9.482779 ], [ 33.957224, -9.526669 ], [ 33.953051, -9.673334 ], [ 33.919611, -9.707659 ], [ 33.755831, -9.582779 ], [ 33.683611, -9.610556 ], [ 33.584777, -9.584051 ], [ 33.50889, -9.621946 ], [ 33.437777, -9.615835 ], [ 33.393885, -9.538057 ], [ 33.31444, -9.485556 ], [ 33.192499, -9.509167 ], [ 33.115, -9.474724 ] ] ] } },
{ "type": "Feature", "properties": { "id": "00-00-f0-94", "volumeName": "FIR LIMA", "icaoID": "SPIM" }, "geometry": { "type": "Polygon", "coordinates": [ [ [ -75.101669, -0.078054 ], [ -75.201675, -0.031389 ], [ -75.24501, -0.119165 ], [ -75.4189, -0.164999 ], [ -75.521118, -0.115555 ], [ -75.62796, -0.108858 ], [ -75.625565, -0.175278 ], [ -75.485565, -0.226665 ], [ -75.409454, -0.425833 ], [ -75.246124, -0.554167 ], [ -75.292786, -0.730555 ], [ -75.21608, -0.965336 ], [ -75.325012, -0.981112 ], [ -75.403015, -0.921429 ], [ -75.559174, -1.534166 ], [ -76.074173, -2.131111 ], [ -76.660629, -2.572134 ], [ -77.857224, -2.984444 ], [ -78.205841, -3.339167 ], [ -78.217789, -3.369165 ], [ -78.1689, -3.450001 ], [ -78.231949, -3.51861 ], [ -78.258621, -3.512777 ], [ -78.266403, -3.417778 ], [ -78.337509, -3.422777 ], [ -78.396393, -3.738611 ], [ -78.531677, -3.912777 ], [ -78.563614, -4.095556 ], [ -78.672073, -4.307093 ], [ -78.658615, -4.414722 ], [ -78.624725, -4.436666 ], [ -78.665558, -4.554445 ], [ -78.876114, -4.677221 ], [ -78.919449, -4.745277 ], [ -78.892792, -4.849722 ], [ -78.978348, -4.878334 ], [ -78.998901, -4.956112 ], [ -79.054825, -5.009132 ], [ -79.106949, -4.97139 ], [ -79.290848, -4.963333 ], [ -79.445282, -4.800278 ], [ -79.521667, -4.593334 ], [ -79.499725, -4.524445 ], [ -79.636673, -4.438055 ], [ -79.813614, -4.48 ], [ -79.89917, -4.393333 ], [ -79.962234, -4.393055 ], [ -80.137146, -4.28067 ], [ -80.363342, -4.467777 ], [ -80.477783, -4.428055 ], [ -80.478058, -4.383333 ], [ -80.335556, -4.199444 ], [ -80.441681, -4.222778 ], [ -80.468613, -4.201111 ], [ -80.505005, -4.081112 ], [ -80.467224, -3.986944 ], [ -80.386124, -3.979166 ], [ -80.316391, -4.013056 ], [ -80.150284, -3.879723 ], [ -80.22139, -3.762777 ], [ -80.20639, -3.626944 ], [ -80.240845, -3.575277 ], [ -80.235001, -3.497221 ], [ -80.271118, -3.470833 ], [ -80.253891, -3.420834 ], [ -80.340424, -3.380516 ], [ -90.0, -3.4 ], [ -90.0, -18.35 ], [ -70.405487, -18.348545 ], [ -70.355835, -18.319725 ], [ -70.141113, -18.323334 ], [ -69.988342, -18.269169 ], [ -69.8414, -18.128613 ], [ -69.768616, -17.953056 ], [ -69.849731, -17.754169 ], [ -69.837509, -17.685837 ], [ -69.814728, -17.652225 ], [ -69.683899, -17.663612 ], [ -69.499725, -17.50528 ], [ -69.501114, -17.378891 ], [ -69.590836, -17.29528 ], [ -69.656189, -17.287247 ], [ -69.620834, -17.190556 ], [ -69.388336, -17.055 ], [ -69.411118, -17.020557 ], [ -69.343338, -16.982502 ], [ -69.170013, -16.723892 ], [ -69.011124, -16.656948 ], [ -69.03418, -16.473057 ], [ -68.990845, -16.419724 ], [ -68.82251, -16.339725 ], [ -68.840836, -16.295559 ], [ -68.965012, -16.209446 ], [ -69.134171, -16.223614 ], [ -69.211945, -16.160557 ], [ -69.421951, -15.618057 ], [ -69.32695, -15.430557 ], [ -69.275848, -15.404167 ], [ -69.268341, -15.326946 ], [ -69.136948, -15.245834 ], [ -69.381393, -14.970001 ], [ -69.349457, -14.895 ], [ -69.366394, -14.802502 ], [ -69.241959, -14.730278 ], [ -69.228897, -14.576389 ], [ -69.157501, -14.575556 ], [ -69.157791, -14.50528 ], [ -68.9814, -14.379168 ], [ -68.999176, -14.243334 ], [ -68.853058, -14.199167 ], [ -68.895569, -14.03389 ], [ -68.977509, -13.961668 ], [ -69.003067, -13.754446 ], [ -69.087784, -13.656668 ], [ -69.014725, -13.638334 ], [ -68.961945, -13.513056 ], [ -68.973618, -12.863335 ], [ -68.84668, -12.732779 ], [ -68.756668, -12.714724 ], [ -68.7314, -12.669724 ], [ -68.780838, -12.617779 ], [ -68.673904, -12.50115 ], [ -68.925003, -11.996668 ], [ -69.567505, -10.950556 ], [ -69.730835, -10.965279 ], [ -69.780563, -10.923334 ], [ -69.929169, -10.914446 ], [ -70.154175, -11.030001 ], [ -70.328903, -11.069168 ], [ -70.431396, -11.032223 ], [ -70.532791, -10.932222 ], [ -70.631393, -11.009167 ], [ -70.628067, -9.835556 ], [ -70.530838, -9.725834 ], [ -70.61499, -9.564808 ], [ -70.569458, -9.569723 ], [ -70.575562, -9.5275 ], [ -70.514664, -9.428001 ], [ -70.592789, -9.443611 ], [ -70.881958, -9.67 ], [ -71.002228, -9.814724 ], [ -71.136124, -9.860834 ], [ -71.184448, -9.936945 ], [ -71.298889, -9.996389 ], [ -71.338623, -9.973057 ], [ -71.368057, -10.003889 ], [ -72.185837, -10.003889 ], [ -72.150848, -9.882778 ], [ -72.180008, -9.80139 ], [ -72.271118, -9.746668 ], [ -72.251953, -9.659723 ], [ -72.296677, -9.60639 ], [ -72.305557, -9.530001 ], [ -72.730011, -9.413057 ], [ -73.205292, -9.407223 ], [ -73.083618, -9.244167 ], [ -73.023621, -9.221111 ], [ -73.021393, -9.171112 ], [ -72.9664, -9.143057 ], [ -72.964172, -8.983334 ], [ -73.06279, -8.899168 ], [ -73.169724, -8.710279 ], [ -73.273346, -8.675835 ], [ -73.343338, -8.606945 ], [ -73.345001, -8.475279 ], [ -73.533066, -8.355556 ], [ -73.645004, -8.02389 ], [ -73.771957, -7.948055 ], [ -73.785278, -7.875278 ], [ -73.713898, -7.872499 ], [ -73.703613, -7.77861 ], [ -73.828903, -7.728333 ], [ -74.010559, -7.541389 ], [ -73.954727, -7.52389 ], [ -73.92778, -7.455833 ], [ -73.972778, -7.345833 ], [ -73.892502, -7.375 ], [ -73.702789, -7.306944 ], [ -73.720001, -7.223055 ], [ -73.806671, -7.101389 ], [ -73.744171, -6.876944 ], [ -73.353058, -6.576944 ], [ -73.191681, -6.552778 ], [ -73.123901, -6.447222 ], [ -73.163071, -6.207222 ], [ -73.229736, -6.093611 ], [ -73.126114, -5.8675 ], [ -72.963348, -5.654167 ], [ -72.942505, -5.543333 ], [ -72.962784, -5.458055 ], [ -72.884171, -5.258055 ], [ -72.917511, -5.151112 ], [ -72.898056, -5.129723 ], [ -72.741394, -5.050833 ], [ -72.62529, -5.054167 ], [ -72.609177, -5.000834 ], [ -72.406113, -4.878889 ], [ -72.37529, -4.784445 ], [ -72.235001, -4.753334 ], [ -72.129181, -4.693611 ], [ -72.066574, -4.606091 ], [ -72.028061, -4.612499 ], [ -71.902481, -4.518188 ], [ -71.690567, -4.473888 ], [ -71.64473, -4.509167 ], [ -71.623062, -4.475834 ], [ -71.607224, -4.498056 ], [ -71.510559, -4.481388 ], [ -71.47084, -4.438334 ], [ -71.382233, -4.430834 ], [ -71.353897, -4.457222 ], [ -71.295288, -4.433611 ], [ -71.290558, -4.383055 ], [ -71.232956, -4.374615 ], [ -71.200287, -4.410555 ], [ -71.169449, -4.357779 ], [ -71.129181, -4.39889 ], [ -71.083344, -4.363611 ], [ -71.011398, -4.382223 ], [ -70.988617, -4.340555 ], [ -70.950287, -4.38139 ], [ -70.830566, -4.234444 ], [ -70.834732, -4.187778 ], [ -70.765839, -4.146389 ], [ -70.683899, -4.173334 ], [ -70.62001, -4.115 ], [ -70.628891, -4.156666 ], [ -70.584167, -4.195555 ], [ -70.545288, -4.138611 ], [ -70.511948, -4.180277 ], [ -70.433334, -4.131666 ], [ -70.359726, -4.165833 ], [ -70.323898, -4.136667 ], [ -70.306671, -4.244722 ], [ -70.201569, -4.332127 ], [ -70.106949, -4.253056 ], [ -70.030289, -4.338333 ], [ -69.974731, -4.306944 ], [ -69.95668, -4.209444 ], [ -70.126404, -4.06889 ], [ -70.180847, -3.938334 ], [ -70.323059, -3.799166 ], [ -70.371948, -3.788334 ], [ -70.516113, -3.861111 ], [ -70.724167, -3.779722 ], [ -70.047745, -2.731157 ], [ -70.055847, -2.676111 ], [ -70.071671, -2.660276 ], [ -70.125244, -2.69915 ], [ -70.156677, -2.646111 ], [ -70.197784, -2.6425 ], [ -70.236954, -2.552221 ], [ -70.335556, -2.575001 ], [ -70.2789, -2.522778 ], [ -70.30751, -2.495556 ], [ -70.420013, -2.51111 ], [ -70.536392, -2.422222 ], [ -70.540558, -2.494165 ], [ -70.577515, -2.487223 ], [ -70.659729, -2.352501 ], [ -70.808334, -2.285833 ], [ -70.861115, -2.223055 ], [ -70.914169, -2.254444 ], [ -70.97139, -2.223055 ], [ -70.987228, -2.300278 ], [ -71.084457, -2.298889 ], [ -71.158066, -2.370277 ], [ -71.239456, -2.381111 ], [ -71.255844, -2.353056 ], [ -71.343063, -2.394722 ], [ -71.406113, -2.284721 ], [ -71.430008, -2.276945 ], [ -71.460281, -2.351667 ], [ -71.506119, -2.24 ], [ -71.619171, -2.201666 ], [ -71.669174, -2.229166 ], [ -71.698059, -2.146944 ], [ -71.813065, -2.235277 ], [ -71.830002, -2.299723 ], [ -71.882782, -2.326944 ], [ -71.888336, -2.381666 ], [ -72.008347, -2.357222 ], [ -72.103622, -2.476389 ], [ -72.12973, -2.440001 ], [ -72.198624, -2.450834 ], [ -72.218063, -2.505833 ], [ -72.253616, -2.467501 ], [ -72.33667, -2.478889 ], [ -72.373474, -2.428127 ], [ -72.506668, -2.442778 ], [ -72.595566, -2.407221 ], [ -72.636124, -2.494165 ], [ -72.683334, -2.440001 ], [ -72.716675, -2.475 ], [ -72.744446, -2.433887 ], [ -72.805847, -2.487223 ], [ -72.890839, -2.503056 ], [ -72.935562, -2.395555 ], [ -72.964737, -2.407221 ], [ -72.985001, -2.377777 ], [ -73.022507, -2.422222 ], [ -73.036118, -2.365278 ], [ -73.112228, -2.338055 ], [ -73.133621, -2.243334 ], [ -73.088348, -2.22361 ], [ -73.05751, -2.139999 ], [ -73.093903, -2.042778 ], [ -73.087784, -1.929167 ], [ -73.131958, -1.908054 ], [ -73.132782, -1.849167 ], [ -73.171951, -1.846388 ], [ -73.199173, -1.803055 ], [ -73.230286, -1.851665 ], [ -73.267227, -1.824999 ], [ -73.300003, -1.875834 ], [ -73.507507, -1.748333 ], [ -73.443344, -1.605833 ], [ -73.476959, -1.525 ], [ -73.555008, -1.460556 ], [ -73.556396, -1.370832 ], [ -73.65834, -1.281666 ], [ -73.703613, -1.28861 ], [ -73.726959, -1.238056 ], [ -73.755569, -1.294167 ], [ -73.837784, -1.270277 ], [ -73.868057, -1.208611 ], [ -73.850281, -1.170277 ], [ -73.938065, -1.168888 ], [ -73.952515, -1.128334 ], [ -74.001678, -1.123611 ], [ -74.020279, -1.035276 ], [ -74.077789, -1.072777 ], [ -74.227234, -1.027777 ], [ -74.261398, -0.931665 ], [ -74.29834, -0.910555 ], [ -74.242233, -0.889166 ], [ -74.238892, -0.858334 ], [ -74.347229, -0.757778 ], [ -74.392227, -0.533611 ], [ -74.496948, -0.498055 ], [ -74.607513, -0.38361 ], [ -74.638336, -0.409721 ], [ -74.66362, -0.345833 ], [ -74.70668, -0.367222 ], [ -74.776947, -0.204166 ], [ -74.866394, -0.232222 ], [ -74.941116, -0.197777 ], [ -74.986954, -0.127222 ], [ -75.101669, -0.078054 ] ] ] } },
{ "type": "Feature", "properties": { "id": "00-00-f0-95", "volumeName": "FIR LISBON", "icaoID": "LPPC" }, "geometry": { "type": "Polygon", "coordinates": [ [ [ -10.0, 42.000002 ], [ -13.0, 43.000002 ], [ -15.0, 42.000002 ], [ -15.0, 36.500002 ], [ -17.809038, 34.209521 ], [ -18.066308, 33.917473 ], [ -18.159421, 33.761644 ], [ -18.239477, 33.591333 ], [ -18.324036, 33.253836 ], [ -18.324293, 32.912108 ], [ -18.289981, 32.740398 ], [ -18.239462, 32.571732 ], [ -18.073836, 32.253518 ], [ -17.835275, 31.971054 ], [ -17.690296, 31.848513 ], [ -17.419899, 31.662306 ], [ -17.114527, 31.526859 ], [ -16.556917, 31.406944 ], [ -16.318245, 31.398737 ], [ -15.914183, 31.441578 ], [ -15.528531, 31.554308 ], [ -15.177398, 31.732236 ], [ -14.875658, 31.96793 ], [ -14.64239, 32.234264 ], [ -11.999999, 35.966667 ], [ -7.383333, 35.966667 ], [ -7.421389, 37.27833 ], [ -7.467501, 37.490831 ], [ -7.524445, 37.5525 ], [ -7.447779, 37.657778 ], [ -7.422501, 37.754717 ], [ -7.278334, 37.870829 ], [ -7.254444, 37.987497 ], [ -7.126944, 38.003328 ], [ -7.103889, 38.046946 ], [ -7.006666, 38.028055 ], [ -6.951666, 38.140001 ], [ -6.940556, 38.217775 ], [ -7.087778, 38.17444 ], [ -7.143888, 38.270273 ], [ -7.329721, 38.447222 ], [ -7.248056, 38.623606 ], [ -7.257223, 38.728334 ], [ -7.041666, 38.868608 ], [ -7.050278, 38.91083 ], [ -6.954792, 39.026384 ], [ -7.004999, 39.107218 ], [ -7.1425, 39.111109 ], [ -7.139999, 39.173334 ], [ -7.242777, 39.213053 ], [ -7.235035, 39.276972 ], [ -7.322779, 39.38833 ], [ -7.293612, 39.467775 ], [ -7.379999, 39.496111 ], [ -7.390833, 39.532778 ], [ -7.505833, 39.605829 ], [ -7.532505, 39.66942 ], [ -7.3375, 39.643885 ], [ -7.266945, 39.671946 ], [ -7.017221, 39.674997 ], [ -6.983191, 39.81695 ], [ -6.91361, 39.864717 ], [ -6.86389, 40.015551 ], [ -6.934723, 40.1075 ], [ -7.004723, 40.126108 ], [ -7.027222, 40.187777 ], [ -7.005833, 40.230829 ], [ -6.873888, 40.26333 ], [ -6.77861, 40.36278 ], [ -6.848333, 40.443331 ], [ -6.790833, 40.518053 ], [ -6.838888, 40.574999 ], [ -6.797777, 40.657778 ], [ -6.829166, 40.755274 ], [ -6.803888, 40.874163 ], [ -6.931667, 41.018053 ], [ -6.808332, 41.040552 ], [ -6.754444, 41.102495 ], [ -6.764444, 41.130831 ], [ -6.643888, 41.244722 ], [ -6.496944, 41.264444 ], [ -6.381945, 41.354998 ], [ -6.388056, 41.381662 ], [ -6.318333, 41.387217 ], [ -6.329166, 41.415277 ], [ -6.187222, 41.579721 ], [ -6.303612, 41.663332 ], [ -6.442223, 41.685831 ], [ -6.497499, 41.657495 ], [ -6.55139, 41.691111 ], [ -6.5625, 41.745279 ], [ -6.508333, 41.873888 ], [ -6.568333, 41.887217 ], [ -6.544722, 41.93722 ], [ -6.581667, 41.967501 ], [ -6.716944, 41.936663 ], [ -6.788055, 41.991663 ], [ -6.8375, 41.947222 ], [ -6.970833, 41.974443 ], [ -7.063055, 41.951387 ], [ -7.139999, 41.994165 ], [ -7.187222, 41.975275 ], [ -7.173611, 41.922777 ], [ -7.200556, 41.883608 ], [ -7.370277, 41.851389 ], [ -7.426945, 41.812494 ], [ -7.450556, 41.86278 ], [ -7.493055, 41.873056 ], [ -7.607779, 41.83111 ], [ -7.591667, 41.879717 ], [ -7.692499, 41.905001 ], [ -7.879999, 41.852777 ], [ -7.898611, 41.926386 ], [ -7.921112, 41.880831 ], [ -8.014723, 41.833887 ], [ -8.140556, 41.809168 ], [ -8.218613, 41.913607 ], [ -8.085001, 42.020273 ], [ -8.079723, 42.054163 ], [ -8.121946, 42.079439 ], [ -8.185556, 42.064722 ], [ -8.201223, 42.152742 ], [ -8.327223, 42.085276 ], [ -8.620834, 42.053606 ], [ -8.866031, 41.872951 ], [ -10.0, 42.000002 ] ] ] } },
{ "type": "Feature", "properties": { "id": "00-00-f0-96", "volumeName": "FIR LJUBLJANA", "icaoID": "LJLA" }, "geometry": { "type": "Polygon", "coordinates": [ [ [ 16.303057, 46.863611 ], [ 16.111807, 46.869722 ], [ 15.988611, 46.833612 ], [ 15.988054, 46.751108 ], [ 16.041609, 46.657549 ], [ 15.849722, 46.72333 ], [ 15.65074, 46.70936 ], [ 15.495832, 46.616945 ], [ 15.417501, 46.652224 ], [ 15.105276, 46.657221 ], [ 15.018888, 46.644442 ], [ 14.984865, 46.607157 ], [ 14.953264, 46.63534 ], [ 14.870554, 46.615831 ], [ 14.811666, 46.509996 ], [ 14.594168, 46.437494 ], [ 14.564165, 46.385828 ], [ 14.428335, 46.44639 ], [ 14.159445, 46.440828 ], [ 14.079721, 46.489717 ], [ 13.718657, 46.526613 ], [ 13.689444, 46.447496 ], [ 13.595556, 46.441111 ], [ 13.570002, 46.402224 ], [ 13.438334, 46.359163 ], [ 13.38389, 46.293055 ], [ 13.416113, 46.213335 ], [ 13.485834, 46.2325 ], [ 13.669168, 46.1775 ], [ 13.496389, 46.059168 ], [ 13.509443, 46.033884 ], [ 13.480001, 46.01111 ], [ 13.542501, 45.967501 ], [ 13.632223, 45.991106 ], [ 13.577776, 45.854166 ], [ 13.598055, 45.810831 ], [ 13.788889, 45.754442 ], [ 13.918612, 45.63389 ], [ 13.827776, 45.584444 ], [ 13.500002, 45.630003 ], [ 13.391668, 45.555002 ], [ 13.678888, 45.445002 ], [ 13.863611, 45.478334 ], [ 13.986666, 45.460001 ], [ 13.989443, 45.522219 ], [ 14.131388, 45.474443 ], [ 14.238333, 45.505556 ], [ 14.387499, 45.485277 ], [ 14.485834, 45.529718 ], [ 14.509722, 45.598055 ], [ 14.601389, 45.67528 ], [ 14.686945, 45.536661 ], [ 14.797777, 45.50139 ], [ 14.818056, 45.466112 ], [ 14.907778, 45.476664 ], [ 14.934439, 45.524965 ], [ 15.085279, 45.486383 ], [ 15.162794, 45.426645 ], [ 15.335196, 45.456758 ], [ 15.282785, 45.605066 ], [ 15.391729, 45.646952 ], [ 15.347223, 45.674997 ], [ 15.35861, 45.714441 ], [ 15.283335, 45.694719 ], [ 15.309168, 45.75194 ], [ 15.444723, 45.815828 ], [ 15.482222, 45.802217 ], [ 15.499445, 45.835833 ], [ 15.697779, 45.844164 ], [ 15.679445, 45.86194 ], [ 15.724443, 45.938608 ], [ 15.718332, 46.04722 ], [ 15.629446, 46.086939 ], [ 15.599722, 46.142496 ], [ 15.654722, 46.219446 ], [ 15.781111, 46.212496 ], [ 15.821665, 46.258333 ], [ 16.017221, 46.298052 ], [ 16.083334, 46.334162 ], [ 16.075926, 46.384333 ], [ 16.140001, 46.406664 ], [ 16.300211, 46.380487 ], [ 16.249445, 46.490274 ], [ 16.292509, 46.530817 ], [ 16.393892, 46.542765 ], [ 16.607874, 46.476236 ], [ 16.391668, 46.636385 ], [ 16.426111, 46.691668 ], [ 16.324167, 46.757219 ], [ 16.31389, 46.793886 ], [ 16.350557, 46.841112 ], [ 16.303057, 46.863611 ] ] ] } },
{ "type": "Feature", "properties": { "id": "00-00-f0-97", "volumeName": "FIR LONDON", "icaoID": "EGTT" }, "geometry": { "type": "Polygon", "coordinates": [ [ [ -7.817072, 48.87441 ], [ -4.850485, 49.491454 ], [ -2.0, 50.000002 ], [ -0.25, 50.000002 ], [ 1.466669, 50.666666 ], [ 1.466669, 51.000002 ], [ 2.000002, 51.116667 ], [ 2.000002, 51.500002 ], [ 3.438762, 53.259679 ], [ 5.000002, 55.000002 ], [ -5.5, 55.000002 ], [ -5.5, 52.333334 ], [ -8.0, 51.0 ], [ -8.0, 48.833334 ], [ -7.817072, 48.87441 ] ] ] } },
{ "type": "Feature", "properties": { "id": "00-00-f0-98", "volumeName": "FIR LOS ANGELES", "icaoID": "KZLA" }, "geometry": { "type": "Polygon", "coordinates": [ [ [ -113.783333, 37.716669 ], [ -113.65, 37.883333 ], [ -114.199999, 38.016668 ], [ -116.183332, 37.883333 ], [ -117.094721, 37.883333 ], [ -117.094721, 37.550001 ], [ -117.075832, 37.441668 ], [ -117.008333, 37.366667 ], [ -117.333332, 37.200003 ], [ -118.583332, 37.200003 ], [ -118.583332, 36.133333 ], [ -119.166666, 36.133333 ], [ -119.5, 35.633333 ], [ -120.116667, 35.750002 ], [ -120.85, 35.533335 ], [ -123.284121, 34.553875 ], [ -121.956065, 32.532992 ], [ -120.833332, 30.750002 ], [ -117.122686, 32.535184 ], [ -114.719093, 32.718458 ], [ -114.81425, 32.496352 ], [ -113.506322, 32.09225 ], [ -113.684722, 32.7375 ], [ -114.0, 32.683332 ], [ -114.0, 34.66667 ], [ -113.616667, 34.91667 ], [ -112.666666, 35.383333 ], [ -112.0, 35.433332 ], [ -111.504166, 36.420835 ], [ -111.879166, 37.4125 ], [ -112.058332, 37.500002 ], [ -113.0, 37.500002 ], [ -113.783333, 37.716669 ] ] ] } },
{ "type": "Feature", "properties": { "id": "00-00-f0-99", "volumeName": "FIR LUANDA", "icaoID": "FNAN" }, "geometry": { "type": "Polygon", "coordinates": [ [ [ 23.47611, -17.625835 ], [ 23.201666, -17.479725 ], [ 22.73244, -17.04711 ], [ 22.489662, -16.779888 ], [ 22.140773, -16.498221 ], [ 22.120407, -16.341818 ], [ 22.0, -16.153492 ], [ 22.0, -13.003836 ], [ 23.0, -13.003836 ], [ 24.333334, -11.0 ], [ 22.0, -8.999999 ], [ 21.999298, -7.334036 ], [ 19.734791, -6.817757 ], [ 16.0, -5.833333 ], [ 15.816111, -5.869722 ], [ 14.699995, -5.874453 ], [ 14.596388, -5.908056 ], [ 14.189165, -5.862499 ], [ 14.037222, -5.878056 ], [ 13.980276, -5.835833 ], [ 13.759722, -5.862499 ], [ 13.451666, -5.848333 ], [ 13.343275, -5.897795 ], [ 13.035772, -5.867517 ], [ 12.448972, -6.087597 ], [ 12.215622, -6.054294 ], [ 12.213848, -5.769259 ], [ 12.283184, -5.735148 ], [ 12.526667, -5.724167 ], [ 12.541666, -5.126944 ], [ 12.465277, -5.095833 ], [ 12.461386, -5.052933 ], [ 12.606239, -4.99876 ], [ 12.622074, -4.932371 ], [ 12.700409, -4.925982 ], [ 12.717129, -4.869308 ], [ 12.780832, -4.829721 ], [ 12.853856, -4.716661 ], [ 13.088888, -4.6625 ], [ 13.091391, -4.633055 ], [ 12.864168, -4.398056 ], [ 12.769167, -4.390833 ], [ 12.649296, -4.560148 ], [ 12.394573, -4.613203 ], [ 12.334576, -4.788204 ], [ 12.252075, -4.80237 ], [ 12.205685, -4.759592 ], [ 12.165684, -4.896538 ], [ 12.025429, -5.015701 ], [ 12.023347, -5.083419 ], [ 8.833334, -5.5 ], [ 6.583334, -4.166666 ], [ 6.583334, -5.866665 ], [ -3.0, -9.533333 ], [ -10.0, -12.0 ], [ -10.0, -20.0 ], [ -5.0, -18.0 ], [ 10.000002, -18.0 ], [ 11.752783, -17.254833 ], [ 11.825834, -17.266392 ], [ 11.97611, -17.164169 ], [ 12.167776, -17.14389 ], [ 12.246111, -17.227222 ], [ 12.421389, -17.203613 ], [ 12.450834, -17.254169 ], [ 12.557222, -17.243336 ], [ 12.816111, -17.108891 ], [ 12.886667, -17.033611 ], [ 13.160555, -16.952778 ], [ 13.251665, -16.985279 ], [ 13.373335, -16.969448 ], [ 13.474443, -17.011948 ], [ 13.52611, -17.077778 ], [ 13.524721, -17.126945 ], [ 13.897223, -17.344723 ], [ 13.972776, -17.424446 ], [ 14.176943, -17.42028 ], [ 14.204168, -17.383102 ], [ 18.45154, -17.389835 ], [ 18.63722, -17.644726 ], [ 18.756388, -17.74778 ], [ 18.915834, -17.815556 ], [ 19.242224, -17.805836 ], [ 19.343332, -17.847504 ], [ 19.559168, -17.8675 ], [ 19.661665, -17.83778 ], [ 19.761946, -17.898891 ], [ 19.811945, -17.858334 ], [ 19.920557, -17.857224 ], [ 20.035833, -17.90028 ], [ 20.338057, -17.858059 ], [ 20.547499, -17.98167 ], [ 20.751944, -17.996113 ], [ 20.806112, -18.037781 ], [ 20.953464, -17.968207 ], [ 21.163185, -17.932097 ], [ 21.241241, -17.939596 ], [ 21.378654, -18.015593 ], [ 23.47611, -17.625835 ] ] ] } },
{ "type": "Feature", "properties": { "id": "00-00-f0-9b", "volumeName": "FIR LUSAKA", "icaoID": "FLFI" }, "geometry": { "type": "Polygon", "coordinates": [ [ [ 31.119444, -8.615002 ], [ 30.964167, -8.535833 ], [ 30.76598, -8.218503 ], [ 29.883333, -8.116667 ], [ 28.0, -12.0 ], [ 25.5, -12.0 ], [ 24.333334, -11.0 ], [ 23.0, -13.003836 ], [ 22.0, -13.003836 ], [ 22.0, -16.153492 ], [ 22.120407, -16.341818 ], [ 22.133828, -16.491277 ], [ 22.489662, -16.779888 ], [ 22.73244, -17.04711 ], [ 23.201666, -17.479725 ], [ 23.47611, -17.625835 ], [ 24.239086, -17.478432 ], [ 24.440138, -17.482365 ], [ 24.565417, -17.533474 ], [ 24.638197, -17.496669 ], [ 24.727221, -17.500835 ], [ 25.032778, -17.5825 ], [ 25.033888, -17.620281 ], [ 25.136946, -17.685001 ], [ 25.186666, -17.760002 ], [ 25.339036, -17.843753 ], [ 25.513886, -17.863056 ], [ 25.689444, -17.808056 ], [ 25.858057, -17.911945 ], [ 25.863611, -17.976669 ], [ 25.967497, -18.004515 ], [ 26.092779, -17.967224 ], [ 26.097502, -17.933056 ], [ 26.214998, -17.884167 ], [ 26.56389, -17.994446 ], [ 26.610834, -18.048889 ], [ 26.702635, -18.075562 ], [ 26.759443, -18.0275 ], [ 27.038057, -17.959446 ], [ 27.146387, -17.861115 ], [ 27.150495, -17.805721 ], [ 27.349662, -17.580999 ], [ 27.621051, -17.342943 ], [ 27.640773, -17.230443 ], [ 27.827162, -16.964888 ], [ 28.138613, -16.823612 ], [ 28.26, -16.724167 ], [ 28.646112, -16.564445 ], [ 28.755835, -16.555836 ], [ 28.854166, -16.388336 ], [ 28.860556, -16.049446 ], [ 28.927706, -15.972362 ], [ 29.045, -15.949722 ], [ 29.08639, -15.882223 ], [ 29.250277, -15.775002 ], [ 29.57847, -15.660904 ], [ 29.656109, -15.670834 ], [ 29.831388, -15.616112 ], [ 29.996111, -15.653334 ], [ 30.167275, -15.632158 ], [ 30.214167, -15.664722 ], [ 30.415758, -15.631872 ], [ 30.357779, -15.554724 ], [ 30.388056, -15.485001 ], [ 30.364443, -15.344168 ], [ 30.253332, -15.218613 ], [ 30.214662, -14.986832 ], [ 30.345495, -14.973499 ], [ 30.86244, -14.764054 ], [ 31.486606, -14.625443 ], [ 31.69494, -14.510165 ], [ 32.374662, -14.314054 ], [ 33.25, -14.00205 ], [ 33.20576, -14.001373 ], [ 33.160074, -13.922137 ], [ 33.028055, -14.052502 ], [ 32.990274, -14.007223 ], [ 32.99972, -13.941668 ], [ 32.959162, -13.930557 ], [ 32.899164, -13.820002 ], [ 32.774996, -13.764446 ], [ 32.832773, -13.709723 ], [ 32.78583, -13.640556 ], [ 32.678888, -13.60639 ], [ 32.690554, -13.565001 ], [ 32.745279, -13.574722 ], [ 32.83167, -13.528605 ], [ 32.838335, -13.465 ], [ 32.921389, -13.383612 ], [ 32.941111, -13.272223 ], [ 33.019724, -13.195835 ], [ 32.986383, -13.09639 ], [ 33.034166, -12.898613 ], [ 32.967775, -12.850557 ], [ 32.959444, -12.768612 ], [ 33.046389, -12.603889 ], [ 33.149721, -12.581667 ], [ 33.192217, -12.621113 ], [ 33.280275, -12.527224 ], [ 33.370829, -12.5375 ], [ 33.545832, -12.359446 ], [ 33.544443, -12.327778 ], [ 33.483606, -12.310835 ], [ 33.374445, -12.331667 ], [ 33.273333, -12.144445 ], [ 33.332224, -11.897223 ], [ 33.330828, -11.744722 ], [ 33.313608, -11.58639 ], [ 33.230555, -11.574722 ], [ 33.260279, -11.495834 ], [ 33.244165, -11.413057 ], [ 33.292498, -11.41139 ], [ 33.411661, -11.156389 ], [ 33.332224, -11.050001 ], [ 33.299166, -10.908335 ], [ 33.250551, -10.886667 ], [ 33.344164, -10.81389 ], [ 33.510828, -10.775557 ], [ 33.698885, -10.572224 ], [ 33.684999, -10.513334 ], [ 33.567499, -10.392502 ], [ 33.55472, -10.220278 ], [ 33.324167, -10.06778 ], [ 33.330828, -9.993612 ], [ 33.387723, -9.912933 ], [ 33.349467, -9.819485 ], [ 33.226664, -9.711113 ], [ 33.206942, -9.602501 ], [ 33.117777, -9.586668 ], [ 33.09305, -9.664722 ], [ 33.061388, -9.615557 ], [ 33.01288, -9.631273 ], [ 33.014444, -9.502501 ], [ 32.948328, -9.482779 ], [ 32.940277, -9.40611 ], [ 32.771662, -9.335556 ], [ 32.741945, -9.281668 ], [ 32.545275, -9.266668 ], [ 32.425554, -9.129723 ], [ 32.249445, -9.131945 ], [ 32.159998, -9.063334 ], [ 32.056108, -9.040834 ], [ 31.979723, -9.071112 ], [ 31.934168, -9.01889 ], [ 31.95611, -8.930834 ], [ 31.78554, -8.885067 ], [ 31.738607, -8.918055 ], [ 31.683611, -8.90889 ], [ 31.57494, -8.824332 ], [ 31.563334, -8.698612 ], [ 31.459444, -8.629446 ], [ 31.398054, -8.629446 ], [ 31.375555, -8.582224 ], [ 31.285276, -8.623335 ], [ 31.220556, -8.576668 ], [ 31.119444, -8.615002 ] ] ] } },
{ "type": "Feature", "properties": { "id": "00-00-f0-9e", "volumeName": "FIR MADRID", "icaoID": "LECM" }, "geometry": { "type": "Polygon", "coordinates": [ [ [ -1.782499, 43.345835 ], [ -1.783333, 43.583334 ], [ -4.0, 44.333334 ], [ -8.0, 45.000002 ], [ -13.0, 45.000002 ], [ -13.0, 43.000002 ], [ -10.0, 42.000002 ], [ -8.866031, 41.872951 ], [ -8.620834, 42.053606 ], [ -8.327223, 42.085276 ], [ -8.201223, 42.152742 ], [ -8.185556, 42.064722 ], [ -8.121946, 42.079439 ], [ -8.079723, 42.054163 ], [ -8.085001, 42.020273 ], [ -8.218613, 41.913607 ], [ -8.140556, 41.809168 ], [ -8.014723, 41.833887 ], [ -7.892221, 41.926668 ], [ -7.879999, 41.852777 ], [ -7.692499, 41.905001 ], [ -7.591667, 41.879717 ], [ -7.607779, 41.83111 ], [ -7.493055, 41.873056 ], [ -7.420279, 41.813334 ], [ -7.370277, 41.851389 ], [ -7.200556, 41.883608 ], [ -7.173611, 41.922777 ], [ -7.187222, 41.975275 ], [ -7.139999, 41.994165 ], [ -7.063055, 41.951387 ], [ -6.970833, 41.974443 ], [ -6.906111, 41.944719 ], [ -6.828333, 41.949717 ], [ -6.788055, 41.991663 ], [ -6.735277, 41.939997 ], [ -6.618334, 41.940554 ], [ -6.593678, 41.968775 ], [ -6.549723, 41.945002 ], [ -6.568333, 41.887217 ], [ -6.508333, 41.873888 ], [ -6.5625, 41.745279 ], [ -6.539444, 41.679445 ], [ -6.497499, 41.657495 ], [ -6.442223, 41.685831 ], [ -6.355833, 41.677774 ], [ -6.194445, 41.59305 ], [ -6.217501, 41.529444 ], [ -6.329166, 41.415277 ], [ -6.318333, 41.387217 ], [ -6.388056, 41.381662 ], [ -6.381945, 41.354998 ], [ -6.496944, 41.264444 ], [ -6.643888, 41.244722 ], [ -6.764444, 41.130831 ], [ -6.754444, 41.102495 ], [ -6.808332, 41.040552 ], [ -6.931667, 41.018053 ], [ -6.803888, 40.874163 ], [ -6.829166, 40.755274 ], [ -6.797777, 40.657778 ], [ -6.838888, 40.574999 ], [ -6.790833, 40.518053 ], [ -6.848333, 40.443331 ], [ -6.77861, 40.36278 ], [ -6.873888, 40.26333 ], [ -7.005833, 40.230829 ], [ -7.027222, 40.187777 ], [ -7.004723, 40.126108 ], [ -6.934723, 40.1075 ], [ -6.86389, 40.015551 ], [ -6.91361, 39.864717 ], [ -6.983191, 39.81695 ], [ -7.017221, 39.674997 ], [ -7.266945, 39.671946 ], [ -7.3375, 39.643885 ], [ -7.532505, 39.66942 ], [ -7.505833, 39.605829 ], [ -7.390833, 39.532778 ], [ -7.379999, 39.496111 ], [ -7.293612, 39.467775 ], [ -7.322779, 39.38833 ], [ -7.235035, 39.276972 ], [ -7.242777, 39.213053 ], [ -7.139999, 39.173334 ], [ -7.1425, 39.111109 ], [ -7.004999, 39.107218 ], [ -6.954792, 39.026384 ], [ -7.050278, 38.91083 ], [ -7.041666, 38.868608 ], [ -7.257223, 38.728334 ], [ -7.248056, 38.623606 ], [ -7.329721, 38.447222 ], [ -7.143888, 38.270273 ], [ -7.087778, 38.17444 ], [ -6.940556, 38.217775 ], [ -6.951666, 38.140001 ], [ -7.006666, 38.028055 ], [ -7.103889, 38.046946 ], [ -7.126944, 38.003328 ], [ -7.254444, 37.987497 ], [ -7.278334, 37.870829 ], [ -7.422501, 37.754717 ], [ -7.447779, 37.657778 ], [ -7.524445, 37.5525 ], [ -7.467501, 37.490831 ], [ -7.421389, 37.27833 ], [ -7.383333, 35.833334 ], [ -2.100029, 35.833135 ], [ -1.1, 39.733335 ], [ -0.063055, 42.71583 ], [ -0.107777, 42.725275 ], [ -0.145, 42.801935 ], [ -0.1875, 42.78583 ], [ -0.306389, 42.849161 ], [ -0.391945, 42.796389 ], [ -0.500555, 42.822222 ], [ -0.562222, 42.781389 ], [ -0.623333, 42.851664 ], [ -0.731943, 42.899164 ], [ -0.746666, 42.965555 ], [ -0.946388, 42.955828 ], [ -1.257221, 43.047777 ], [ -1.302221, 43.076662 ], [ -1.275, 43.120829 ], [ -1.341667, 43.097498 ], [ -1.346666, 43.034723 ], [ -1.434444, 43.045557 ], [ -1.4725, 43.091112 ], [ -1.381945, 43.196665 ], [ -1.391388, 43.262774 ], [ -1.544443, 43.291384 ], [ -1.619722, 43.256388 ], [ -1.627222, 43.301386 ], [ -1.730377, 43.298983 ], [ -1.782499, 43.345835 ] ] ] } },
{ "type": "Feature", "properties": { "id": "00-00-f0-9f", "volumeName": "FIR MAGADAN OCEANIC AM WEST", "icaoID": "UHMM" }, "geometry": { "type": "Polygon", "coordinates": [ [ [ 180.0, 86.2236 ], [ 114.750002, 78.000002 ], [ 114.716669, 76.333334 ], [ 132.000002, 74.333334 ], [ 134.645519, 74.140983 ], [ 137.795566, 73.863629 ], [ 140.833847, 73.541598 ], [ 143.582224, 73.200141 ], [ 148.055202, 72.953268 ], [ 152.272937, 72.621278 ], [ 155.2375, 72.325693 ], [ 158.000002, 72.000002 ], [ 168.000002, 72.500002 ], [ 180.0, 72.256807 ], [ 180.0, 86.2236 ] ] ] } },
{ "type": "Feature", "properties": { "id": "00-00-f0-a0", "volumeName": "FIR MAGADAN OCEANIC AM EAST", "icaoID": "UHMM" }, "geometry": { "type": "Polygon", "coordinates": [ [ [ -169.0, 72.000002 ], [ -169.0, 87.633333 ], [ -180.0, 86.115091 ], [ -180.0, 72.256807 ], [ -169.0, 72.000002 ] ] ] } },
{ "type": "Feature", "properties": { "id": "00-00-f0-a1", "volumeName": "FIR MAGADAN EAST", "icaoID": "UHMM" }, "geometry": { "type": "Polygon", "coordinates": [ [ [ 180.0, 72.256807 ], [ 168.000002, 72.500002 ], [ 168.000002, 70.500002 ], [ 165.000006, 68.666656 ], [ 162.000002, 66.550001 ], [ 158.000002, 66.550001 ], [ 158.000002, 65.750002 ], [ 153.958598, 64.987885 ], [ 151.900258, 64.538612 ], [ 149.666677, 63.999989 ], [ 145.500011, 63.566656 ], [ 145.000002, 62.000002 ], [ 146.000002, 61.000002 ], [ 145.750002, 58.000002 ], [ 143.41667, 56.433332 ], [ 146.000002, 56.000002 ], [ 150.000008, 54.869989 ], [ 150.000008, 55.999989 ], [ 152.187479, 57.161397 ], [ 154.664175, 58.350616 ], [ 155.962785, 58.918044 ], [ 159.621755, 60.382658 ], [ 162.130203, 61.328679 ], [ 164.250005, 62.083322 ], [ 166.737475, 62.109704 ], [ 171.211659, 62.044468 ], [ 175.645759, 61.835371 ], [ 180.0, 61.500398 ], [ 180.0, 72.256807 ] ] ] } },
{ "type": "Feature", "properties": { "id": "00-00-f0-a2", "volumeName": "FIR MAGADAN WEST", "icaoID": "UHMM" }, "geometry": { "type": "Polygon", "coordinates": [ [ [ -177.073506, 61.723471 ], [ -174.521661, 63.018731 ], [ -172.241938, 64.050001 ], [ -169.04194, 65.000002 ], [ -169.04194, 72.000002 ], [ -180.0, 72.256807 ], [ -180.0, 61.485578 ], [ -177.793607, 61.336655 ], [ -177.073506, 61.723471 ] ] ] } },
{ "type": "Feature", "properties": { "id": "00-00-f0-a3", "volumeName": "FIR MAIQUETIA", "icaoID": "SVZM" }, "geometry": { "type": "Polygon", "coordinates": [ [ [ -65.0, 15.000002 ], [ -67.066666, 15.683332 ], [ -67.966667, 11.4 ], [ -70.5, 12.500002 ], [ -71.416666, 12.500002 ], [ -71.0, 12.000002 ], [ -71.403336, 11.812777 ], [ -71.977234, 11.664999 ], [ -72.26001, 11.154444 ], [ -72.341125, 11.164999 ], [ -72.493057, 11.121111 ], [ -72.558624, 10.97389 ], [ -72.665283, 10.872778 ], [ -72.760284, 10.651388 ], [ -72.905014, 10.442499 ], [ -72.987228, 9.914167 ], [ -72.962234, 9.836943 ], [ -73.092789, 9.585554 ], [ -73.168335, 9.536112 ], [ -73.29834, 9.284723 ], [ -73.383621, 9.189722 ], [ -73.371948, 9.166945 ], [ -73.218903, 9.171389 ], [ -73.006393, 9.304445 ], [ -72.94223, 9.104166 ], [ -72.816956, 9.145277 ], [ -72.768188, 9.111425 ], [ -72.790298, 9.083052 ], [ -72.664459, 8.641111 ], [ -72.384171, 8.363054 ], [ -72.385559, 8.253889 ], [ -72.325287, 8.095556 ], [ -72.333618, 8.049444 ], [ -72.402512, 8.041945 ], [ -72.423065, 7.985834 ], [ -72.4814, 7.947779 ], [ -72.443344, 7.828054 ], [ -72.47168, 7.491945 ], [ -72.39917, 7.406111 ], [ -72.183334, 7.382776 ], [ -72.150848, 7.339724 ], [ -72.164459, 7.259447 ], [ -72.135284, 7.177778 ], [ -72.066101, 7.062414 ], [ -72.0, 7.018888 ], [ -71.832779, 6.987223 ], [ -71.765564, 7.005556 ], [ -71.764175, 7.032221 ], [ -71.606949, 7.059725 ], [ -71.457779, 7.015833 ], [ -71.295563, 7.033335 ], [ -71.265564, 6.98778 ], [ -71.186676, 6.962778 ], [ -71.128067, 6.998888 ], [ -71.025009, 6.984446 ], [ -70.890015, 7.075003 ], [ -70.702515, 7.108057 ], [ -70.612793, 7.0725 ], [ -70.563614, 7.089445 ], [ -70.512787, 7.015554 ], [ -70.300842, 6.939169 ], [ -70.119171, 6.975836 ], [ -69.429459, 6.118612 ], [ -69.325012, 6.153612 ], [ -69.245285, 6.081388 ], [ -69.056396, 6.216112 ], [ -68.637222, 6.13389 ], [ -68.453903, 6.190557 ], [ -68.313614, 6.166945 ], [ -68.152237, 6.223333 ], [ -67.99501, 6.207777 ], [ -67.822784, 6.309446 ], [ -67.568344, 6.264723 ], [ -67.454453, 6.193056 ], [ -67.491989, 6.118654 ], [ -67.412796, 5.99246 ], [ -67.622223, 5.7875 ], [ -67.651947, 5.67639 ], [ -67.613068, 5.539167 ], [ -67.649445, 5.478334 ], [ -67.802795, 5.385561 ], [ -67.849731, 5.307779 ], [ -67.811676, 5.217501 ], [ -67.828613, 5.112223 ], [ -67.790558, 5.054705 ], [ -67.823593, 4.939722 ], [ -67.824722, 4.736666 ], [ -67.877228, 4.548613 ], [ -67.791946, 4.4275 ], [ -67.805557, 4.227499 ], [ -67.693893, 4.026114 ], [ -67.618622, 3.763334 ], [ -67.491959, 3.726389 ], [ -67.387787, 3.493055 ], [ -67.307236, 3.455557 ], [ -67.290558, 3.397501 ], [ -67.384171, 3.259169 ], [ -67.435562, 3.253889 ], [ -67.843063, 2.868334 ], [ -67.855072, 2.789785 ], [ -67.828339, 2.825003 ], [ -67.751678, 2.840002 ], [ -67.606949, 2.795557 ], [ -67.56778, 2.683332 ], [ -67.503342, 2.677221 ], [ -67.320557, 2.468332 ], [ -67.192505, 2.3925 ], [ -67.173065, 2.341665 ], [ -67.210846, 2.240557 ], [ -67.164459, 2.135557 ], [ -67.109451, 2.094446 ], [ -67.133621, 1.98778 ], [ -66.991669, 1.695833 ], [ -66.871887, 1.221643 ], [ -66.311951, 0.750555 ], [ -66.185562, 0.764723 ], [ -66.123901, 0.733889 ], [ -66.067505, 0.786669 ], [ -65.971115, 0.803888 ], [ -65.870834, 0.908335 ], [ -65.740845, 0.981668 ], [ -65.589737, 0.989168 ], [ -65.509445, 0.899168 ], [ -65.513062, 0.833891 ], [ -65.583618, 0.725836 ], [ -65.524445, 0.648611 ], [ -65.436111, 0.69528 ], [ -65.389725, 0.830835 ], [ -65.315002, 0.91889 ], [ -65.188339, 0.929167 ], [ -65.120834, 1.133612 ], [ -65.017227, 1.13389 ], [ -64.821121, 1.281111 ], [ -64.718903, 1.250834 ], [ -64.587509, 1.335833 ], [ -64.536118, 1.429724 ], [ -64.38945, 1.513613 ], [ -64.350006, 1.484167 ], [ -64.386398, 1.409723 ], [ -64.34584, 1.364447 ], [ -64.278625, 1.463057 ], [ -64.08223, 1.627501 ], [ -64.052231, 1.890833 ], [ -64.009171, 1.944723 ], [ -63.928337, 1.978613 ], [ -63.78334, 1.97278 ], [ -63.605003, 2.107222 ], [ -63.40139, 2.146391 ], [ -63.357506, 2.269724 ], [ -63.34639, 2.406111 ], [ -63.371117, 2.423056 ], [ -63.666672, 2.445833 ], [ -63.812225, 2.424723 ], [ -64.036667, 2.470556 ], [ -63.987503, 2.72389 ], [ -64.078613, 2.924166 ], [ -64.218338, 3.123335 ], [ -64.205566, 3.25778 ], [ -64.236954, 3.426947 ], [ -64.190567, 3.505278 ], [ -64.191116, 3.594446 ], [ -64.321396, 3.7325 ], [ -64.537781, 3.86278 ], [ -64.647781, 3.992502 ], [ -64.718063, 4.152777 ], [ -64.795563, 4.193335 ], [ -64.795288, 4.281389 ], [ -64.65834, 4.246668 ], [ -64.58223, 4.121668 ], [ -64.335556, 4.154165 ], [ -64.130005, 4.11278 ], [ -64.055557, 3.910833 ], [ -64.017792, 3.88611 ], [ -63.841118, 3.960279 ], [ -63.779449, 3.931112 ], [ -63.608337, 3.943613 ], [ -63.537224, 3.870558 ], [ -63.481949, 3.858057 ], [ -63.42334, 3.966112 ], [ -63.343056, 3.961111 ], [ -63.246391, 3.904165 ], [ -62.987228, 3.600836 ], [ -62.875, 3.560278 ], [ -62.775284, 3.606943 ], [ -62.732506, 3.681944 ], [ -62.781113, 3.902224 ], [ -62.745834, 4.032499 ], [ -62.555, 4.027224 ], [ -62.535561, 4.123888 ], [ -62.438339, 4.184168 ], [ -62.148895, 4.092779 ], [ -61.99556, 4.169722 ], [ -61.848892, 4.160555 ], [ -61.75695, 4.247225 ], [ -61.548889, 4.251669 ], [ -61.512222, 4.298056 ], [ -61.498611, 4.402502 ], [ -61.282227, 4.451113 ], [ -61.307228, 4.523058 ], [ -61.157784, 4.493334 ], [ -60.985001, 4.520555 ], [ -60.885002, 4.711668 ], [ -60.71167, 4.781111 ], [ -60.576118, 4.964445 ], [ -60.651672, 5.178057 ], [ -60.748894, 5.222502 ], [ -61.389725, 5.940001 ], [ -61.333839, 5.975565 ], [ -61.261116, 6.109446 ], [ -61.108063, 6.196665 ], [ -61.09639, 6.271669 ], [ -61.158058, 6.334444 ], [ -61.126671, 6.437502 ], [ -61.204727, 6.581388 ], [ -61.134026, 6.711042 ], [ -60.941116, 6.722502 ], [ -60.892227, 6.763056 ], [ -60.905838, 6.812502 ], [ -60.713058, 6.758055 ], [ -60.637222, 6.83639 ], [ -60.537781, 6.858057 ], [ -60.40834, 6.9475 ], [ -60.368057, 6.930277 ], [ -60.279167, 7.120832 ], [ -60.367226, 7.179998 ], [ -60.456116, 7.195833 ], [ -60.535561, 7.123888 ], [ -60.6175, 7.194445 ], [ -60.634445, 7.258055 ], [ -60.591949, 7.339167 ], [ -60.645561, 7.436666 ], [ -60.691116, 7.455832 ], [ -60.715279, 7.545832 ], [ -60.590279, 7.636946 ], [ -60.57917, 7.726667 ], [ -60.520004, 7.814722 ], [ -60.340279, 7.838335 ], [ -60.232224, 7.966665 ], [ -60.099724, 8.040834 ], [ -60.023338, 8.041388 ], [ -59.974724, 8.180834 ], [ -59.831947, 8.228888 ], [ -59.801392, 8.275 ], [ -60.25, 8.916666 ], [ -59.949999, 8.916666 ], [ -61.466665, 9.983335 ], [ -61.933332, 9.983335 ], [ -62.049999, 10.083334 ], [ -61.783333, 10.733335 ], [ -62.5, 11.000002 ], [ -65.0, 15.000002 ] ] ] } },
{ "type": "Feature", "properties": { "id": "00-00-f0-a4", "volumeName": "FIR MALE", "icaoID": "VRMF" }, "geometry": { "type": "Polygon", "coordinates": [ [ [ 74.000002, 7.500002 ], [ 70.000002, 7.500002 ], [ 70.000002, 3.083334 ], [ 68.000002, 0.0 ], [ 68.000002, -6.0 ], [ 75.000002, -6.0 ], [ 78.000002, -2.0 ], [ 78.000001, 6.000002 ], [ 74.000002, 6.000002 ], [ 74.000002, 7.500002 ] ] ] } },
{ "type": "Feature", "properties": { "id": "00-00-f0-a5", "volumeName": "FIR MALTA", "icaoID": "LMMM" }, "geometry": { "type": "Polygon", "coordinates": [ [ [ 23.583334, 34.333334 ], [ 19.000002, 36.500002 ], [ 11.5, 36.5 ], [ 11.500002, 34.333334 ], [ 23.583334, 34.333334 ] ] ] } },
{ "type": "Feature", "properties": { "id": "00-00-f0-a6", "volumeName": "FIR MANILA", "icaoID": "RPHI" }, "geometry": { "type": "Polygon", "coordinates": [ [ [ 130.000002, 7.000002 ], [ 130.000002, 21.000002 ], [ 117.500002, 21.000002 ], [ 114.000002, 16.666666 ], [ 114.000002, 10.500002 ], [ 116.500002, 8.416666 ], [ 117.500002, 7.500002 ], [ 120.000002, 4.000002 ], [ 132.533333, 4.0 ], [ 130.000002, 7.000002 ] ] ] } },
{ "type": "Feature", "properties": { "id": "00-00-f0-a7", "volumeName": "FIR MARSEILLE", "icaoID": "LFMM" }, "geometry": { "type": "Polygon", "coordinates": [ [ [ 6.117224, 46.260553 ], [ 6.106112, 46.297495 ], [ 6.158609, 46.369997 ], [ 6.071112, 46.426386 ], [ 6.11278, 46.504999 ], [ 3.266668, 46.500002 ], [ 2.916666, 46.333334 ], [ 3.002408, 45.723814 ], [ 3.04111, 44.624722 ], [ 2.705115, 43.697845 ], [ 2.706944, 43.2125 ], [ 2.566668, 43.250002 ], [ 2.266668, 43.000002 ], [ 2.733335, 42.591111 ], [ 2.699446, 42.40555 ], [ 2.950003, 42.480555 ], [ 3.045279, 42.474718 ], [ 3.092222, 42.429995 ], [ 3.177656, 42.436808 ], [ 4.666666, 42.000002 ], [ 4.669626, 39.000002 ], [ 8.0, 39.0 ], [ 8.000002, 41.000002 ], [ 8.333334, 41.333334 ], [ 9.750002, 41.333334 ], [ 9.75, 43.166667 ], [ 7.531935, 43.782045 ], [ 7.493334, 43.877779 ], [ 7.704168, 44.072222 ], [ 7.658335, 44.137217 ], [ 7.672777, 44.182779 ], [ 7.353334, 44.131105 ], [ 7.154722, 44.221384 ], [ 6.990557, 44.252222 ], [ 6.876944, 44.376665 ], [ 6.887224, 44.426386 ], [ 6.934999, 44.443056 ], [ 6.852777, 44.540834 ], [ 6.932779, 44.591661 ], [ 6.980276, 44.691668 ], [ 7.072222, 44.691668 ], [ 7.00889, 44.805277 ], [ 7.031668, 44.831385 ], [ 6.746946, 44.919443 ], [ 6.744722, 45.023333 ], [ 6.661669, 45.039995 ], [ 6.619761, 45.11014 ], [ 6.760836, 45.168329 ], [ 6.879168, 45.140276 ], [ 6.958334, 45.213053 ], [ 7.076391, 45.222223 ], [ 7.127779, 45.257776 ], [ 7.111113, 45.335276 ], [ 7.181391, 45.411661 ], [ 6.999445, 45.518328 ], [ 6.969446, 45.596941 ], [ 6.98889, 45.643053 ], [ 6.809725, 45.727777 ], [ 6.808889, 45.831385 ], [ 6.980833, 45.872217 ], [ 7.039167, 45.932222 ], [ 6.929167, 46.065279 ], [ 6.866667, 46.053606 ], [ 6.884447, 46.126108 ], [ 6.783892, 46.14805 ], [ 6.796946, 46.221666 ], [ 6.844446, 46.271387 ], [ 6.766668, 46.355829 ], [ 6.808332, 46.418612 ], [ 6.633612, 46.464167 ], [ 6.311113, 46.401384 ], [ 6.225557, 46.322496 ], [ 6.303057, 46.245829 ], [ 6.152224, 46.153612 ], [ 5.968378, 46.139742 ], [ 6.004694, 46.17415 ], [ 5.968054, 46.212496 ], [ 6.117224, 46.260553 ] ] ] } },
{ "type": "Feature", "properties": { "id": "00-00-f0-a8", "volumeName": "FIR MAURITIUS", "icaoID": "FIMM" }, "geometry": { "type": "Polygon", "coordinates": [ [ [ 75.000002, -45.0 ], [ 75.000002, -6.0 ], [ 60.000002, -6.0 ], [ 60.000002, -10.0 ], [ 55.500002, -10.0 ], [ 55.500002, -19.0 ], [ 57.000002, -22.333332 ], [ 57.000002, -45.0 ], [ 75.000002, -45.0 ] ] ] } },
{ "type": "Feature", "properties": { "id": "00-00-f0-a9", "volumeName": "FIR MAZATLAN OCEANIC", "icaoID": "MMFO" }, "geometry": { "type": "Polygon", "coordinates": [ [ [ -104.5, 10.000002 ], [ -100.0, 11.500002 ], [ -105.0, 15.000002 ], [ -108.498611, 19.039167 ], [ -110.645987, 21.425508 ], [ -112.80052, 23.700492 ], [ -117.49, 27.925 ], [ -120.0, 30.000002 ], [ -120.0, 5.000002 ], [ -104.5, 10.000002 ] ] ] } },
{ "type": "Feature", "properties": { "id": "00-00-f0-aa", "volumeName": "FIR MELBOURNE", "icaoID": "YMMM" }, "geometry": { "type": "Polygon", "coordinates": [ [ [ 105.083505, -10.781516 ], [ 99.1858, -6.903946 ], [ 92.000002, -2.0 ], [ 78.000002, -2.0 ], [ 75.000002, -6.0 ], [ 75.0, -90.0 ], [ 163.000002, -89.9 ], [ 163.000002, -45.0 ], [ 150.000002, -45.0 ], [ 150.000002, -44.566666 ], [ 150.666666, -43.85 ], [ 151.000002, -43.0 ], [ 150.316668, -38.183332 ], [ 150.750002, -36.949726 ], [ 151.040171, -36.926596 ], [ 151.600603, -36.773226 ], [ 152.105639, -36.485918 ], [ 152.523851, -36.08255 ], [ 152.692007, -35.844946 ], [ 152.933252, -35.316603 ], [ 151.826048, -34.471634 ], [ 152.031194, -34.195197 ], [ 152.06725, -34.034714 ], [ 152.063586, -33.775564 ], [ 151.974687, -33.590044 ], [ 151.725659, -33.336884 ], [ 151.30751, -33.203862 ], [ 151.028777, -33.204689 ], [ 150.683796, -33.320238 ], [ 150.530417, -33.426902 ], [ 148.833334, -32.1 ], [ 146.533335, -29.0 ], [ 143.500002, -29.0 ], [ 138.383333, -26.233332 ], [ 136.633333, -22.299999 ], [ 136.15, -21.466665 ], [ 131.84, -21.2025 ], [ 128.466665, -23.216665 ], [ 126.058889, -23.396944 ], [ 124.551111, -21.521944 ], [ 121.672778, -20.055 ], [ 120.25, -19.0 ], [ 115.142222, -14.136944 ], [ 114.500002, -12.0 ], [ 107.000002, -12.0 ], [ 105.083505, -10.781516 ] ] ] } },
{ "type": "Feature", "properties": { "id": "00-00-f0-ac", "volumeName": "FIR MEMPHIS", "icaoID": "KZME" }, "geometry": { "type": "Polygon", "coordinates": [ [ [ -87.549999, 34.016667 ], [ -87.25, 34.1 ], [ -86.713333, 34.1 ], [ -86.175, 34.3875 ], [ -86.075, 34.636111 ], [ -85.930556, 34.811111 ], [ -85.483333, 34.85 ], [ -85.233333, 35.416667 ], [ -85.583332, 36.9 ], [ -86.15, 37.300001 ], [ -87.397221, 37.275 ], [ -88.316667, 37.725 ], [ -88.833332, 37.533335 ], [ -90.566666, 37.15 ], [ -93.25, 36.725 ], [ -94.683332, 36.433332 ], [ -95.4, 36.204168 ], [ -95.612499, 36.016668 ], [ -95.0, 35.654169 ], [ -95.0, 35.066668 ], [ -94.783333, 34.691668 ], [ -94.533333, 34.533335 ], [ -93.541666, 34.033335 ], [ -93.158333, 33.950003 ], [ -91.9, 33.004168 ], [ -91.688889, 32.283333 ], [ -91.308332, 31.9125 ], [ -90.345833, 31.65 ], [ -88.325, 31.516668 ], [ -88.347221, 32.330557 ], [ -87.85, 32.697222 ], [ -87.98611, 33.043057 ], [ -87.633333, 33.316667 ], [ -87.549999, 34.016667 ] ] ] } },
{ "type": "Feature", "properties": { "id": "00-00-f0-ad", "volumeName": "FIR MENDOZA", "icaoID": "SAMF" }, "geometry": { "type": "Polygon", "coordinates": [ [ [ -69.660843, -28.505836 ], [ -69.666397, -28.572781 ], [ -69.74501, -28.660557 ], [ -69.723068, -28.803337 ], [ -69.795288, -28.951115 ], [ -69.7939, -29.098614 ], [ -69.908066, -29.141392 ], [ -70.031403, -29.306393 ], [ -69.960556, -29.550282 ], [ -69.968338, -29.661114 ], [ -69.915009, -29.717781 ], [ -69.905563, -29.791115 ], [ -69.918808, -29.974064 ], [ -69.97084, -30.084446 ], [ -69.858612, -30.106945 ], [ -69.83168, -30.190556 ], [ -69.87001, -30.210835 ], [ -69.897507, -30.322502 ], [ -69.944168, -30.376392 ], [ -70.029724, -30.397781 ], [ -70.163345, -30.364723 ], [ -70.133896, -30.439724 ], [ -70.206955, -30.505001 ], [ -70.326675, -30.888058 ], [ -70.327789, -30.958336 ], [ -70.255005, -31.034168 ], [ -70.327789, -31.039722 ], [ -70.413345, -31.153893 ], [ -70.445557, -31.093056 ], [ -70.47139, -31.098057 ], [ -70.529449, -31.174446 ], [ -70.561111, -31.314167 ], [ -70.542236, -31.373337 ], [ -70.586945, -31.566669 ], [ -70.476669, -31.726391 ], [ -70.430283, -31.868614 ], [ -70.296677, -31.884167 ], [ -70.234451, -31.942501 ], [ -70.262512, -32.043617 ], [ -70.363892, -32.029167 ], [ -70.380005, -32.051674 ], [ -70.325287, -32.137505 ], [ -70.316681, -32.28334 ], [ -70.244324, -32.309837 ], [ -70.238892, -32.417503 ], [ -70.154175, -32.475838 ], [ -70.128891, -32.569725 ], [ -70.171112, -32.60778 ], [ -70.148621, -32.752502 ], [ -69.987503, -32.878891 ], [ -70.035278, -32.998337 ], [ -70.101395, -33.030006 ], [ -70.098892, -33.172501 ], [ -69.995834, -33.301949 ], [ -69.919174, -33.23806 ], [ -69.807785, -33.273895 ], [ -69.77417, -33.386673 ], [ -69.829178, -33.53167 ], [ -69.868896, -33.551949 ], [ -69.885284, -33.662781 ], [ -69.84668, -33.717506 ], [ -69.906113, -33.787781 ], [ -69.883057, -33.879723 ], [ -69.904449, -33.951668 ], [ -69.848892, -33.971947 ], [ -69.868896, -34.133614 ], [ -69.814728, -34.241394 ], [ -69.889175, -34.259445 ], [ -69.893341, -34.286118 ], [ -70.049454, -34.287506 ], [ -70.047501, -34.409172 ], [ -70.22139, -34.590004 ], [ -70.253067, -34.718056 ], [ -70.313614, -34.748894 ], [ -70.263626, -34.797783 ], [ -70.361954, -35.004448 ], [ -70.368057, -35.15889 ], [ -70.536392, -35.20639 ], [ -70.569168, -35.254448 ], [ -70.535568, -35.306396 ], [ -70.418625, -35.352226 ], [ -70.462234, -35.383057 ], [ -70.396667, -35.503616 ], [ -70.420288, -35.643616 ], [ -70.337784, -35.808334 ], [ -70.412231, -35.89917 ], [ -70.373611, -35.913895 ], [ -70.409454, -35.963615 ], [ -70.370834, -36.053337 ], [ -70.439728, -36.154449 ], [ -70.564178, -36.14167 ], [ -70.704727, -36.270561 ], [ -70.708069, -36.417778 ], [ -70.801682, -36.434723 ], [ -70.887512, -36.400558 ], [ -70.936111, -36.481949 ], [ -71.037781, -36.486115 ], [ -71.045837, -36.685837 ], [ -71.134735, -36.686668 ], [ -71.186951, -36.848892 ], [ -71.140289, -36.882507 ], [ -71.15834, -36.925003 ], [ -71.122223, -36.946945 ], [ -71.200012, -36.975838 ], [ -71.146118, -36.996674 ], [ -71.125, -37.075562 ], [ -71.079178, -37.104172 ], [ -71.135284, -37.144173 ], [ -71.139175, -37.224167 ], [ -71.196671, -37.296669 ], [ -71.108063, -37.458618 ], [ -71.11557, -37.579445 ], [ -71.171677, -37.618057 ], [ -71.180283, -37.698059 ], [ -70.997513, -38.071114 ], [ -71.013062, -38.23056 ], [ -70.97084, -38.41806 ], [ -70.880844, -38.498894 ], [ -64.833332, -35.9 ], [ -64.481073, -33.818706 ], [ -64.522958, -33.507014 ], [ -64.597272, -33.362817 ], [ -64.705414, -33.234642 ], [ -64.924711, -33.086747 ], [ -65.181547, -32.996302 ], [ -65.366557, -32.977497 ], [ -65.641425, -33.013904 ], [ -65.895995, -33.113634 ], [ -67.25, -30.883333 ], [ -69.660843, -28.505836 ] ] ] } },
{ "type": "Feature", "properties": { "id": "00-00-f0-ae", "volumeName": "FIR MEXICO", "icaoID": "MMFR" }, "geometry": { "type": "Polygon", "coordinates": [ [ [ -113.506322, 32.09225 ], [ -114.81425, 32.496352 ], [ -114.719093, 32.718458 ], [ -117.122686, 32.535184 ], [ -120.833332, 30.750002 ], [ -120.0, 30.000002 ], [ -117.49, 27.925 ], [ -112.80052, 23.700492 ], [ -110.645987, 21.425508 ], [ -108.498611, 19.039167 ], [ -105.0, 15.000002 ], [ -100.0, 11.500002 ], [ -95.0, 13.000002 ], [ -92.218613, 14.547224 ], [ -92.154449, 14.675833 ], [ -92.185837, 14.843611 ], [ -92.141678, 14.897501 ], [ -92.149734, 14.994444 ], [ -92.065842, 15.077776 ], [ -92.211395, 15.26222 ], [ -91.729172, 16.074999 ], [ -90.458069, 16.07472 ], [ -90.431671, 16.102221 ], [ -90.460846, 16.10639 ], [ -90.427505, 16.167501 ], [ -90.459732, 16.190832 ], [ -90.436401, 16.237223 ], [ -90.459457, 16.252779 ], [ -90.391113, 16.340834 ], [ -90.420288, 16.359724 ], [ -90.378891, 16.365278 ], [ -90.395844, 16.415556 ], [ -90.480835, 16.426111 ], [ -90.481674, 16.458334 ], [ -90.546402, 16.484999 ], [ -90.634171, 16.483889 ], [ -90.611115, 16.510557 ], [ -90.645004, 16.519167 ], [ -90.631668, 16.581388 ], [ -90.665283, 16.583055 ], [ -90.658066, 16.644167 ], [ -90.714279, 16.726461 ], [ -90.803345, 16.804998 ], [ -90.921112, 16.829721 ], [ -90.966125, 16.871946 ], [ -90.955292, 16.899168 ], [ -90.983337, 16.903055 ], [ -90.98584, 16.868055 ], [ -91.06279, 16.902777 ], [ -91.118347, 17.010279 ], [ -91.184448, 17.035555 ], [ -91.277237, 17.178335 ], [ -91.352783, 17.17639 ], [ -91.4375, 17.24111 ], [ -90.983902, 17.256109 ], [ -90.982422, 17.820654 ], [ -89.141953, 17.818888 ], [ -89.143051, 17.956068 ], [ -89.025284, 18.006388 ], [ -88.843369, 17.876196 ], [ -88.83757, 17.936953 ], [ -88.710587, 18.061197 ], [ -88.681122, 18.185556 ], [ -88.600021, 18.235834 ], [ -88.466202, 18.488539 ], [ -88.297501, 18.484724 ], [ -88.038794, 18.420168 ], [ -88.038183, 18.169474 ], [ -87.75, 18.15 ], [ -86.0, 20.000002 ], [ -85.283333, 20.183332 ], [ -85.35, 20.733335 ], [ -86.0, 22.000002 ], [ -86.0, 24.000002 ], [ -88.0, 24.500002 ], [ -93.0, 24.5 ], [ -95.916667, 26.0 ], [ -97.00883, 26.000126 ], [ -97.158711, 25.948922 ], [ -97.284624, 25.959275 ], [ -97.276932, 25.935263 ], [ -97.368713, 25.915408 ], [ -97.356639, 25.867599 ], [ -97.393852, 25.837155 ], [ -97.409057, 25.862266 ], [ -97.412609, 25.841037 ], [ -97.45391, 25.853951 ], [ -97.455497, 25.884076 ], [ -97.521158, 25.886153 ], [ -97.662673, 26.038126 ], [ -97.761402, 26.025686 ], [ -97.861852, 26.070143 ], [ -98.027778, 26.066967 ], [ -98.076531, 26.036339 ], [ -98.081621, 26.071252 ], [ -98.146551, 26.049046 ], [ -98.24962, 26.072305 ], [ -98.288156, 26.104432 ], [ -98.265899, 26.120716 ], [ -98.305706, 26.103095 ], [ -98.335618, 26.165921 ], [ -98.386925, 26.157957 ], [ -98.444212, 26.224315 ], [ -98.481783, 26.200876 ], [ -98.585669, 26.257665 ], [ -98.671246, 26.237284 ], [ -98.805489, 26.368057 ], [ -98.896124, 26.35317 ], [ -98.926408, 26.394482 ], [ -98.943445, 26.369406 ], [ -98.962557, 26.398554 ], [ -99.081309, 26.396518 ], [ -99.110592, 26.425845 ], [ -99.091646, 26.475664 ], [ -99.170945, 26.541539 ], [ -99.269122, 26.842213 ], [ -99.445513, 27.020599 ], [ -99.441731, 27.250411 ], [ -99.536313, 27.311959 ], [ -99.504334, 27.339031 ], [ -99.478802, 27.479259 ], [ -99.528062, 27.498077 ], [ -99.515628, 27.57168 ], [ -99.599373, 27.641218 ], [ -99.638951, 27.626655 ], [ -99.710262, 27.657541 ], [ -99.813478, 27.774502 ], [ -99.876729, 27.797852 ], [ -99.93146, 27.980734 ], [ -99.990177, 27.993337 ], [ -100.086021, 28.146096 ], [ -100.208227, 28.19088 ], [ -100.22059, 28.232573 ], [ -100.288851, 28.27248 ], [ -100.368188, 28.475749 ], [ -100.334119, 28.499805 ], [ -100.388198, 28.514947 ], [ -100.398584, 28.585293 ], [ -100.500519, 28.662068 ], [ -100.535225, 28.805171 ], [ -100.640666, 28.914692 ], [ -100.675309, 29.10144 ], [ -100.772759, 29.168508 ], [ -100.81418, 29.263952 ], [ -101.009946, 29.368293 ], [ -101.060366, 29.458482 ], [ -101.255012, 29.520138 ], [ -101.25147, 29.625175 ], [ -101.302056, 29.575384 ], [ -101.302635, 29.650423 ], [ -101.362363, 29.651396 ], [ -101.416198, 29.746421 ], [ -101.401949, 29.771602 ], [ -101.447242, 29.750255 ], [ -101.461285, 29.790028 ], [ -101.535998, 29.758026 ], [ -101.54478, 29.812055 ], [ -101.57459, 29.769732 ], [ -101.644549, 29.754225 ], [ -101.804807, 29.780215 ], [ -101.81768, 29.811702 ], [ -101.823478, 29.787421 ], [ -101.852525, 29.807867 ], [ -101.92891, 29.782583 ], [ -101.976281, 29.815983 ], [ -102.072803, 29.786472 ], [ -102.315776, 29.880024 ], [ -102.364587, 29.845385 ], [ -102.387477, 29.761279 ], [ -102.486895, 29.786633 ], [ -102.548231, 29.744606 ], [ -102.56884, 29.771472 ], [ -102.63048, 29.734113 ], [ -102.67388, 29.744675 ], [ -102.808537, 29.522921 ], [ -102.833432, 29.410545 ], [ -102.812341, 29.400456 ], [ -102.884139, 29.34787 ], [ -102.906219, 29.259024 ], [ -102.867376, 29.22383 ], [ -102.950665, 29.17362 ], [ -102.995628, 29.179171 ], [ -103.033604, 29.101335 ], [ -103.100522, 29.06067 ], [ -103.116453, 28.984442 ], [ -103.286023, 28.976773 ], [ -103.330449, 29.043132 ], [ -103.360521, 29.018524 ], [ -103.432872, 29.043595 ], [ -103.553682, 29.158029 ], [ -103.718642, 29.180901 ], [ -103.758541, 29.233022 ], [ -103.777073, 29.220294 ], [ -103.783869, 29.265419 ], [ -104.038248, 29.320125 ], [ -104.167212, 29.394645 ], [ -104.213711, 29.484718 ], [ -104.337674, 29.519824 ], [ -104.508882, 29.633036 ], [ -104.56589, 29.771355 ], [ -104.679946, 29.920799 ], [ -104.706221, 30.234795 ], [ -104.859055, 30.390543 ], [ -104.866608, 30.494458 ], [ -104.922554, 30.603567 ], [ -104.971443, 30.609951 ], [ -105.006519, 30.686089 ], [ -105.061777, 30.685879 ], [ -105.215066, 30.805932 ], [ -105.257154, 30.794274 ], [ -105.395569, 30.849392 ], [ -105.400013, 30.889273 ], [ -105.557282, 30.989776 ], [ -105.604775, 31.084028 ], [ -105.772943, 31.166723 ], [ -105.953935, 31.364871 ], [ -106.206625, 31.466212 ], [ -106.349571, 31.696721 ], [ -106.452984, 31.764583 ], [ -108.203479, 31.78335 ], [ -108.204999, 31.331375 ], [ -111.06532, 31.328993 ], [ -113.506322, 32.09225 ] ] ] } },
{ "type": "Feature", "properties": { "id": "00-00-f0-af", "volumeName": "FIR MIAMI", "icaoID": "KZMA" }, "geometry": { "type": "Polygon", "coordinates": [ [ [ -77.0, 30.000002 ], [ -79.184721, 30.20278 ], [ -79.311111, 30.137503 ], [ -79.616667, 29.208334 ], [ -80.183332, 29.000002 ], [ -80.733332, 28.9 ], [ -80.986111, 28.727777 ], [ -81.0, 28.566668 ], [ -82.383333, 27.950003 ], [ -82.941666, 27.950003 ], [ -83.519796, 28.411215 ], [ -84.019796, 28.561215 ], [ -84.618963, 28.073993 ], [ -84.95313, 28.044548 ], [ -85.25, 27.5 ], [ -84.5, 27.5 ], [ -83.284737, 24.748641 ], [ -83.166666, 24.000002 ], [ -78.000003, 24.000002 ], [ -79.0, 24.666667 ], [ -79.0, 26.416666 ], [ -79.089725, 26.433009 ], [ -79.207008, 26.520222 ], [ -79.262845, 26.631777 ], [ -79.260784, 26.705211 ], [ -79.175216, 26.849781 ], [ -79.060443, 26.911908 ], [ -78.9028, 26.908228 ], [ -78.883333, 27.000002 ], [ -77.0, 27.000002 ], [ -77.0, 27.550001 ], [ -76.264444, 27.833333 ], [ -77.0, 30.000002 ] ] ] } },
{ "type": "Feature", "properties": { "id": "00-00-f0-b0", "volumeName": "FIR MIAMI OCEANIC", "icaoID": "KZMA" }, "geometry": { "type": "Polygon", "coordinates": [ [ [ -74.833333, 27.833333 ], [ -76.264444, 27.833333 ], [ -77.0, 27.550001 ], [ -77.0, 27.0 ], [ -78.883333, 27.0 ], [ -79.0, 26.420833 ], [ -79.0, 24.666667 ], [ -78.0, 24.0 ], [ -75.166666, 22.000002 ], [ -73.333332, 20.000002 ], [ -73.0, 20.416666 ], [ -70.483332, 20.416666 ], [ -69.15, 19.65 ], [ -67.650505, 21.239017 ], [ -68.492417, 25.0 ], [ -73.2, 25.0 ], [ -74.833333, 27.833333 ] ] ] } },
{ "type": "Feature", "properties": { "id": "00-00-f0-b1", "volumeName": "FIR MIAMI OCEANIC GULF", "icaoID": "KZMA" }, "geometry": { "type": "Polygon", "coordinates": [ [ [ -83.166666, 24.000002 ], [ -83.284737, 24.748641 ], [ -84.5, 27.5 ], [ -85.25, 27.5 ], [ -85.999999, 27.000001 ], [ -85.413889, 26.602778 ], [ -85.091667, 26.2 ], [ -85.001273, 25.053279 ], [ -84.999722, 24.0 ], [ -83.166666, 24.000002 ] ] ] } },
{ "type": "Feature", "properties": { "id": "00-00-f0-b2", "volumeName": "FIR MILANO", "icaoID": "LIMM" }, "geometry": { "type": "Polygon", "coordinates": [ [ [ 12.231112, 47.080828 ], [ 12.103334, 47.081667 ], [ 11.755835, 46.977495 ], [ 11.483889, 47.014162 ], [ 11.411665, 46.972498 ], [ 11.35111, 46.996111 ], [ 11.171389, 46.966661 ], [ 11.096666, 46.9125 ], [ 11.0725, 46.824999 ], [ 11.014723, 46.772501 ], [ 10.741945, 46.793886 ], [ 10.764444, 46.834162 ], [ 10.679445, 46.87472 ], [ 10.560835, 46.848612 ], [ 10.471235, 46.871355 ], [ 10.430555, 46.799723 ], [ 10.4475, 46.763056 ], [ 10.385, 46.684717 ], [ 10.405279, 46.644442 ], [ 10.486387, 46.61944 ], [ 10.465277, 46.546389 ], [ 10.305555, 46.553888 ], [ 10.247499, 46.583887 ], [ 10.233332, 46.640001 ], [ 10.108889, 46.613611 ], [ 10.05028, 46.539995 ], [ 10.046667, 46.445833 ], [ 10.1625, 46.414995 ], [ 10.10639, 46.346109 ], [ 10.177221, 46.272501 ], [ 10.129999, 46.227221 ], [ 10.063055, 46.222773 ], [ 10.056944, 46.260553 ], [ 9.995001, 46.291666 ], [ 9.991945, 46.357775 ], [ 9.943888, 46.379999 ], [ 9.737597, 46.357828 ], [ 9.708334, 46.298334 ], [ 9.542501, 46.30694 ], [ 9.456667, 46.387774 ], [ 9.459166, 46.508051 ], [ 9.407778, 46.472773 ], [ 9.372778, 46.507502 ], [ 9.296946, 46.503885 ], [ 9.249723, 46.448053 ], [ 9.297499, 46.348886 ], [ 9.24341, 46.236712 ], [ 9.083334, 46.121111 ], [ 9.074999, 46.066385 ], [ 9.009443, 46.039164 ], [ 9.033506, 46.001505 ], [ 8.996668, 45.97333 ], [ 9.085554, 45.901941 ], [ 9.031668, 45.823885 ], [ 8.917223, 45.83333 ], [ 8.936388, 45.87694 ], [ 8.895555, 45.955828 ], [ 8.785276, 45.99 ], [ 8.852499, 46.05694 ], [ 8.826113, 46.096666 ], [ 8.617777, 46.120279 ], [ 8.530001, 46.216944 ], [ 8.445555, 46.245829 ], [ 8.466665, 46.396387 ], [ 8.436388, 46.463335 ], [ 8.306112, 46.424723 ], [ 8.295832, 46.375277 ], [ 8.105276, 46.278055 ], [ 8.090834, 46.256388 ], [ 8.158335, 46.18889 ], [ 8.14889, 46.149439 ], [ 8.042501, 46.098055 ], [ 8.008612, 46.008333 ], [ 7.881945, 45.977777 ], [ 7.863333, 45.920832 ], [ 7.724722, 45.926943 ], [ 7.653055, 45.979998 ], [ 7.55028, 45.990831 ], [ 7.393332, 45.916109 ], [ 7.295557, 45.923052 ], [ 7.188612, 45.879168 ], [ 7.099447, 45.883608 ], [ 7.038057, 45.93194 ], [ 6.973055, 45.868891 ], [ 6.818609, 45.839167 ], [ 6.814169, 45.721941 ], [ 6.98889, 45.643053 ], [ 6.969446, 45.596941 ], [ 6.999445, 45.518328 ], [ 7.181944, 45.415834 ], [ 7.111113, 45.335276 ], [ 7.127779, 45.257776 ], [ 7.076391, 45.222223 ], [ 6.958334, 45.213053 ], [ 6.879168, 45.140276 ], [ 6.760836, 45.168329 ], [ 6.619761, 45.11014 ], [ 6.661669, 45.039995 ], [ 6.744722, 45.023333 ], [ 6.746946, 44.919443 ], [ 7.031668, 44.831385 ], [ 7.00889, 44.805277 ], [ 7.072222, 44.691668 ], [ 6.980276, 44.691668 ], [ 6.932779, 44.591661 ], [ 6.852777, 44.540834 ], [ 6.934999, 44.443056 ], [ 6.887224, 44.426386 ], [ 6.876944, 44.376665 ], [ 6.990557, 44.252222 ], [ 7.154722, 44.221384 ], [ 7.348333, 44.131945 ], [ 7.672777, 44.182779 ], [ 7.658335, 44.137217 ], [ 7.704168, 44.072222 ], [ 7.493334, 43.877779 ], [ 7.531935, 43.782045 ], [ 9.75, 43.166667 ], [ 10.3, 43.583333 ], [ 11.16667, 43.713335 ], [ 13.333334, 43.512175 ], [ 14.500002, 43.496668 ], [ 13.333334, 44.530001 ], [ 13.000002, 45.163336 ], [ 13.000002, 45.296667 ], [ 13.500002, 45.630003 ], [ 13.827776, 45.584444 ], [ 13.918612, 45.63389 ], [ 13.788889, 45.754442 ], [ 13.598055, 45.810831 ], [ 13.577776, 45.854166 ], [ 13.632223, 45.991106 ], [ 13.542501, 45.967501 ], [ 13.480001, 46.01111 ], [ 13.509443, 46.033884 ], [ 13.496389, 46.059168 ], [ 13.669168, 46.1775 ], [ 13.485834, 46.2325 ], [ 13.416113, 46.213335 ], [ 13.38389, 46.293055 ], [ 13.438334, 46.359163 ], [ 13.570002, 46.402224 ], [ 13.595556, 46.441111 ], [ 13.689444, 46.447496 ], [ 13.718657, 46.526613 ], [ 13.498335, 46.570833 ], [ 13.243891, 46.558054 ], [ 13.147779, 46.594995 ], [ 12.841112, 46.612497 ], [ 12.768888, 46.650835 ], [ 12.440554, 46.690828 ], [ 12.355833, 46.777498 ], [ 12.285276, 46.788332 ], [ 12.281111, 46.879442 ], [ 12.146112, 46.9125 ], [ 12.161943, 46.93944 ], [ 12.128889, 47.01333 ], [ 12.19861, 47.033884 ], [ 12.231112, 47.080828 ] ] ] } },
{ "type": "Feature", "properties": { "id": "00-00-f0-b3", "volumeName": "FIR MINNEAPOLIS", "icaoID": "KZMP" }, "geometry": { "type": "Polygon", "coordinates": [ [ [ -95.146721, 49.380138 ], [ -95.154175, 48.999437 ], [ -103.168327, 48.999437 ], [ -103.166666, 44.958334 ], [ -101.483333, 44.7 ], [ -101.408333, 43.708334 ], [ -100.1, 43.288889 ], [ -99.016666, 42.000002 ], [ -99.058332, 39.983335 ], [ -98.799999, 39.466669 ], [ -93.491667, 40.525 ], [ -93.6, 41.16667 ], [ -93.466667, 41.66667 ], [ -93.0, 42.783335 ], [ -91.725, 42.725 ], [ -90.291666, 44.154169 ], [ -89.5875, 44.154169 ], [ -89.076111, 44.225 ], [ -87.541667, 43.966667 ], [ -87.169444, 43.691667 ], [ -85.963611, 43.586667 ], [ -85.741667, 43.450003 ], [ -85.0, 43.500002 ], [ -83.666667, 43.916667 ], [ -82.196524, 43.916667 ], [ -82.518608, 45.338638 ], [ -83.597168, 45.821278 ], [ -83.433777, 45.998165 ], [ -83.571945, 46.105778 ], [ -83.826332, 46.118862 ], [ -83.955475, 46.056751 ], [ -84.005974, 46.149445 ], [ -84.108253, 46.241444 ], [ -84.146057, 46.418777 ], [ -84.111137, 46.504223 ], [ -84.128998, 46.530499 ], [ -84.225891, 46.534054 ], [ -84.276253, 46.492943 ], [ -84.421254, 46.50053 ], [ -84.475629, 46.452874 ], [ -84.556973, 46.460923 ], [ -84.762436, 46.63397 ], [ -84.860138, 46.888916 ], [ -86.999468, 47.774591 ], [ -88.369304, 48.305474 ], [ -88.684804, 48.241657 ], [ -89.337418, 47.974083 ], [ -89.48895, 48.014447 ], [ -89.580971, 47.996029 ], [ -89.748917, 48.023613 ], [ -89.897194, 47.987667 ], [ -89.993835, 48.028168 ], [ -90.023331, 48.084835 ], [ -90.13578, 48.112278 ], [ -90.374275, 48.090916 ], [ -90.556694, 48.095917 ], [ -90.579666, 48.123806 ], [ -90.747769, 48.092322 ], [ -90.798225, 48.13689 ], [ -90.777946, 48.163834 ], [ -90.836388, 48.177029 ], [ -90.839302, 48.239555 ], [ -90.88575, 48.245945 ], [ -91.266777, 48.078835 ], [ -91.567497, 48.043777 ], [ -91.559113, 48.108582 ], [ -91.711746, 48.114639 ], [ -91.715363, 48.199501 ], [ -91.958359, 48.233139 ], [ -92.006531, 48.265415 ], [ -92.000114, 48.321083 ], [ -92.055222, 48.35936 ], [ -92.262558, 48.354916 ], [ -92.306168, 48.31625 ], [ -92.269585, 48.248196 ], [ -92.369919, 48.220276 ], [ -92.46978, 48.352085 ], [ -92.456444, 48.414082 ], [ -92.507469, 48.447971 ], [ -92.656219, 48.436474 ], [ -92.712692, 48.462971 ], [ -92.698692, 48.494835 ], [ -92.627029, 48.503277 ], [ -92.634888, 48.542557 ], [ -92.728416, 48.539391 ], [ -92.954781, 48.631554 ], [ -93.254669, 48.642807 ], [ -93.465469, 48.59164 ], [ -93.467392, 48.546444 ], [ -93.788002, 48.515862 ], [ -93.818497, 48.531418 ], [ -93.806358, 48.579498 ], [ -93.84436, 48.630222 ], [ -94.224197, 48.649445 ], [ -94.308807, 48.710278 ], [ -94.452393, 48.69239 ], [ -94.587639, 48.717583 ], [ -94.690887, 48.778 ], [ -94.683441, 48.884109 ], [ -94.816277, 49.321388 ], [ -94.95739, 49.370193 ], [ -95.058304, 49.353249 ], [ -95.146721, 49.380138 ] ] ] } },
{ "type": "Feature", "properties": { "id": "00-00-f0-b4", "volumeName": "FIR MINSK", "icaoID": "UMMV" }, "geometry": { "type": "Polygon", "coordinates": [ [ [ 28.222773, 56.114717 ], [ 28.124998, 56.167772 ], [ 27.929441, 56.113329 ], [ 27.893332, 56.065546 ], [ 27.795553, 56.02527 ], [ 27.791109, 55.988886 ], [ 27.647219, 55.924166 ], [ 27.598825, 55.791719 ], [ 27.350874, 55.826494 ], [ 27.282221, 55.787218 ], [ 27.156107, 55.846384 ], [ 26.989996, 55.834719 ], [ 26.85, 55.710825 ], [ 26.629721, 55.692217 ], [ 26.626665, 55.59305 ], [ 26.54722, 55.519716 ], [ 26.569445, 55.468325 ], [ 26.455832, 55.341379 ], [ 26.766943, 55.313608 ], [ 26.819719, 55.281107 ], [ 26.668608, 55.21805 ], [ 26.615831, 55.124712 ], [ 26.481665, 55.154993 ], [ 26.450274, 55.132769 ], [ 26.284166, 55.14805 ], [ 26.16083, 54.977213 ], [ 25.911943, 54.953608 ], [ 25.788889, 54.870272 ], [ 25.80361, 54.813883 ], [ 25.736662, 54.789438 ], [ 25.726942, 54.683054 ], [ 25.764166, 54.579165 ], [ 25.648886, 54.517496 ], [ 25.636385, 54.427217 ], [ 25.547499, 54.332773 ], [ 25.581942, 54.311663 ], [ 25.717497, 54.328608 ], [ 25.727221, 54.290552 ], [ 25.807775, 54.248049 ], [ 25.785276, 54.160547 ], [ 25.534445, 54.146944 ], [ 25.504721, 54.183054 ], [ 25.547777, 54.203325 ], [ 25.518332, 54.225824 ], [ 25.577223, 54.240274 ], [ 25.471663, 54.306101 ], [ 25.391665, 54.255831 ], [ 25.212774, 54.262774 ], [ 25.178885, 54.186106 ], [ 25.071943, 54.134722 ], [ 24.968885, 54.158602 ], [ 24.840277, 54.142221 ], [ 24.795553, 54.101389 ], [ 24.840555, 54.034441 ], [ 24.820833, 53.977213 ], [ 24.612219, 53.99222 ], [ 24.386942, 53.888605 ], [ 24.277777, 53.899721 ], [ 24.175554, 53.967493 ], [ 23.663885, 53.905268 ], [ 23.504042, 53.947046 ], [ 23.674719, 53.491106 ], [ 23.814722, 53.254442 ], [ 23.910555, 53.167215 ], [ 23.878054, 53.075556 ], [ 23.938608, 52.961939 ], [ 23.915274, 52.918886 ], [ 23.92861, 52.706102 ], [ 23.753889, 52.615831 ], [ 23.597219, 52.596384 ], [ 23.397219, 52.514444 ], [ 23.1654, 52.282278 ], [ 23.206385, 52.225267 ], [ 23.493052, 52.174166 ], [ 23.514723, 52.123606 ], [ 23.638609, 52.079439 ], [ 23.672773, 51.991381 ], [ 23.611738, 51.913973 ], [ 23.594721, 51.833605 ], [ 23.628332, 51.800547 ], [ 23.550276, 51.733606 ], [ 23.539167, 51.592768 ], [ 23.563887, 51.539438 ], [ 23.646109, 51.52083 ], [ 23.60861, 51.608049 ], [ 23.666666, 51.640551 ], [ 23.896666, 51.635828 ], [ 23.953886, 51.584993 ], [ 24.043055, 51.610277 ], [ 24.279444, 51.737772 ], [ 24.313334, 51.822496 ], [ 24.396666, 51.88666 ], [ 24.891386, 51.899996 ], [ 25.179441, 51.959719 ], [ 25.439997, 51.92222 ], [ 25.775831, 51.939157 ], [ 26.092222, 51.917498 ], [ 26.18083, 51.861383 ], [ 26.436941, 51.856943 ], [ 26.444719, 51.814997 ], [ 26.649721, 51.820276 ], [ 26.919718, 51.751108 ], [ 27.196943, 51.75889 ], [ 27.199999, 51.670275 ], [ 27.298887, 51.654436 ], [ 27.279444, 51.597773 ], [ 27.445551, 51.601107 ], [ 27.482218, 51.631662 ], [ 27.711664, 51.596659 ], [ 27.728331, 51.571939 ], [ 27.679998, 51.49444 ], [ 27.746943, 51.465548 ], [ 27.817499, 51.53055 ], [ 27.811666, 51.588602 ], [ 27.851389, 51.620272 ], [ 27.975275, 51.567774 ], [ 28.088053, 51.564997 ], [ 28.258612, 51.661104 ], [ 28.260832, 51.617769 ], [ 28.359163, 51.53055 ], [ 28.475554, 51.579721 ], [ 28.627222, 51.566385 ], [ 28.660555, 51.451937 ], [ 28.719164, 51.452219 ], [ 28.752501, 51.411104 ], [ 28.766111, 51.48472 ], [ 28.828611, 51.546389 ], [ 28.98583, 51.571665 ], [ 29.0525, 51.631105 ], [ 29.118055, 51.636942 ], [ 29.181387, 51.618052 ], [ 29.24333, 51.537775 ], [ 29.236109, 51.466387 ], [ 29.339167, 51.373049 ], [ 29.409719, 51.402773 ], [ 29.483053, 51.390276 ], [ 29.52389, 51.453608 ], [ 29.594442, 51.453051 ], [ 29.669718, 51.49888 ], [ 29.717775, 51.49444 ], [ 29.759165, 51.441103 ], [ 29.851389, 51.436106 ], [ 29.983332, 51.486383 ], [ 30.176386, 51.491938 ], [ 30.348055, 51.405268 ], [ 30.334997, 51.344995 ], [ 30.383886, 51.307215 ], [ 30.551416, 51.251848 ], [ 30.570833, 51.301935 ], [ 30.644163, 51.332773 ], [ 30.64361, 51.370829 ], [ 30.581667, 51.430277 ], [ 30.615553, 51.45833 ], [ 30.565832, 51.515833 ], [ 30.58222, 51.536661 ], [ 30.530279, 51.551104 ], [ 30.5175, 51.597773 ], [ 30.556665, 51.624994 ], [ 30.573889, 51.697489 ], [ 30.628332, 51.711382 ], [ 30.645552, 51.748606 ], [ 30.617498, 51.764162 ], [ 30.656942, 51.774439 ], [ 30.665274, 51.826944 ], [ 30.796389, 51.902773 ], [ 30.800814, 51.947481 ], [ 30.971663, 52.006388 ], [ 30.930494, 52.030085 ], [ 30.943098, 52.073793 ], [ 31.132219, 52.086382 ], [ 31.251665, 52.045549 ], [ 31.361944, 52.116663 ], [ 31.783888, 52.108049 ], [ 31.782499, 52.165827 ], [ 31.703886, 52.198603 ], [ 31.71694, 52.261667 ], [ 31.586664, 52.318888 ], [ 31.629721, 52.370546 ], [ 31.601664, 52.406099 ], [ 31.608889, 52.491381 ], [ 31.564722, 52.515833 ], [ 31.595278, 52.532213 ], [ 31.581667, 52.550829 ], [ 31.65333, 52.553049 ], [ 31.500002, 52.689989 ], [ 31.594999, 52.738047 ], [ 31.580832, 52.803049 ], [ 31.536943, 52.856104 ], [ 31.390833, 52.910273 ], [ 31.356386, 52.978045 ], [ 31.266943, 53.024714 ], [ 31.386385, 53.099161 ], [ 31.395277, 53.181383 ], [ 31.438887, 53.211664 ], [ 31.769167, 53.1961 ], [ 31.801111, 53.125826 ], [ 31.930552, 53.095545 ], [ 32.223322, 53.105555 ], [ 32.22555, 53.133333 ], [ 32.298883, 53.131937 ], [ 32.439989, 53.208887 ], [ 32.498331, 53.27833 ], [ 32.462496, 53.308329 ], [ 32.73694, 53.342493 ], [ 32.741106, 53.463053 ], [ 32.660822, 53.466661 ], [ 32.670549, 53.497217 ], [ 32.59749, 53.491106 ], [ 32.44388, 53.571939 ], [ 32.414713, 53.646387 ], [ 32.510553, 53.683603 ], [ 32.451662, 53.726381 ], [ 32.37694, 53.718882 ], [ 32.329439, 53.762217 ], [ 32.119715, 53.819994 ], [ 31.90222, 53.777773 ], [ 31.764227, 53.802622 ], [ 31.86083, 53.963327 ], [ 31.844164, 54.06444 ], [ 31.793333, 54.053049 ], [ 31.761667, 54.103327 ], [ 31.544165, 54.143328 ], [ 31.331667, 54.237497 ], [ 31.311666, 54.350832 ], [ 31.231939, 54.456659 ], [ 31.084444, 54.498606 ], [ 31.188608, 54.639437 ], [ 31.024721, 54.652216 ], [ 31.004999, 54.711664 ], [ 30.781389, 54.793612 ], [ 30.798609, 54.851664 ], [ 30.844999, 54.881105 ], [ 30.833887, 54.944155 ], [ 30.947496, 54.969156 ], [ 30.924997, 55.033335 ], [ 31.029722, 55.043329 ], [ 30.987219, 55.111666 ], [ 31.004721, 55.143328 ], [ 30.813612, 55.293329 ], [ 30.93944, 55.399439 ], [ 30.900553, 55.459162 ], [ 30.93944, 55.491663 ], [ 30.926249, 55.602571 ], [ 30.756666, 55.596659 ], [ 30.726942, 55.656382 ], [ 30.672012, 55.662223 ], [ 30.489717, 55.799997 ], [ 30.226107, 55.866106 ], [ 30.113752, 55.831823 ], [ 29.928331, 55.851664 ], [ 29.455687, 55.713773 ], [ 29.364488, 55.784371 ], [ 29.406942, 55.89583 ], [ 29.464441, 55.911104 ], [ 29.401388, 55.961382 ], [ 29.059443, 56.03277 ], [ 28.754168, 55.953882 ], [ 28.646109, 56.093607 ], [ 28.387499, 56.096102 ], [ 28.312498, 56.049997 ], [ 28.222773, 56.114717 ] ] ] } },
{ "type": "Feature", "properties": { "id": "00-00-f0-b5", "volumeName": "FIR MIRNY", "icaoID": "UERR" }, "geometry": { "type": "Polygon", "coordinates": [ [ [ 116.433333, 60.666667 ], [ 117.700007, 61.416671 ], [ 116.416684, 63.049993 ], [ 113.833352, 64.41666 ], [ 107.000021, 65.499994 ], [ 107.000018, 61.999994 ], [ 108.781668, 60.7083 ], [ 109.991632, 60.4083 ], [ 113.878366, 59.323366 ], [ 114.866686, 59.599995 ], [ 116.433333, 60.666667 ] ] ] } },
{ "type": "Feature", "properties": { "id": "00-00-f0-b6", "volumeName": "FIR MONCTON", "icaoID": "CZQM" }, "geometry": { "type": "Polygon", "coordinates": [ [ [ -61.240833, 48.153334 ], [ -62.0, 48.500002 ], [ -64.622221, 47.848333 ], [ -65.941111, 48.000006 ], [ -65.993563, 48.159032 ], [ -66.129882, 48.270809 ], [ -66.324642, 48.333331 ], [ -66.540899, 48.334694 ], [ -66.737405, 48.274638 ], [ -66.876865, 48.164598 ], [ -66.933269, 48.025431 ], [ -66.896667, 47.883333 ], [ -67.949999, 47.733335 ], [ -68.0, 47.525278 ], [ -68.296896, 47.458312 ], [ -68.571111, 47.286194 ], [ -68.378668, 47.287562 ], [ -68.361727, 47.355538 ], [ -68.231027, 47.354323 ], [ -67.790526, 47.067925 ], [ -67.781096, 45.943025 ], [ -67.750639, 45.917718 ], [ -67.803934, 45.8829 ], [ -67.755078, 45.823685 ], [ -67.806602, 45.794726 ], [ -67.782248, 45.73177 ], [ -67.817717, 45.693512 ], [ -67.721091, 45.662025 ], [ -67.727377, 45.688723 ], [ -67.645833, 45.61356 ], [ -67.429716, 45.583774 ], [ -67.416459, 45.502142 ], [ -67.503776, 45.488531 ], [ -67.419059, 45.376778 ], [ -67.489339, 45.281321 ], [ -67.353441, 45.129483 ], [ -67.296589, 45.147562 ], [ -67.275009, 45.198877 ], [ -67.162777, 45.174944 ], [ -66.979475, 44.921373 ], [ -66.977985, 44.85755 ], [ -66.901022, 44.802134 ], [ -67.117014, 44.500067 ], [ -67.0, 44.499922 ], [ -67.0, 41.866667 ], [ -60.0, 43.6 ], [ -56.051666, 44.446667 ], [ -56.473611, 45.611944 ], [ -58.605833, 46.795 ], [ -61.240833, 48.153334 ] ] ] } },
{ "type": "Feature", "properties": { "id": "00-00-f0-b7", "volumeName": "FIR MONTEVIDEO", "icaoID": "SUEO" }, "geometry": { "type": "Polygon", "coordinates": [ [ [ -57.797491, -30.810435 ], [ -57.983333, -31.383333 ], [ -58.4, -33.033333 ], [ -58.516667, -33.833333 ], [ -58.4, -34.0 ], [ -57.833332, -34.583332 ], [ -57.1, -34.883333 ], [ -54.833332, -36.0 ], [ -45.0, -40.0 ], [ -44.5, -39.0 ], [ -10.0, -39.0 ], [ -10.0, -34.0 ], [ -53.0, -34.0 ], [ -53.419724, -33.729446 ], [ -53.434174, -33.688057 ], [ -53.513618, -33.6875 ], [ -53.534447, -33.656952 ], [ -53.501396, -33.428062 ], [ -53.530006, -33.212227 ], [ -53.510284, -33.116112 ], [ -53.304726, -32.963058 ], [ -53.287224, -32.88945 ], [ -53.097504, -32.719452 ], [ -53.196945, -32.631111 ], [ -53.409172, -32.565559 ], [ -53.553337, -32.446114 ], [ -53.63028, -32.361115 ], [ -53.638062, -32.265556 ], [ -53.745834, -32.055283 ], [ -54.066948, -31.875 ], [ -54.144447, -31.910835 ], [ -54.463402, -31.672611 ], [ -54.472504, -31.576668 ], [ -54.588058, -31.46278 ], [ -54.842506, -31.423336 ], [ -55.017227, -31.271114 ], [ -55.078613, -31.328613 ], [ -55.221947, -31.254169 ], [ -55.280281, -31.155556 ], [ -55.332504, -31.130001 ], [ -55.33223, -31.070278 ], [ -55.421669, -30.963058 ], [ -55.581947, -30.845837 ], [ -55.636116, -30.856392 ], [ -55.642227, -30.941948 ], [ -55.716667, -30.942223 ], [ -55.836945, -31.073891 ], [ -56.008923, -31.079794 ], [ -55.976395, -30.853889 ], [ -56.001671, -30.795834 ], [ -56.184174, -30.596947 ], [ -56.366669, -30.483334 ], [ -56.56778, -30.299168 ], [ -56.627228, -30.290001 ], [ -56.634727, -30.232224 ], [ -56.811394, -30.105278 ], [ -57.065834, -30.106113 ], [ -57.141396, -30.180279 ], [ -57.150002, -30.243336 ], [ -57.220284, -30.293335 ], [ -57.326118, -30.266392 ], [ -57.398895, -30.300556 ], [ -57.428062, -30.27 ], [ -57.528061, -30.273891 ], [ -57.601083, -30.188586 ], [ -57.797491, -30.810435 ] ] ] } },
{ "type": "Feature", "properties": { "id": "00-00-f0-b8", "volumeName": "FIR MONTREAL", "icaoID": "CZUL" }, "geometry": { "type": "Polygon", "coordinates": [ [ [ -60.0, 65.0 ], [ -64.0, 65.053546 ], [ -68.0, 65.0 ], [ -71.177524, 64.5327 ], [ -74.052848, 64.034472 ], [ -77.182998, 63.403679 ], [ -80.0, 62.75 ], [ -80.0, 53.466669 ], [ -79.373993, 50.774259 ], [ -79.0, 49.000002 ], [ -79.0, 48.587312 ], [ -79.250142, 48.53173 ], [ -79.435651, 48.42821 ], [ -79.542838, 48.284587 ], [ -79.55773, 48.118468 ], [ -79.45519, 47.937986 ], [ -79.234995, 47.806459 ], [ -78.904547, 47.758809 ], [ -78.566944, 47.841481 ], [ -78.109652, 47.548187 ], [ -77.556901, 47.119751 ], [ -77.25, 46.947222 ], [ -77.25, 46.133333 ], [ -76.927778, 45.961111 ], [ -76.266699, 45.8375 ], [ -76.191082, 44.220394 ], [ -76.145279, 44.291753 ], [ -76.064438, 44.341191 ], [ -75.864166, 44.402585 ], [ -75.736115, 44.546201 ], [ -75.31778, 44.837026 ], [ -74.990829, 44.98647 ], [ -74.850281, 45.016477 ], [ -74.150247, 44.991352 ], [ -71.502487, 45.013368 ], [ -71.496143, 45.069162 ], [ -71.428839, 45.123888 ], [ -71.397799, 45.203549 ], [ -71.443885, 45.23706 ], [ -71.384928, 45.233344 ], [ -71.29651, 45.299184 ], [ -71.231121, 45.249679 ], [ -71.147067, 45.239756 ], [ -71.097769, 45.301901 ], [ -71.008449, 45.319196 ], [ -71.010509, 45.34764 ], [ -70.917877, 45.31172 ], [ -70.895007, 45.240308 ], [ -70.838093, 45.234613 ], [ -70.802461, 45.366135 ], [ -70.825644, 45.400279 ], [ -70.797983, 45.426554 ], [ -70.658834, 45.377699 ], [ -70.621217, 45.40276 ], [ -70.716376, 45.486547 ], [ -70.687803, 45.569245 ], [ -70.558348, 45.666594 ], [ -70.400304, 45.719701 ], [ -70.416932, 45.795511 ], [ -70.259698, 45.890005 ], [ -70.239189, 45.943943 ], [ -70.315855, 45.962989 ], [ -70.283955, 45.995343 ], [ -70.317633, 46.019313 ], [ -70.279558, 46.052389 ], [ -70.301858, 46.082424 ], [ -70.25277, 46.100093 ], [ -70.236881, 46.145859 ], [ -70.292743, 46.191588 ], [ -70.191284, 46.349678 ], [ -70.056265, 46.41588 ], [ -69.997111, 46.695163 ], [ -69.224411, 47.459684 ], [ -69.04336, 47.427332 ], [ -69.05014, 47.25641 ], [ -68.902425, 47.178834 ], [ -68.622216, 47.242704 ], [ -68.369789, 47.427151 ], [ -68.0, 47.525278 ], [ -67.949999, 47.733335 ], [ -66.896667, 47.883333 ], [ -66.933269, 48.025431 ], [ -66.876865, 48.164598 ], [ -66.737405, 48.274638 ], [ -66.540899, 48.334694 ], [ -66.324642, 48.333331 ], [ -66.129882, 48.270809 ], [ -65.993563, 48.159032 ], [ -65.941111, 48.000002 ], [ -64.622221, 47.848333 ], [ -62.0, 48.500002 ], [ -61.0, 49.300001 ], [ -61.0, 49.533335 ], [ -58.0, 51.0 ], [ -57.0, 51.283333 ], [ -57.0, 51.735 ], [ -58.142778, 52.196389 ], [ -59.5, 51.633146 ], [ -59.5, 51.333333 ], [ -60.0, 50.833333 ], [ -62.083332, 50.833334 ], [ -64.0, 51.416666 ], [ -64.916666, 53.700003 ], [ -65.333332, 54.416666 ], [ -65.083332, 55.083334 ], [ -64.0, 55.355555 ], [ -64.0, 57.550001 ], [ -60.351139, 58.471121 ], [ -61.666911, 59.78186 ], [ -63.0, 61.000002 ], [ -63.0, 63.999814 ], [ -60.0, 65.0 ] ] ] } },
{ "type": "Feature", "properties": { "id": "00-00-f0-b9", "volumeName": "FIR MOSCOW", "icaoID": "UUWV" }, "geometry": { "type": "Polygon", "coordinates": [ [ [ 34.566667, 58.2 ], [ 32.55, 57.35 ], [ 31.166531, 56.915917 ], [ 30.926249, 55.602571 ], [ 30.93944, 55.491663 ], [ 30.901388, 55.467493 ], [ 30.93944, 55.399439 ], [ 30.813334, 55.301104 ], [ 31.004721, 55.143328 ], [ 30.987219, 55.111666 ], [ 31.029722, 55.043329 ], [ 30.924997, 55.033335 ], [ 30.947496, 54.969156 ], [ 30.833887, 54.944155 ], [ 30.844999, 54.881105 ], [ 30.780001, 54.796946 ], [ 31.004999, 54.711664 ], [ 31.024721, 54.652216 ], [ 31.188608, 54.639437 ], [ 31.084444, 54.498606 ], [ 31.231939, 54.456659 ], [ 31.311666, 54.350832 ], [ 31.331667, 54.237497 ], [ 31.544165, 54.143328 ], [ 31.761667, 54.103327 ], [ 31.793333, 54.053049 ], [ 31.844164, 54.06444 ], [ 31.86083, 53.963327 ], [ 31.764227, 53.802622 ], [ 31.90222, 53.777773 ], [ 32.119715, 53.819994 ], [ 32.329439, 53.762217 ], [ 32.37694, 53.718882 ], [ 32.451662, 53.726381 ], [ 32.510553, 53.683603 ], [ 32.414713, 53.646387 ], [ 32.44388, 53.571939 ], [ 32.59749, 53.491106 ], [ 32.670549, 53.497217 ], [ 32.660822, 53.466661 ], [ 32.741106, 53.463053 ], [ 32.73694, 53.342493 ], [ 32.462496, 53.308329 ], [ 32.498331, 53.27833 ], [ 32.439989, 53.208887 ], [ 32.298883, 53.131937 ], [ 32.22555, 53.133333 ], [ 32.223322, 53.105555 ], [ 31.930552, 53.095545 ], [ 31.801111, 53.125826 ], [ 31.769167, 53.1961 ], [ 31.438887, 53.211664 ], [ 31.395277, 53.181383 ], [ 31.386385, 53.099161 ], [ 31.266943, 53.024714 ], [ 31.356386, 52.978045 ], [ 31.390833, 52.910273 ], [ 31.536943, 52.856104 ], [ 31.580832, 52.803049 ], [ 31.594999, 52.738047 ], [ 31.500002, 52.689989 ], [ 31.65333, 52.553049 ], [ 31.581667, 52.550829 ], [ 31.595278, 52.532213 ], [ 31.564722, 52.515833 ], [ 31.608889, 52.491381 ], [ 31.601664, 52.406099 ], [ 31.629721, 52.370546 ], [ 31.586664, 52.318888 ], [ 31.71694, 52.261667 ], [ 31.703886, 52.198603 ], [ 31.782499, 52.165827 ], [ 31.783888, 52.108049 ], [ 31.897776, 52.096102 ], [ 31.926386, 52.036661 ], [ 32.124437, 52.043886 ], [ 32.224993, 52.079439 ], [ 32.33555, 52.157213 ], [ 32.340548, 52.221376 ], [ 32.386385, 52.254717 ], [ 32.358332, 52.309992 ], [ 32.394159, 52.335268 ], [ 32.923609, 52.247217 ], [ 33.204714, 52.379717 ], [ 33.448877, 52.343607 ], [ 33.497774, 52.366663 ], [ 33.535273, 52.293329 ], [ 33.696383, 52.361666 ], [ 33.830553, 52.364717 ], [ 34.097773, 52.151934 ], [ 34.073053, 52.060274 ], [ 34.128046, 51.989717 ], [ 34.109438, 51.959719 ], [ 34.169443, 51.959993 ], [ 34.257776, 51.879435 ], [ 34.380823, 51.844995 ], [ 34.440546, 51.767214 ], [ 34.40555, 51.718599 ], [ 34.102777, 51.67444 ], [ 34.101107, 51.647493 ], [ 34.159716, 51.628603 ], [ 34.234163, 51.546663 ], [ 34.239161, 51.427774 ], [ 34.203608, 51.406656 ], [ 34.314997, 51.351107 ], [ 34.273882, 51.285555 ], [ 34.208918, 51.259195 ], [ 34.305269, 51.230822 ], [ 34.382212, 51.263613 ], [ 34.633608, 51.24222 ], [ 34.669992, 51.179438 ], [ 34.734995, 51.172495 ], [ 34.958048, 51.222216 ], [ 35.111307, 51.209543 ], [ 35.170755, 51.054804 ], [ 35.376612, 51.035608 ], [ 35.294947, 50.995897 ], [ 35.305498, 50.944498 ], [ 35.365229, 50.920038 ], [ 35.39773, 50.803087 ], [ 35.456629, 50.772791 ], [ 35.458292, 50.694178 ], [ 35.488573, 50.675852 ], [ 35.393557, 50.638086 ], [ 35.435221, 50.525026 ], [ 35.467173, 50.480295 ], [ 35.567202, 50.453058 ], [ 35.583048, 50.383051 ], [ 35.644716, 50.354166 ], [ 35.728876, 50.353327 ], [ 35.739161, 50.383333 ], [ 35.850275, 50.428606 ], [ 36.139162, 50.425272 ], [ 36.297495, 50.284441 ], [ 36.412767, 50.321665 ], [ 36.563326, 50.276384 ], [ 36.562494, 50.22249 ], [ 36.640276, 50.212496 ], [ 36.701105, 50.266939 ], [ 36.884439, 50.335825 ], [ 37.130548, 50.34833 ], [ 37.315828, 50.428049 ], [ 37.458605, 50.439714 ], [ 37.49444, 50.351389 ], [ 37.623606, 50.305269 ], [ 37.605272, 50.216661 ], [ 37.733049, 50.08777 ], [ 37.925272, 50.024714 ], [ 38.013056, 49.901384 ], [ 38.185266, 49.951105 ], [ 38.18416, 50.065546 ], [ 38.307772, 50.073885 ], [ 38.376101, 49.987497 ], [ 38.49888, 49.951937 ], [ 38.686655, 49.978876 ], [ 38.6961, 49.927492 ], [ 38.889162, 49.868052 ], [ 38.945269, 49.807497 ], [ 39.069162, 49.817774 ], [ 39.183741, 49.880411 ], [ 39.273607, 49.75194 ], [ 39.580828, 49.730822 ], [ 39.639719, 49.615549 ], [ 39.796946, 49.553049 ], [ 39.921663, 49.565546 ], [ 40.004999, 49.614443 ], [ 40.139765, 49.601053 ], [ 40.141108, 49.55916 ], [ 40.074442, 49.526941 ], [ 40.053049, 49.478327 ], [ 40.141665, 49.376101 ], [ 43.033335, 50.750002 ], [ 42.583334, 51.533335 ], [ 42.866667, 52.333334 ], [ 42.466669, 53.500002 ], [ 43.85, 54.633333 ], [ 46.583335, 54.816716 ], [ 46.433345, 55.6 ], [ 46.933346, 58.166668 ], [ 45.000012, 58.766668 ], [ 42.054734, 58.775001 ], [ 38.522233, 58.707224 ], [ 35.816677, 58.583335 ], [ 34.566667, 58.2 ] ] ] } },
{ "type": "Feature", "properties": { "id": "00-00-f0-ba", "volumeName": "FIR MUMBAI", "icaoID": "VABF" }, "geometry": { "type": "Polygon", "coordinates": [ [ [ 68.368868, 23.973051 ], [ 68.330553, 23.914721 ], [ 68.290545, 23.944441 ], [ 68.281939, 23.897776 ], [ 68.209719, 23.857222 ], [ 68.185686, 23.688459 ], [ 68.111424, 23.601521 ], [ 68.114861, 23.539242 ], [ 68.169692, 23.497069 ], [ 64.500002, 23.500002 ], [ 60.000002, 19.800001 ], [ 60.000002, -6.0 ], [ 68.000002, -6.0 ], [ 68.000002, 0.0 ], [ 70.000002, 3.083334 ], [ 70.000002, 7.500002 ], [ 72.000002, 7.500002 ], [ 72.000002, 15.000002 ], [ 73.583332, 15.000002 ], [ 73.0, 16.283333 ], [ 76.0, 16.666667 ], [ 76.0, 19.316667 ], [ 77.166667, 19.716667 ], [ 82.0, 18.716667 ], [ 80.593611, 21.5025 ], [ 80.354444, 22.480556 ], [ 79.082336, 25.000733 ], [ 70.91654, 25.010585 ], [ 71.09618, 24.68863 ], [ 70.98629, 24.59557 ], [ 70.9985, 24.44437 ], [ 71.12577, 24.42009 ], [ 71.04204, 24.35105 ], [ 70.986, 24.36528 ], [ 70.87825, 24.3018 ], [ 70.90866, 24.26326 ], [ 70.87658, 24.24583 ], [ 70.71862, 24.21573 ], [ 70.583, 24.24417 ], [ 70.56211, 24.354 ], [ 70.6025, 24.40815 ], [ 70.57314, 24.42234 ], [ 70.10992, 24.295 ], [ 70.06654, 24.19897 ], [ 70.022204, 24.17103 ], [ 69.73152, 24.17104 ], [ 69.59429, 24.29238 ], [ 69.49398, 24.26782 ], [ 69.31276, 24.28143 ], [ 69.19416, 24.23639 ], [ 69.09482, 24.27444 ], [ 69.00342, 24.22306 ], [ 68.943499, 24.302479 ], [ 68.864469, 24.212493 ], [ 68.82616, 24.31736 ], [ 68.766083, 24.296365 ], [ 68.75302, 23.97145 ], [ 68.368868, 23.973051 ] ] ] } },
{ "type": "Feature", "properties": { "id": "00-00-f0-bb", "volumeName": "FIR MUNICH", "icaoID": "EDMM" }, "geometry": { "type": "Polygon", "coordinates": [ [ [ 12.64028, 51.625002 ], [ 12.20167, 51.87639 ], [ 12.000002, 51.906668 ], [ 11.208333, 51.841111 ], [ 10.700003, 51.566668 ], [ 10.387503, 51.333891 ], [ 10.492777, 51.333333 ], [ 10.70278, 50.657499 ], [ 10.521669, 50.500002 ], [ 10.288889, 50.226946 ], [ 10.660833, 49.999723 ], [ 10.966667, 49.441666 ], [ 10.478979, 49.109247 ], [ 9.776389, 48.810556 ], [ 9.550001, 48.527779 ], [ 9.55, 47.8 ], [ 9.233333, 47.791666 ], [ 9.233333, 47.658333 ], [ 9.607065, 47.529516 ], [ 9.7292, 47.535299 ], [ 9.782499, 47.594446 ], [ 9.862223, 47.534998 ], [ 9.963335, 47.547777 ], [ 10.003332, 47.483889 ], [ 10.043055, 47.495279 ], [ 10.088335, 47.45833 ], [ 10.104445, 47.428888 ], [ 10.070555, 47.411943 ], [ 10.098055, 47.35972 ], [ 10.23139, 47.381388 ], [ 10.173334, 47.274721 ], [ 10.329443, 47.308329 ], [ 10.427778, 47.384439 ], [ 10.474165, 47.439722 ], [ 10.426943, 47.576944 ], [ 10.472502, 47.591387 ], [ 10.465277, 47.558611 ], [ 10.49861, 47.539995 ], [ 10.566111, 47.538057 ], [ 10.60111, 47.569445 ], [ 10.769167, 47.521112 ], [ 10.882502, 47.539995 ], [ 10.909445, 47.518053 ], [ 10.867777, 47.489717 ], [ 10.925001, 47.486666 ], [ 10.985277, 47.429445 ], [ 10.978334, 47.399164 ], [ 11.112501, 47.396944 ], [ 11.214445, 47.436106 ], [ 11.238333, 47.42972 ], [ 11.227499, 47.400553 ], [ 11.269445, 47.401941 ], [ 11.335279, 47.452501 ], [ 11.405554, 47.45389 ], [ 11.383055, 47.476389 ], [ 11.434999, 47.51861 ], [ 11.574446, 47.519999 ], [ 11.638056, 47.596666 ], [ 11.846945, 47.582224 ], [ 12.006388, 47.624445 ], [ 12.195745, 47.608126 ], [ 12.178438, 47.703211 ], [ 12.257223, 47.743052 ], [ 12.252779, 47.686945 ], [ 12.441668, 47.69861 ], [ 12.518057, 47.632219 ], [ 12.665834, 47.684999 ], [ 12.779444, 47.673883 ], [ 12.766668, 47.653887 ], [ 12.830832, 47.618891 ], [ 12.786112, 47.585833 ], [ 12.809721, 47.552217 ], [ 12.963057, 47.475557 ], [ 13.053057, 47.496386 ], [ 13.046667, 47.583055 ], [ 13.096388, 47.634165 ], [ 12.93889, 47.776667 ], [ 13.00889, 47.854166 ], [ 12.768332, 48.079165 ], [ 12.758333, 48.123888 ], [ 13.021944, 48.26111 ], [ 13.278612, 48.303057 ], [ 13.394999, 48.366106 ], [ 13.440001, 48.435274 ], [ 13.441668, 48.565554 ], [ 13.526945, 48.585001 ], [ 13.725996, 48.515589 ], [ 13.822779, 48.61722 ], [ 13.834723, 48.702776 ], [ 13.793055, 48.726107 ], [ 13.834723, 48.772219 ], [ 13.740835, 48.881662 ], [ 13.677778, 48.884165 ], [ 13.62639, 48.953333 ], [ 13.521112, 48.978884 ], [ 13.490835, 48.945551 ], [ 13.401667, 48.993334 ], [ 13.395277, 49.05028 ], [ 13.322779, 49.09833 ], [ 13.178888, 49.133608 ], [ 13.173056, 49.167223 ], [ 13.030554, 49.26333 ], [ 13.026945, 49.298334 ], [ 12.945555, 49.339441 ], [ 12.795557, 49.339724 ], [ 12.744722, 49.400278 ], [ 12.664721, 49.429163 ], [ 12.638334, 49.522776 ], [ 12.593054, 49.531389 ], [ 12.562498, 49.614443 ], [ 12.519724, 49.62694 ], [ 12.515554, 49.679445 ], [ 12.402777, 49.742495 ], [ 12.467501, 49.782221 ], [ 12.544168, 49.918055 ], [ 12.47611, 49.940554 ], [ 12.494722, 49.972773 ], [ 12.471109, 49.985834 ], [ 12.260832, 50.053606 ], [ 12.192499, 50.131662 ], [ 12.188612, 50.194162 ], [ 12.098333, 50.244165 ], [ 12.136667, 50.275553 ], [ 12.093706, 50.322535 ], [ 12.177221, 50.318056 ], [ 12.197222, 50.27389 ], [ 12.256388, 50.266108 ], [ 12.278612, 50.188051 ], [ 12.326666, 50.168055 ], [ 12.325556, 50.236109 ], [ 12.51861, 50.393885 ], [ 12.705832, 50.396944 ], [ 12.818888, 50.454439 ], [ 12.985559, 50.418329 ], [ 13.027224, 50.500002 ], [ 13.191111, 50.503611 ], [ 13.248056, 50.588335 ], [ 13.320833, 50.58111 ], [ 13.379999, 50.64139 ], [ 13.463888, 50.600275 ], [ 13.555834, 50.708055 ], [ 13.858889, 50.724161 ], [ 13.900278, 50.745554 ], [ 13.907778, 50.790552 ], [ 14.071112, 50.809168 ], [ 14.246946, 50.88611 ], [ 14.39361, 50.894724 ], [ 14.403612, 50.932497 ], [ 14.256109, 50.98778 ], [ 14.309721, 51.053606 ], [ 14.415556, 51.019724 ], [ 14.508303, 51.043024 ], [ 14.505278, 51.017496 ], [ 14.597223, 50.9825 ], [ 14.567221, 50.917772 ], [ 14.649721, 50.926668 ], [ 14.621668, 50.855555 ], [ 14.801668, 50.818888 ], [ 14.966391, 51.053606 ], [ 15.038889, 51.271662 ], [ 14.971666, 51.355555 ], [ 14.954168, 51.469721 ], [ 14.714998, 51.554724 ], [ 14.761389, 51.611383 ], [ 14.755278, 51.67 ], [ 14.708574, 51.697453 ], [ 13.750002, 51.508333 ], [ 13.1, 51.508333 ], [ 12.64028, 51.625002 ] ] ] } },
{ "type": "Feature", "properties": { "id": "00-00-f0-bc", "volumeName": "FIR MURMANSK", "icaoID": "ULMM" }, "geometry": { "type": "Polygon", "coordinates": [ [ [ 32.083362, 71.499995 ], [ 32.083334, 70.166666 ], [ 31.133333, 70.000002 ], [ 30.833361, 69.800006 ], [ 30.93336, 69.683343 ], [ 30.93336, 69.583343 ], [ 30.850027, 69.550007 ], [ 30.516694, 69.533343 ], [ 30.150027, 69.666677 ], [ 30.100027, 69.650007 ], [ 30.150027, 69.633343 ], [ 30.200027, 69.550007 ], [ 30.13336, 69.483343 ], [ 29.98336, 69.416677 ], [ 29.850027, 69.416677 ], [ 29.53336, 69.316677 ], [ 29.28336, 69.300007 ], [ 29.33336, 69.233343 ], [ 29.200023, 69.066677 ], [ 29.050023, 69.016677 ], [ 28.91669, 69.050007 ], [ 28.450023, 68.916677 ], [ 28.533356, 68.883343 ], [ 28.800023, 68.866677 ], [ 28.450023, 68.550007 ], [ 28.666689, 68.200007 ], [ 29.350023, 68.066676 ], [ 29.683356, 67.800007 ], [ 30.01669, 67.666676 ], [ 29.950023, 67.516676 ], [ 29.016689, 66.966676 ], [ 29.606678, 66.400004 ], [ 35.083346, 66.333337 ], [ 36.650013, 66.000003 ], [ 38.500028, 66.000006 ], [ 40.00003, 66.250006 ], [ 42.500015, 66.783336 ], [ 44.150017, 67.86667 ], [ 43.266684, 68.66667 ], [ 32.083362, 71.499995 ] ] ] } },
{ "type": "Feature", "properties": { "id": "00-00-f0-bd", "volumeName": "FIR MURMANSK OCEANIC AM EAST", "icaoID": "ULMM" }, "geometry": { "type": "Polygon", "coordinates": [ [ [ 180.0, 86.2236 ], [ 180.0, 90.0 ], [ 32.000002, 90.0 ], [ 32.000002, 81.000002 ], [ 35.000002, 81.000002 ], [ 35.000002, 74.000002 ], [ 32.083334, 74.000002 ], [ 32.083334, 71.500002 ], [ 43.266684, 68.66667 ], [ 49.50002, 70.500003 ], [ 48.61669, 73.000003 ], [ 58.000027, 73.900002 ], [ 57.650023, 71.166668 ], [ 66.283359, 71.500001 ], [ 68.666695, 73.666666 ], [ 70.916684, 73.666667 ], [ 70.683332, 74.500002 ], [ 75.933039, 74.971627 ], [ 79.036678, 75.182721 ], [ 81.833334, 75.333334 ], [ 83.438065, 75.822345 ], [ 85.630921, 76.425186 ], [ 87.758584, 76.946929 ], [ 89.500002, 77.333334 ], [ 95.644431, 77.721332 ], [ 97.922533, 77.825379 ], [ 102.588877, 77.966496 ], [ 104.662887, 78.017737 ], [ 108.698868, 78.053947 ], [ 114.750002, 78.000002 ], [ 180.0, 86.2236 ] ] ] } },
{ "type": "Feature", "properties": { "id": "00-00-f0-be", "volumeName": "FIR MURMANSK OCEANIC AM WEST", "icaoID": "ULMM" }, "geometry": { "type": "Polygon", "coordinates": [ [ [ -169.0, 87.633333 ], [ -169.0, 90.0 ], [ -180.0, 90.0 ], [ -180.0, 86.115091 ], [ -169.0, 87.633333 ] ] ] } },
{ "type": "Feature", "properties": { "id": "00-00-f0-bf", "volumeName": "FIR MUSCAT", "icaoID": "OOMM" }, "geometry": { "type": "Polygon", "coordinates": [ [ [ 52.0, 19.0 ], [ 53.500002, 15.666666 ], [ 57.000002, 17.666666 ], [ 60.000002, 19.800001 ], [ 64.500002, 23.500002 ], [ 61.333334, 23.500002 ], [ 61.333334, 24.666666 ], [ 57.500002, 25.000002 ], [ 56.750002, 25.583334 ], [ 56.750002, 26.166666 ], [ 56.450003, 26.683332 ], [ 56.1, 26.35 ], [ 56.216665, 25.6 ], [ 56.583334, 25.000002 ], [ 55.583334, 24.000002 ], [ 55.199167, 22.69972 ], [ 55.666667, 22.0 ], [ 55.0, 20.0 ], [ 52.0, 19.0 ] ] ] } },
{ "type": "Feature", "properties": { "id": "00-00-f0-c0", "volumeName": "FIR N DJAMENA", "icaoID": "FTTT" }, "geometry": { "type": "Polygon", "coordinates": [ [ [ 19.0, 22.0 ], [ 11.500002, 22.0 ], [ 11.502779, 13.36278 ], [ 11.819723, 13.273054 ], [ 12.068335, 13.122221 ], [ 12.478056, 13.056665 ], [ 12.594721, 13.278055 ], [ 12.638056, 13.305834 ], [ 12.675554, 13.280001 ], [ 12.771944, 13.379446 ], [ 12.800554, 13.365557 ], [ 12.795832, 13.396112 ], [ 12.864721, 13.455 ], [ 12.843054, 13.487223 ], [ 12.876112, 13.473333 ], [ 13.066389, 13.548613 ], [ 13.08111, 13.524721 ], [ 13.130835, 13.520555 ], [ 13.146387, 13.548613 ], [ 13.152777, 13.523611 ], [ 13.204721, 13.528334 ], [ 13.347776, 13.719999 ], [ 13.62512, 13.71834 ], [ 14.07472, 13.081667 ], [ 14.199167, 12.50139 ], [ 14.170557, 12.387777 ], [ 14.214445, 12.347776 ], [ 14.490835, 12.335833 ], [ 14.549444, 12.235834 ], [ 14.615835, 12.17639 ], [ 14.657221, 12.187223 ], [ 14.674166, 12.150835 ], [ 14.619165, 12.035555 ], [ 14.649443, 11.914999 ], [ 14.611113, 11.772223 ], [ 14.558332, 11.715277 ], [ 14.641111, 11.646944 ], [ 14.617777, 11.505556 ], [ 14.164446, 11.234167 ], [ 14.003611, 11.283335 ], [ 13.886667, 11.170557 ], [ 13.844168, 11.073889 ], [ 13.777498, 11.030001 ], [ 13.768057, 10.931665 ], [ 13.560835, 10.64361 ], [ 13.462221, 10.171946 ], [ 13.398054, 10.111113 ], [ 13.251112, 10.066668 ], [ 13.265554, 9.984999 ], [ 13.231112, 9.865557 ], [ 13.285833, 9.8025 ], [ 13.239168, 9.57889 ], [ 13.186666, 9.526667 ], [ 13.02389, 9.496111 ], [ 12.845858, 9.356947 ], [ 12.91609, 9.338896 ], [ 12.919168, 9.277498 ], [ 12.838335, 9.07472 ], [ 12.85111, 9.014444 ], [ 12.796946, 8.769724 ], [ 12.728334, 8.759443 ], [ 12.687498, 8.660833 ], [ 12.568888, 8.600557 ], [ 12.492498, 8.628889 ], [ 12.386389, 8.613054 ], [ 12.421667, 8.500002 ], [ 12.341112, 8.421667 ], [ 12.285276, 8.431944 ], [ 12.247221, 8.393888 ], [ 12.255556, 8.197779 ], [ 12.202501, 8.111944 ], [ 12.209444, 8.003332 ], [ 24.973333, 7.992777 ], [ 24.942778, 8.083887 ], [ 24.804445, 8.192778 ], [ 24.545832, 8.204721 ], [ 24.460001, 8.271387 ], [ 24.361113, 8.247221 ], [ 24.177221, 8.316111 ], [ 24.140276, 8.375834 ], [ 24.165834, 8.477777 ], [ 24.269167, 8.583055 ], [ 24.230276, 8.624998 ], [ 24.243891, 8.695833 ], [ 23.823889, 8.727777 ], [ 23.739168, 8.705278 ], [ 23.633055, 8.736944 ], [ 23.517778, 8.714167 ], [ 23.498335, 8.778334 ], [ 23.581667, 8.906111 ], [ 23.583055, 8.988611 ], [ 23.565279, 9.005278 ], [ 23.503611, 8.959723 ], [ 23.44861, 9.025 ], [ 23.492777, 9.174166 ], [ 23.556391, 9.181665 ], [ 23.652224, 9.280001 ], [ 23.664446, 9.440832 ], [ 23.631388, 9.449446 ], [ 23.623335, 9.535276 ], [ 23.694723, 9.671667 ], [ 23.669168, 9.866945 ], [ 23.303888, 10.459166 ], [ 23.009443, 10.69861 ], [ 22.866507, 10.922449 ], [ 22.942499, 11.092501 ], [ 22.970835, 11.283056 ], [ 22.930834, 11.415834 ], [ 22.791113, 11.401667 ], [ 22.775557, 11.462221 ], [ 22.641943, 11.516111 ], [ 22.561666, 11.621668 ], [ 22.640833, 12.071112 ], [ 22.563612, 12.07472 ], [ 22.476667, 12.034166 ], [ 22.50139, 12.176943 ], [ 22.432779, 12.403334 ], [ 22.38389, 12.465277 ], [ 22.466944, 12.621668 ], [ 22.223333, 12.747221 ], [ 22.140554, 12.655279 ], [ 21.952776, 12.643888 ], [ 21.827776, 12.797499 ], [ 21.943335, 13.05361 ], [ 22.020555, 13.137777 ], [ 22.159723, 13.190279 ], [ 22.294168, 13.35861 ], [ 22.230555, 13.478888 ], [ 22.224722, 13.571943 ], [ 22.153612, 13.634443 ], [ 22.138613, 13.728056 ], [ 22.084444, 13.779165 ], [ 22.230276, 13.962778 ], [ 22.554998, 14.125555 ], [ 22.555277, 14.231943 ], [ 22.443888, 14.272223 ], [ 22.434446, 14.309721 ], [ 22.469721, 14.344721 ], [ 22.445555, 14.479723 ], [ 22.381388, 14.523054 ], [ 22.384165, 14.554167 ], [ 22.469999, 14.629446 ], [ 22.702501, 14.691389 ], [ 22.670557, 14.859446 ], [ 22.73889, 14.902777 ], [ 22.753332, 14.976946 ], [ 22.849165, 15.078333 ], [ 22.935835, 15.11611 ], [ 22.998335, 15.35639 ], [ 22.923056, 15.487223 ], [ 22.937223, 15.561945 ], [ 23.118158, 15.710295 ], [ 23.356943, 15.681665 ], [ 23.608889, 15.758333 ], [ 23.999605, 15.698709 ], [ 24.0, 19.5 ], [ 19.0, 22.0 ] ] ] } },
{ "type": "Feature", "properties": { "id": "00-00-f0-c1", "volumeName": "FIR NADI EAST", "icaoID": "NFFF" }, "geometry": { "type": "Polygon", "coordinates": [ [ [ 168.000002, -28.0 ], [ 171.416666, -25.0 ], [ 180.0, -25.0 ], [ 180.0, 3.500002 ], [ 170.000002, 3.500001 ], [ 170.000002, -10.0 ], [ 163.000002, -14.0 ], [ 161.250002, -14.0 ], [ 163.0, -17.666667 ], [ 163.000002, -30.0 ], [ 168.000002, -28.0 ] ] ] } },
{ "type": "Feature", "properties": { "id": "00-00-f0-c2", "volumeName": "FIR NADI WEST", "icaoID": "NFFF" }, "geometry": { "type": "Polygon", "coordinates": [ [ [ -171.0, -5.0 ], [ -180.0, -5.0 ], [ -180.0, -25.0 ], [ -175.025389, -14.131222 ], [ -171.0, -5.0 ] ] ] } },
{ "type": "Feature", "properties": { "id": "00-00-f0-c3", "volumeName": "FIR NAIROBI", "icaoID": "HKNA" }, "geometry": { "type": "Polygon", "coordinates": [ [ [ 41.896441, 3.964258 ], [ 34.092733, 4.000002 ], [ 34.129717, 3.954447 ], [ 34.102221, 3.876112 ], [ 34.224443, 3.877501 ], [ 34.224718, 3.847223 ], [ 34.16083, 3.823057 ], [ 34.199167, 3.803888 ], [ 34.176111, 3.775557 ], [ 34.263613, 3.78639 ], [ 34.303057, 3.703333 ], [ 34.361109, 3.738058 ], [ 34.463335, 3.671389 ], [ 34.455553, 3.524168 ], [ 34.400278, 3.477224 ], [ 34.454165, 3.181944 ], [ 34.559168, 3.111113 ], [ 34.59083, 2.939444 ], [ 34.658052, 2.863611 ], [ 34.704721, 2.88389 ], [ 34.759439, 2.845278 ], [ 34.789995, 2.684725 ], [ 34.851107, 2.588335 ], [ 34.889444, 2.605001 ], [ 34.935831, 2.506945 ], [ 34.940554, 2.450556 ], [ 34.878885, 2.389723 ], [ 34.994997, 2.091112 ], [ 34.981112, 1.975557 ], [ 35.02611, 1.919722 ], [ 34.999445, 1.876669 ], [ 34.999445, 1.668612 ], [ 34.95389, 1.57889 ], [ 34.887499, 1.53528 ], [ 34.852221, 1.423891 ], [ 34.792223, 1.39361 ], [ 34.822496, 1.235556 ], [ 34.685274, 1.205835 ], [ 34.597773, 1.153055 ], [ 34.577501, 1.092501 ], [ 34.525553, 1.113897 ], [ 34.451662, 0.883055 ], [ 34.404161, 0.815001 ], [ 34.313051, 0.768335 ], [ 34.272219, 0.650835 ], [ 34.161661, 0.608614 ], [ 34.094995, 0.430555 ], [ 34.101946, 0.342501 ], [ 33.907221, 0.103056 ], [ 33.976107, -0.134167 ], [ 33.918001, -0.44913 ], [ 33.923075, -0.999014 ], [ 34.023012, -0.99819 ], [ 34.029718, -1.036943 ], [ 34.075556, -1.039165 ], [ 37.602777, -2.995832 ], [ 37.67528, -3.05139 ], [ 37.719995, -3.311943 ], [ 37.6075, -3.405556 ], [ 37.613611, -3.504168 ], [ 37.741106, -3.531389 ], [ 37.783052, -3.651112 ], [ 39.203028, -4.669617 ], [ 40.000002, -4.699999 ], [ 44.000002, -4.699999 ], [ 44.000002, -2.0 ], [ 42.000002, -2.0 ], [ 41.761885, -1.730148 ], [ 41.558161, -1.674868 ], [ 41.555277, -1.592222 ], [ 40.998331, -0.86611 ], [ 40.986597, 2.829958 ], [ 41.336939, 3.167501 ], [ 41.896441, 3.964258 ] ] ] } },
{ "type": "Feature", "properties": { "id": "00-00-f0-c5", "volumeName": "FIR NAURU", "icaoID": "ANAU" }, "geometry": { "type": "Polygon", "coordinates": [ [ [ 170.000002, -10.0 ], [ 170.000002, 3.500002 ], [ 160.000002, 3.5 ], [ 160.000002, -4.833332 ], [ 166.750002, -10.5 ], [ 166.866667, -11.799999 ], [ 170.000002, -10.0 ] ] ] } },
{ "type": "Feature", "properties": { "id": "00-00-f0-c7", "volumeName": "FIR NEW YORK", "icaoID": "KZNY" }, "geometry": { "type": "Polygon", "coordinates": [ [ [ -73.863347, 41.060619 ], [ -73.866667, 41.245833 ], [ -74.084722, 41.319445 ], [ -74.345833, 41.483333 ], [ -74.958333, 41.741667 ], [ -75.058333, 41.869444 ], [ -76.052778, 42.311944 ], [ -75.969444, 42.695833 ], [ -76.013889, 42.8625 ], [ -76.088889, 42.9375 ], [ -76.483333, 42.941667 ], [ -76.666666, 42.883333 ], [ -76.697222, 42.727777 ], [ -77.236111, 42.175 ], [ -77.541666, 41.677778 ], [ -78.127777, 40.858335 ], [ -77.879166, 40.550001 ], [ -77.840271, 39.855556 ], [ -77.355, 39.875 ], [ -77.358332, 39.51 ], [ -76.855555, 39.385 ], [ -76.347221, 39.391668 ], [ -75.0575, 40.239444 ], [ -74.956944, 40.341667 ], [ -74.676389, 40.258333 ], [ -74.515278, 40.308333 ], [ -74.333333, 40.25 ], [ -74.804167, 39.9 ], [ -74.94, 39.751667 ], [ -74.8, 39.652778 ], [ -74.455556, 39.655833 ], [ -74.498611, 39.593056 ], [ -74.194444, 39.579167 ], [ -73.658333, 39.034722 ], [ -73.983333, 38.541668 ], [ -74.599722, 37.081667 ], [ -74.599722, 36.787778 ], [ -74.936944, 35.496944 ], [ -75.19, 35.308056 ], [ -76.779444, 32.967778 ], [ -77.0, 32.25 ], [ -76.816664, 32.200002 ], [ -72.66667, 35.1 ], [ -72.666667, 37.2275 ], [ -71.683333, 37.516667 ], [ -69.95, 38.333333 ], [ -67.0, 39.000002 ], [ -67.0, 41.616667 ], [ -69.0, 41.0 ], [ -70.879444, 40.576667 ], [ -72.5, 40.072222 ], [ -73.254167, 40.409722 ], [ -73.636111, 40.331944 ], [ -73.291667, 40.801389 ], [ -73.377778, 40.858333 ], [ -73.859722, 40.858333 ], [ -73.863347, 41.060619 ] ] ] } },
{ "type": "Feature", "properties": { "id": "00-00-f0-c8", "volumeName": "FIR NEW YORK OCEANIC EAST", "icaoID": "KZNY" }, "geometry": { "type": "Polygon", "coordinates": [ [ [ -45.0, 18.000002 ], [ -40.0, 22.300001 ], [ -40.0, 45.000002 ], [ -53.0, 45.000002 ], [ -56.051666, 44.446667 ], [ -60.0, 43.6 ], [ -67.0, 41.866667 ], [ -67.0, 39.000002 ], [ -60.0, 39.0 ], [ -60.0, 20.000002 ], [ -61.499999, 18.000002 ], [ -45.0, 18.000002 ] ] ] } },
{ "type": "Feature", "properties": { "id": "00-00-f0-c9", "volumeName": "FIR NEW YORK OCEANIC WEST", "icaoID": "KZWY" }, "geometry": { "type": "Polygon", "coordinates": [ [ [ -60.0, 39.0 ], [ -67.0, 39.0 ], [ -69.95, 38.333333 ], [ -71.683333, 37.516667 ], [ -72.666667, 37.2275 ], [ -72.66667, 35.1 ], [ -76.816667, 32.2 ], [ -77.0, 32.25 ], [ -77.0, 30.000002 ], [ -76.264444, 27.833333 ], [ -74.833333, 27.833333 ], [ -73.2, 25.0 ], [ -68.492417, 25.0 ], [ -67.650505, 21.239017 ], [ -66.745039, 22.000581 ], [ -65.134722, 22.097222 ], [ -64.0, 22.0 ], [ -61.9, 20.0 ], [ -61.499999, 18.000002 ], [ -60.0, 20.000002 ], [ -60.0, 39.0 ] ] ] } },
{ "type": "Feature", "properties": { "id": "00-00-f0-cb", "volumeName": "FIR NIAMEY", "icaoID": "DRRR" }, "geometry": { "type": "Polygon", "coordinates": [ [ [ 3.12043, 19.132303 ], [ 3.122652, 19.185186 ], [ 3.20058, 19.277083 ], [ 3.178256, 19.359077 ], [ 3.198358, 19.413389 ], [ 3.266123, 19.448494 ], [ 3.231861, 19.584472 ], [ 3.254633, 19.834793 ], [ 3.149007, 19.856721 ], [ 2.976838, 19.951685 ], [ 2.733821, 19.995145 ], [ 2.688725, 20.098928 ], [ 2.665264, 20.050869 ], [ 2.588197, 20.031904 ], [ 2.519915, 20.094674 ], [ 2.470323, 20.098549 ], [ 2.375428, 20.028373 ], [ 2.399819, 20.133172 ], [ 2.317912, 20.21818 ], [ 2.312021, 20.271114 ], [ 2.214542, 20.318725 ], [ 2.12056, 20.238248 ], [ 1.978932, 20.26698 ], [ 1.922484, 20.224312 ], [ 1.883244, 20.296591 ], [ 1.799408, 20.296918 ], [ 1.669287, 20.405128 ], [ 1.667581, 20.529996 ], [ 1.599575, 20.59609 ], [ 1.383809, 20.656603 ], [ 1.316543, 20.740216 ], [ 1.165149, 20.73615 ], [ 1.193588, 20.943252 ], [ 1.155722, 21.124216 ], [ -3.583456, 24.166751 ], [ -3.6, 16.35 ], [ -4.066667, 14.516667 ], [ -4.283333, 12.866667 ], [ -4.8, 12.0 ], [ -5.25, 11.5 ], [ -5.616666, 10.033335 ], [ -2.764464, 9.868789 ], [ -2.752222, 9.963888 ], [ -2.79611, 10.057779 ], [ -2.803333, 10.186388 ], [ -2.752222, 10.260279 ], [ -2.844721, 10.320833 ], [ -2.823889, 10.383333 ], [ -2.768333, 10.416666 ], [ -2.854723, 10.453054 ], [ -2.933056, 10.62361 ], [ -2.906389, 10.687498 ], [ -2.927221, 10.719446 ], [ -2.816111, 10.920832 ], [ -2.831806, 10.994347 ], [ 3.751535, 10.994646 ], [ 3.739168, 11.116667 ], [ 3.697779, 11.124445 ], [ 3.475, 11.429724 ], [ 3.568335, 11.646944 ], [ 3.688334, 11.749723 ], [ 3.668612, 11.812498 ], [ 3.631666, 11.825277 ], [ 3.616945, 11.919722 ], [ 3.671667, 11.975557 ], [ 3.63695, 12.107771 ], [ 3.668615, 12.255552 ], [ 3.657778, 12.528891 ], [ 3.95278, 12.748888 ], [ 4.105001, 12.996389 ], [ 4.139723, 13.177221 ], [ 4.1425, 13.476946 ], [ 4.247778, 13.48139 ], [ 4.469999, 13.686945 ], [ 4.885557, 13.781389 ], [ 4.923613, 13.736387 ], [ 5.289167, 13.752779 ], [ 5.365, 13.847502 ], [ 5.548368, 13.8915 ], [ 6.160833, 13.643057 ], [ 6.285002, 13.683889 ], [ 6.423056, 13.605276 ], [ 6.676668, 13.346666 ], [ 6.806391, 13.108057 ], [ 6.933332, 12.997221 ], [ 7.090555, 12.995279 ], [ 7.218889, 13.125555 ], [ 7.379721, 13.099722 ], [ 7.815001, 13.352777 ], [ 8.122221, 13.30361 ], [ 8.273611, 13.213057 ], [ 8.432394, 13.063776 ], [ 8.541945, 13.074999 ], [ 8.66361, 12.943335 ], [ 8.984999, 12.846666 ], [ 9.313612, 12.813612 ], [ 9.634932, 12.802435 ], [ 9.873056, 13.075277 ], [ 9.914167, 13.07472 ], [ 9.929998, 13.133055 ], [ 10.173056, 13.269724 ], [ 10.749723, 13.388613 ], [ 11.502779, 13.36278 ], [ 11.500002, 23.23123 ], [ 9.859205, 22.294635 ], [ 7.463491, 20.84382 ], [ 5.816667, 19.4375 ], [ 3.392263, 18.961568 ], [ 3.12043, 19.132303 ] ] ] } },
{ "type": "Feature", "properties": { "id": "00-00-f0-cc", "volumeName": "FIR NICOSIA", "icaoID": "LCCC" }, "geometry": { "type": "Polygon", "coordinates": [ [ [ 33.964029, 31.8402 ], [ 33.986031, 31.832073 ], [ 33.966326, 32.086317 ], [ 34.044325, 32.32287 ], [ 34.247881, 32.575956 ], [ 34.53673, 32.727877 ], [ 34.603834, 33.090071 ], [ 34.95, 33.1 ], [ 34.999874, 33.173396 ], [ 34.76092, 33.384184 ], [ 34.612009, 33.676134 ], [ 34.597631, 33.93844 ], [ 34.695898, 34.164427 ], [ 34.852648, 34.354574 ], [ 35.055735, 34.494146 ], [ 35.371084, 34.583666 ], [ 35.631083, 34.559851 ], [ 35.708334, 34.616659 ], [ 35.686323, 34.939642 ], [ 35.714453, 35.1285 ], [ 35.686323, 35.345484 ], [ 35.524088, 35.545488 ], [ 35.666666, 35.916666 ], [ 30.000002, 36.083334 ], [ 30.000002, 33.500002 ], [ 33.964029, 31.8402 ] ] ] } },
{ "type": "Feature", "properties": { "id": "00-00-f0-cd", "volumeName": "FIR NORWAY", "icaoID": "ENOR" }, "geometry": { "type": "Polygon", "coordinates": [ [ [ 31.716665, 70.366667 ], [ 30.000002, 71.000002 ], [ 28.000002, 71.333334 ], [ 25.000002, 71.333334 ], [ 17.988055, 70.475556 ], [ 15.000002, 70.000002 ], [ 9.4225, 67.25 ], [ 7.707778, 66.211111 ], [ 6.840555, 65.618334 ], [ 6.266667, 65.133333 ], [ 5.014722, 64.0 ], [ 4.000002, 63.000002 ], [ 0.0, 63.000002 ], [ 0.0, 60.000002 ], [ 2.610203, 58.516969 ], [ 5.000002, 57.000002 ], [ 7.500002, 57.000002 ], [ 10.500002, 58.500002 ], [ 10.638889, 58.892222 ], [ 11.106943, 58.949999 ], [ 11.183054, 58.984446 ], [ 11.115, 58.991945 ], [ 11.166388, 59.06444 ], [ 11.315001, 59.101389 ], [ 11.429193, 58.987642 ], [ 11.431944, 58.888613 ], [ 11.626665, 58.909166 ], [ 11.681391, 59.025278 ], [ 11.751112, 59.090273 ], [ 11.754446, 59.188051 ], [ 11.798334, 59.245279 ], [ 11.66625, 59.595484 ], [ 11.902777, 59.707773 ], [ 11.891111, 59.794718 ], [ 11.815279, 59.845835 ], [ 11.956945, 59.896944 ], [ 12.140001, 59.88833 ], [ 12.461943, 60.063608 ], [ 12.507502, 60.169443 ], [ 12.48778, 60.295275 ], [ 12.602777, 60.442774 ], [ 12.594446, 60.516939 ], [ 12.510557, 60.589441 ], [ 12.499166, 60.64583 ], [ 12.38611, 60.750834 ], [ 12.319166, 60.884165 ], [ 12.210001, 61.002497 ], [ 12.407778, 61.053888 ], [ 12.655001, 61.062494 ], [ 12.772223, 61.20083 ], [ 12.856112, 61.362497 ], [ 12.530001, 61.566111 ], [ 12.406668, 61.573328 ], [ 12.124445, 61.728609 ], [ 12.295832, 62.261667 ], [ 12.047777, 62.59083 ], [ 12.011946, 62.601389 ], [ 12.089445, 62.749445 ], [ 12.028891, 62.892496 ], [ 12.168612, 63.015833 ], [ 11.936388, 63.272219 ], [ 12.195002, 63.485277 ], [ 12.139444, 63.584162 ], [ 12.274721, 63.65333 ], [ 12.667776, 63.963335 ], [ 12.938055, 64.053331 ], [ 13.230001, 64.09305 ], [ 13.988333, 64.018053 ], [ 14.154722, 64.185823 ], [ 14.116388, 64.470552 ], [ 13.862223, 64.512499 ], [ 13.6625, 64.582766 ], [ 14.268057, 65.071657 ], [ 14.368891, 65.24666 ], [ 14.493055, 65.313601 ], [ 14.500555, 65.585833 ], [ 14.535002, 65.702776 ], [ 14.634722, 65.826937 ], [ 14.504999, 66.132494 ], [ 15.025278, 66.149996 ], [ 15.468054, 66.283876 ], [ 15.36278, 66.479998 ], [ 15.625834, 66.605822 ], [ 16.01, 66.890825 ], [ 16.353888, 67.017778 ], [ 16.405832, 67.163332 ], [ 16.361387, 67.23778 ], [ 16.085833, 67.411654 ], [ 16.192221, 67.500002 ], [ 16.382502, 67.515551 ], [ 16.508333, 67.609163 ], [ 16.576944, 67.665545 ], [ 16.726946, 67.899157 ], [ 17.188334, 68.030275 ], [ 17.273611, 68.090548 ], [ 17.884165, 67.945543 ], [ 18.155279, 68.166109 ], [ 18.045832, 68.409441 ], [ 18.090834, 68.507769 ], [ 18.358057, 68.539156 ], [ 18.611944, 68.475267 ], [ 18.952223, 68.48778 ], [ 19.937777, 68.337496 ], [ 20.211111, 68.48221 ], [ 19.956388, 68.543886 ], [ 20.202501, 68.662218 ], [ 20.350279, 68.786654 ], [ 20.314722, 68.928331 ], [ 20.096945, 69.042223 ], [ 20.548611, 69.06 ], [ 20.738333, 69.096376 ], [ 21.059446, 69.034441 ], [ 21.113054, 69.108049 ], [ 21.05361, 69.140551 ], [ 21.032499, 69.213045 ], [ 21.320833, 69.326113 ], [ 21.681944, 69.284716 ], [ 22.346666, 68.844713 ], [ 22.398333, 68.711107 ], [ 22.550001, 68.73778 ], [ 22.802778, 68.691378 ], [ 23.06389, 68.695543 ], [ 23.225, 68.629717 ], [ 23.692778, 68.712221 ], [ 23.83, 68.829988 ], [ 23.976389, 68.832491 ], [ 24.351389, 68.710543 ], [ 24.754446, 68.660265 ], [ 24.908754, 68.559633 ], [ 24.955229, 68.603914 ], [ 25.103334, 68.634722 ], [ 25.154722, 68.767778 ], [ 25.214445, 68.817492 ], [ 25.431112, 68.890551 ], [ 25.623335, 68.884157 ], [ 25.808889, 69.011385 ], [ 25.732222, 69.109163 ], [ 25.713335, 69.255266 ], [ 25.754999, 69.342211 ], [ 25.833612, 69.384157 ], [ 25.826666, 69.436388 ], [ 25.874166, 69.486376 ], [ 25.852777, 69.546663 ], [ 25.957499, 69.590273 ], [ 25.974165, 69.635271 ], [ 25.941946, 69.667223 ], [ 25.978334, 69.701937 ], [ 26.155832, 69.742495 ], [ 26.378054, 69.854433 ], [ 26.470556, 69.935274 ], [ 26.806581, 69.952059 ], [ 27.068888, 69.908602 ], [ 27.291945, 69.949999 ], [ 27.300001, 69.990557 ], [ 27.599443, 70.072496 ], [ 27.926558, 70.08716 ], [ 27.998056, 69.993608 ], [ 28.152498, 69.915545 ], [ 28.323332, 69.887499 ], [ 28.379721, 69.827501 ], [ 29.106668, 69.70389 ], [ 29.299723, 69.480272 ], [ 28.826944, 69.238054 ], [ 28.781668, 69.149721 ], [ 28.85839, 69.07726 ], [ 29.050023, 69.016677 ], [ 29.200023, 69.066677 ], [ 29.33336, 69.233343 ], [ 29.28336, 69.300007 ], [ 29.53336, 69.316677 ], [ 29.850027, 69.416677 ], [ 29.98336, 69.416677 ], [ 30.13336, 69.483343 ], [ 30.200027, 69.550007 ], [ 30.150027, 69.633343 ], [ 30.100027, 69.650007 ], [ 30.150027, 69.666677 ], [ 30.516694, 69.533343 ], [ 30.850027, 69.550007 ], [ 30.93336, 69.583343 ], [ 30.93336, 69.683343 ], [ 30.833361, 69.800007 ], [ 31.716665, 70.366667 ] ] ] } },
{ "type": "Feature", "properties": { "id": "00-00-f0-ce", "volumeName": "FIR NOVOSIBIRSK", "icaoID": "UNNT" }, "geometry": { "type": "Polygon", "coordinates": [ [ [ 77.383333, 60.95 ], [ 77.033351, 60.849998 ], [ 77.05, 60.716667 ], [ 76.48224, 60.350556 ], [ 73.875459, 59.004578 ], [ 72.800001, 58.16667 ], [ 71.16667, 57.700003 ], [ 69.215525, 55.666746 ], [ 69.168322, 55.400545 ], [ 69.185534, 55.343882 ], [ 69.232759, 55.332499 ], [ 69.351381, 55.394442 ], [ 69.672762, 55.354441 ], [ 69.846102, 55.295 ], [ 69.949144, 55.204165 ], [ 70.055819, 55.207773 ], [ 70.238878, 55.138887 ], [ 70.288042, 55.187212 ], [ 70.398333, 55.209162 ], [ 70.469988, 55.296663 ], [ 70.578325, 55.276384 ], [ 70.679155, 55.313608 ], [ 70.843325, 55.301935 ], [ 70.803316, 55.250834 ], [ 70.997759, 55.095827 ], [ 70.975817, 54.975824 ], [ 70.999712, 54.955553 ], [ 70.968325, 54.893053 ], [ 71.024996, 54.849436 ], [ 71.013048, 54.797495 ], [ 71.105257, 54.736109 ], [ 71.22748, 54.733881 ], [ 71.278872, 54.690271 ], [ 71.288317, 54.634165 ], [ 71.160265, 54.595545 ], [ 71.167208, 54.483606 ], [ 71.195818, 54.471376 ], [ 71.188585, 54.419443 ], [ 71.221651, 54.410273 ], [ 71.21361, 54.32583 ], [ 70.996935, 54.339159 ], [ 70.997759, 54.278048 ], [ 71.074999, 54.27083 ], [ 71.066942, 54.193605 ], [ 71.185534, 54.103327 ], [ 71.257769, 54.126101 ], [ 71.336382, 54.214998 ], [ 71.483324, 54.193605 ], [ 71.501101, 54.113329 ], [ 71.596651, 54.136942 ], [ 71.653597, 54.109995 ], [ 71.749147, 54.154436 ], [ 71.730547, 54.213053 ], [ 71.767763, 54.255274 ], [ 72.032488, 54.235552 ], [ 72.12221, 54.133051 ], [ 72.196093, 54.137499 ], [ 72.205828, 54.199999 ], [ 72.084719, 54.229158 ], [ 72.133883, 54.314997 ], [ 72.045259, 54.363054 ], [ 72.051653, 54.387774 ], [ 72.196932, 54.37388 ], [ 72.360262, 54.244158 ], [ 72.321657, 54.186106 ], [ 72.508883, 54.142771 ], [ 72.378313, 54.087214 ], [ 72.445528, 54.026102 ], [ 72.392488, 53.931108 ], [ 72.468599, 53.908884 ], [ 72.569994, 53.987497 ], [ 72.731096, 53.961664 ], [ 72.669436, 54.063608 ], [ 72.527437, 54.050768 ], [ 72.550539, 54.107775 ], [ 72.613314, 54.145273 ], [ 72.975267, 54.128328 ], [ 73.000551, 54.053606 ], [ 73.05942, 54.043329 ], [ 73.069445, 53.988886 ], [ 73.290819, 53.953882 ], [ 73.397219, 53.948603 ], [ 73.40999, 53.98221 ], [ 73.545824, 53.959436 ], [ 73.541658, 54.015276 ], [ 73.626925, 54.039164 ], [ 73.61165, 54.077494 ], [ 73.763887, 54.065546 ], [ 73.711657, 53.874994 ], [ 73.443041, 53.875826 ], [ 73.414431, 53.835825 ], [ 73.461107, 53.816103 ], [ 73.356371, 53.789721 ], [ 73.329714, 53.693323 ], [ 73.260271, 53.683329 ], [ 73.238588, 53.644442 ], [ 73.281939, 53.613886 ], [ 73.253878, 53.579996 ], [ 73.414431, 53.527773 ], [ 73.370256, 53.466936 ], [ 73.437197, 53.436106 ], [ 73.581667, 53.519716 ], [ 73.600817, 53.573053 ], [ 73.663317, 53.568056 ], [ 73.676928, 53.61944 ], [ 73.811098, 53.59833 ], [ 73.917482, 53.654161 ], [ 74.081377, 53.632212 ], [ 74.08832, 53.573885 ], [ 74.246645, 53.602221 ], [ 74.293596, 53.560823 ], [ 74.283876, 53.527491 ], [ 74.376375, 53.471659 ], [ 74.429155, 53.478601 ], [ 74.483599, 53.584436 ], [ 74.438875, 53.609995 ], [ 74.466387, 53.693323 ], [ 74.646944, 53.688326 ], [ 74.675264, 53.763887 ], [ 74.758333, 53.766939 ], [ 74.789431, 53.836382 ], [ 74.947206, 53.838602 ], [ 75.033876, 53.806658 ], [ 75.457216, 53.994158 ], [ 75.384157, 54.067217 ], [ 75.501101, 54.115274 ], [ 75.691362, 54.110277 ], [ 76.207216, 54.259165 ], [ 76.185534, 54.295549 ], [ 76.238878, 54.358889 ], [ 76.487764, 54.325556 ], [ 76.656939, 54.367769 ], [ 76.675264, 54.429995 ], [ 76.923601, 54.47555 ], [ 76.92499, 54.437494 ], [ 76.778872, 54.394159 ], [ 76.855822, 54.358889 ], [ 76.864992, 54.318056 ], [ 76.721376, 54.153322 ], [ 76.392488, 54.158884 ], [ 76.542757, 53.973322 ], [ 77.523882, 53.506388 ], [ 77.921373, 53.25889 ], [ 78.923037, 52.176386 ], [ 79.536379, 51.449999 ], [ 79.993868, 50.813051 ], [ 80.077959, 50.758089 ], [ 80.109606, 50.763918 ], [ 80.035173, 50.833376 ], [ 80.065447, 50.860598 ], [ 80.172106, 50.829195 ], [ 80.199053, 50.888361 ], [ 80.467913, 50.968233 ], [ 80.486788, 51.058779 ], [ 80.430681, 51.119089 ], [ 80.438723, 51.197969 ], [ 80.63344, 51.214762 ], [ 80.687838, 51.314722 ], [ 80.872255, 51.259035 ], [ 80.932238, 51.283991 ], [ 80.940294, 51.221216 ], [ 81.040834, 51.181437 ], [ 81.183596, 51.1961 ], [ 81.073046, 50.952257 ], [ 81.4247, 50.966387 ], [ 81.421923, 50.927774 ], [ 81.489977, 50.841105 ], [ 81.435259, 50.769159 ], [ 81.46805, 50.74222 ], [ 81.725817, 50.747492 ], [ 81.782763, 50.793329 ], [ 81.828875, 50.768328 ], [ 82.01111, 50.771379 ], [ 82.15027, 50.71055 ], [ 82.356371, 50.759722 ], [ 82.442751, 50.758051 ], [ 82.498873, 50.721102 ], [ 82.720263, 50.810823 ], [ 82.72748, 50.898882 ], [ 82.76111, 50.910822 ], [ 83.009996, 50.889437 ], [ 83.087206, 50.923609 ], [ 83.138597, 51.00194 ], [ 83.456377, 51.002497 ], [ 83.49721, 50.961664 ], [ 83.662493, 50.932497 ], [ 83.731096, 50.885553 ], [ 83.835817, 50.880823 ], [ 83.901659, 50.813883 ], [ 83.97249, 50.801661 ], [ 83.969988, 50.715548 ], [ 84.170534, 50.595827 ], [ 84.166933, 50.557497 ], [ 84.224703, 50.509722 ], [ 84.196932, 50.453051 ], [ 84.262774, 50.354441 ], [ 84.263887, 50.274996 ], [ 84.363039, 50.212214 ], [ 84.473879, 50.256662 ], [ 84.559984, 50.195543 ], [ 84.674425, 50.196939 ], [ 84.736376, 50.146105 ], [ 84.810534, 50.144159 ], [ 84.851931, 50.091661 ], [ 85.014437, 50.07583 ], [ 85.058321, 50.013613 ], [ 84.979158, 49.997774 ], [ 84.97777, 49.912767 ], [ 85.083605, 49.88138 ], [ 85.091936, 49.819719 ], [ 85.210543, 49.715548 ], [ 85.211107, 49.647219 ], [ 85.258608, 49.591379 ], [ 85.403872, 49.623323 ], [ 85.524431, 49.590548 ], [ 85.630816, 49.627489 ], [ 85.690538, 49.56444 ], [ 85.77083, 49.579996 ], [ 85.837206, 49.543886 ], [ 85.969149, 49.566385 ], [ 85.969439, 49.488604 ], [ 86.132753, 49.53277 ], [ 86.191088, 49.47249 ], [ 86.245821, 49.50139 ], [ 86.287493, 49.585825 ], [ 86.505831, 49.676386 ], [ 86.497087, 49.715509 ], [ 86.611101, 49.76111 ], [ 86.616381, 49.79722 ], [ 86.774996, 49.788889 ], [ 86.762774, 49.734438 ], [ 86.800264, 49.702219 ], [ 86.682207, 49.669992 ], [ 86.616655, 49.587214 ], [ 86.846941, 49.521662 ], [ 86.839708, 49.452219 ], [ 86.961657, 49.396662 ], [ 86.926653, 49.353052 ], [ 87.045534, 49.257502 ], [ 87.265551, 49.228045 ], [ 87.304979, 49.206942 ], [ 87.348207, 49.092623 ], [ 87.412203, 49.078333 ], [ 87.714159, 49.164713 ], [ 87.988588, 49.177217 ], [ 88.170534, 49.279718 ], [ 88.131929, 49.368326 ], [ 88.220827, 49.461664 ], [ 88.65082, 49.500551 ], [ 88.730822, 49.45083 ], [ 88.899996, 49.443323 ], [ 88.887499, 49.543612 ], [ 88.928865, 49.546389 ], [ 89.013323, 49.46361 ], [ 89.230547, 49.536661 ], [ 89.197481, 49.611109 ], [ 89.226656, 49.63833 ], [ 89.37221, 49.579721 ], [ 89.459719, 49.649996 ], [ 89.726091, 49.724436 ], [ 89.728594, 49.758608 ], [ 89.654436, 49.789995 ], [ 89.671373, 49.820833 ], [ 89.637499, 49.854998 ], [ 89.450003, 51.000002 ], [ 88.283335, 51.533335 ], [ 89.050001, 52.833334 ], [ 88.66667, 54.583334 ], [ 89.083334, 56.066668 ], [ 88.16667, 57.35 ], [ 87.933332, 58.750002 ], [ 85.554099, 59.858695 ], [ 83.000002, 60.91667 ], [ 80.16667, 60.66667 ], [ 77.383333, 60.95 ] ] ] } },
{ "type": "Feature", "properties": { "id": "00-00-f0-cf", "volumeName": "FIR NUKUS", "icaoID": "UTNR" }, "geometry": { "type": "Polygon", "coordinates": [ [ [ 63.617566, 42.617169 ], [ 61.99894, 43.500034 ], [ 61.149164, 44.2111 ], [ 61.054288, 44.389895 ], [ 58.694842, 45.600202 ], [ 55.997492, 45.001108 ], [ 55.998855, 41.316596 ], [ 56.998862, 41.999954 ], [ 58.832223, 42.499982 ], [ 59.548908, 42.299985 ], [ 59.998923, 41.999982 ], [ 60.248939, 41.333304 ], [ 61.332298, 41.166643 ], [ 62.165659, 40.466635 ], [ 63.9, 41.4 ], [ 62.998993, 41.558333 ], [ 62.99898, 42.378352 ], [ 63.617566, 42.617169 ] ] ] } },
{ "type": "Feature", "properties": { "id": "00-00-f0-d0", "volumeName": "FIR OAKLAND", "icaoID": "KZOA" }, "geometry": { "type": "Polygon", "coordinates": [ [ [ -122.416666, 41.333334 ], [ -123.533333, 41.333334 ], [ -123.533333, 40.387503 ], [ -123.833332, 40.216669 ], [ -125.333333, 40.216667 ], [ -126.9, 40.983335 ], [ -127.0, 40.85 ], [ -127.0, 37.500002 ], [ -126.933332, 36.466665 ], [ -125.83333, 35.500002 ], [ -124.198975, 35.998382 ], [ -123.284121, 34.553875 ], [ -120.85, 35.533335 ], [ -120.116667, 35.750002 ], [ -119.5, 35.633333 ], [ -119.166666, 36.133333 ], [ -118.583332, 36.133333 ], [ -118.583332, 37.200003 ], [ -117.333332, 37.200003 ], [ -117.008333, 37.366667 ], [ -117.075832, 37.441668 ], [ -117.094721, 37.550001 ], [ -117.094721, 37.883333 ], [ -117.266666, 38.083334 ], [ -117.366667, 39.933332 ], [ -119.5, 41.000002 ], [ -121.25, 41.000002 ], [ -122.416666, 41.333334 ] ] ] } },
{ "type": "Feature", "properties": { "id": "00-00-f0-d1", "volumeName": "FIR OAKLAND OCEANIC AM EAST", "icaoID": "KZAK" }, "geometry": { "type": "Polygon", "coordinates": [ [ [ 160.000002, 3.500002 ], [ 180.0, 3.500002 ], [ 180.0, 49.391443 ], [ 162.916666, 45.700003 ], [ 165.000002, 43.000002 ], [ 165.000002, 27.000002 ], [ 155.000002, 27.000002 ], [ 155.000002, 21.000002 ], [ 130.000002, 21.000002 ], [ 130.000002, 7.000002 ], [ 132.533333, 4.0 ], [ 133.000002, 3.500002 ], [ 141.000002, 3.5 ], [ 141.000068, 0.0 ], [ 160.000002, 0.0 ], [ 160.000002, 3.500002 ] ] ] } },
{ "type": "Feature", "properties": { "id": "00-00-f0-d2", "volumeName": "FIR OAKLAND OCEANIC AM WEST", "icaoID": "KZAK" }, "geometry": { "type": "Polygon", "coordinates": [ [ [ -126.933332, 36.466665 ], [ -127.0, 37.500002 ], [ -127.0, 40.85 ], [ -126.9, 40.983335 ], [ -126.50061, 45.001355 ], [ -128.0, 48.333334 ], [ -130.857625, 49.731184 ], [ -133.75, 51.000002 ], [ -135.0, 52.716665 ], [ -137.269378, 53.458083 ], [ -139.365982, 54.083658 ], [ -142.605647, 54.936577 ], [ -146.391924, 55.799834 ], [ -149.338128, 56.367666 ], [ -151.75, 56.766668 ], [ -153.0, 56.000002 ], [ -160.0, 53.500002 ], [ -167.816666, 51.4 ], [ -176.566666, 50.133333 ], [ -179.999989, 49.404673 ], [ -180.0, -5.0 ], [ -155.0, -5.0 ], [ -145.0, 3.500002 ], [ -120.0, 3.500002 ], [ -120.0, 30.000002 ], [ -120.833332, 30.750002 ], [ -124.198975, 35.998382 ], [ -125.833332, 35.500002 ], [ -126.933332, 36.466665 ] ] ] } },
{ "type": "Feature", "properties": { "id": "00-00-f0-d3", "volumeName": "FIR ODESA", "icaoID": "UKOV" }, "geometry": { "type": "Polygon", "coordinates": [ [ [ 33.050001, 47.733335 ], [ 29.884436, 48.191435 ], [ 29.249163, 47.779985 ], [ 29.208052, 47.718042 ], [ 29.19805, 47.612207 ], [ 29.131388, 47.544161 ], [ 29.186663, 47.439981 ], [ 29.252501, 47.455271 ], [ 29.380278, 47.357775 ], [ 29.416388, 47.288324 ], [ 29.478884, 47.294161 ], [ 29.500834, 47.345545 ], [ 29.578882, 47.328608 ], [ 29.600554, 47.271936 ], [ 29.556665, 47.233042 ], [ 29.57305, 47.144709 ], [ 29.496943, 47.118319 ], [ 29.539438, 47.066935 ], [ 29.569715, 47.098597 ], [ 29.613607, 47.084436 ], [ 29.62361, 47.046099 ], [ 29.573606, 46.946093 ], [ 29.949999, 46.814157 ], [ 29.968885, 46.575274 ], [ 29.89554, 46.552462 ], [ 29.898603, 46.529985 ], [ 30.128611, 46.402208 ], [ 29.84833, 46.34833 ], [ 29.733332, 46.478045 ], [ 29.733049, 46.439425 ], [ 29.663328, 46.428598 ], [ 29.67277, 46.391375 ], [ 29.626661, 46.369158 ], [ 29.576105, 46.419992 ], [ 29.49972, 46.432215 ], [ 29.507502, 46.481104 ], [ 29.478331, 46.491938 ], [ 29.393049, 46.416101 ], [ 29.323889, 46.476374 ], [ 29.306665, 46.402208 ], [ 29.224161, 46.365274 ], [ 29.20083, 46.381372 ], [ 29.228331, 46.484713 ], [ 29.203299, 46.54497 ], [ 28.994436, 46.478327 ], [ 28.932219, 46.428324 ], [ 28.964994, 46.31193 ], [ 28.946939, 46.281664 ], [ 29.041105, 46.193872 ], [ 28.957216, 46.105555 ], [ 28.971937, 46.006655 ], [ 28.755835, 45.959986 ], [ 28.754721, 45.838594 ], [ 28.688887, 45.818888 ], [ 28.675276, 45.77527 ], [ 28.583609, 45.763056 ], [ 28.582499, 45.719706 ], [ 28.526941, 45.714151 ], [ 28.489435, 45.664988 ], [ 28.556108, 45.586657 ], [ 28.511389, 45.569155 ], [ 28.522776, 45.517771 ], [ 28.283888, 45.52527 ], [ 28.214842, 45.448648 ], [ 28.279161, 45.430819 ], [ 28.343328, 45.315538 ], [ 28.694715, 45.219988 ], [ 28.79722, 45.234713 ], [ 28.756388, 45.269442 ], [ 28.793886, 45.287767 ], [ 28.792219, 45.32416 ], [ 28.940554, 45.277224 ], [ 28.968054, 45.321108 ], [ 29.217218, 45.424723 ], [ 29.422773, 45.43471 ], [ 29.636946, 45.350267 ], [ 29.670832, 45.287493 ], [ 29.660002, 45.213877 ], [ 29.966665, 45.15 ], [ 30.08, 44.913056 ], [ 30.358333, 44.875 ], [ 32.908329, 46.124998 ], [ 32.883333, 46.766667 ], [ 33.050001, 47.733335 ] ] ] } },
{ "type": "Feature", "properties": { "id": "00-00-f0-d4", "volumeName": "FIR OSH", "icaoID": "UCFO" }, "geometry": { "type": "Polygon", "coordinates": [ [ [ 75.733335, 41.416666 ], [ 74.866667, 41.783335 ], [ 73.116667, 42.200003 ], [ 70.970812, 42.254671 ], [ 70.933332, 42.000002 ], [ 71.066668, 41.583334 ], [ 71.566668, 41.250002 ], [ 72.116667, 41.133333 ], [ 72.583334, 40.66667 ], [ 72.533335, 40.516668 ], [ 71.950003, 40.200003 ], [ 70.783335, 40.1 ], [ 70.549184, 40.033358 ], [ 70.783335, 39.66667 ], [ 69.999176, 39.568344 ], [ 73.65999, 39.452433 ], [ 73.84804, 39.474932 ], [ 73.902483, 39.569658 ], [ 73.956102, 39.597712 ], [ 73.910814, 39.725206 ], [ 73.844439, 39.75577 ], [ 73.845827, 39.810762 ], [ 73.994432, 40.046045 ], [ 74.19803, 40.113825 ], [ 74.3622, 40.099657 ], [ 74.730547, 40.339655 ], [ 74.884432, 40.327715 ], [ 74.810259, 40.419802 ], [ 74.860262, 40.519388 ], [ 75.05887, 40.447718 ], [ 75.161379, 40.470217 ], [ 75.225542, 40.446886 ], [ 75.578051, 40.647997 ], [ 75.622759, 40.597994 ], [ 75.64554, 40.486605 ], [ 75.696642, 40.444941 ], [ 75.661379, 40.398279 ], [ 75.697206, 40.299112 ], [ 75.830828, 40.311884 ], [ 75.733335, 41.416666 ] ] ] } },
{ "type": "Feature", "properties": { "id": "00-00-f0-d5", "volumeName": "FIR PANAMA", "icaoID": "MPZL" }, "geometry": { "type": "Polygon", "coordinates": [ [ [ -77.416666, 15.000002 ], [ -82.25, 15.000002 ], [ -82.816666, 12.9 ], [ -82.555557, 9.537779 ], [ -82.594727, 9.55139 ], [ -82.607788, 9.491667 ], [ -82.664734, 9.495279 ], [ -82.748901, 9.584166 ], [ -82.833069, 9.612223 ], [ -82.875748, 9.558966 ], [ -82.833389, 9.498045 ], [ -82.934723, 9.471666 ], [ -82.930466, 9.063124 ], [ -82.891403, 9.075556 ], [ -82.746948, 8.984446 ], [ -82.711121, 8.922224 ], [ -82.860565, 8.841391 ], [ -82.882782, 8.818888 ], [ -82.863068, 8.800833 ], [ -82.914459, 8.762777 ], [ -82.831955, 8.626665 ], [ -82.829926, 8.474657 ], [ -83.049179, 8.320002 ], [ -82.930847, 8.254721 ], [ -82.885834, 8.100279 ], [ -82.916666, 7.500002 ], [ -82.916666, 4.533335 ], [ -80.0, 4.500002 ], [ -79.049999, 6.266668 ], [ -78.783333, 6.466665 ], [ -78.299999, 6.733335 ], [ -77.889725, 7.228888 ], [ -77.810837, 7.480001 ], [ -77.729172, 7.509722 ], [ -77.746674, 7.722223 ], [ -77.662231, 7.677778 ], [ -77.573898, 7.525278 ], [ -77.328613, 7.704721 ], [ -77.371948, 7.786112 ], [ -77.29834, 7.903612 ], [ -77.146667, 7.943056 ], [ -77.191116, 7.9825 ], [ -77.30751, 8.258612 ], [ -77.361954, 8.282221 ], [ -77.401398, 8.444445 ], [ -77.480011, 8.491667 ], [ -77.416667, 8.583333 ], [ -77.416666, 15.000002 ] ] ] } },
{ "type": "Feature", "properties": { "id": "00-00-f0-d6", "volumeName": "FIR PARAMARIBO", "icaoID": "SMPM" }, "geometry": { "type": "Polygon", "coordinates": [ [ [ -54.186668, 5.3225 ], [ -54.017437, 5.522421 ], [ -54.003288, 5.581148 ], [ -54.0, 9.333334 ], [ -57.0, 8.916666 ], [ -57.0, 5.966667 ], [ -57.135378, 5.855467 ], [ -57.183163, 5.754816 ], [ -57.145546, 5.676531 ], [ -57.257507, 5.466944 ], [ -57.272224, 5.380278 ], [ -57.335556, 5.313334 ], [ -57.287224, 5.310556 ], [ -57.279167, 5.223333 ], [ -57.256393, 5.22278 ], [ -57.263062, 5.267778 ], [ -57.235207, 5.259947 ], [ -57.188614, 5.168612 ], [ -57.228889, 5.140833 ], [ -57.254723, 5.17528 ], [ -57.296951, 5.16028 ], [ -57.323059, 5.069723 ], [ -57.288895, 5.016668 ], [ -57.42028, 4.989168 ], [ -57.676392, 5.012503 ], [ -57.771393, 4.922777 ], [ -57.841118, 4.927778 ], [ -57.926392, 4.804998 ], [ -57.838615, 4.654722 ], [ -57.958893, 4.403334 ], [ -57.953896, 4.287779 ], [ -58.071396, 4.152224 ], [ -58.047226, 4.008333 ], [ -57.876671, 3.809168 ], [ -57.835838, 3.664999 ], [ -57.734726, 3.610277 ], [ -57.654449, 3.51861 ], [ -57.653893, 3.367224 ], [ -57.503334, 3.351389 ], [ -57.480835, 3.323889 ], [ -57.410561, 3.382502 ], [ -57.350281, 3.355001 ], [ -57.301392, 3.377501 ], [ -57.285278, 3.143888 ], [ -57.241112, 3.138056 ], [ -57.211113, 2.928057 ], [ -57.179169, 2.914446 ], [ -57.213341, 2.878889 ], [ -57.201393, 2.82139 ], [ -57.098061, 2.749166 ], [ -56.917778, 2.428057 ], [ -56.928062, 2.391947 ], [ -56.871117, 2.34889 ], [ -56.878334, 2.297777 ], [ -56.806396, 2.250834 ], [ -56.810562, 2.193335 ], [ -56.691872, 2.028742 ], [ -56.562782, 2.02389 ], [ -56.470634, 1.944502 ], [ -56.037224, 1.836946 ], [ -55.938614, 1.858889 ], [ -55.899445, 1.901945 ], [ -55.90139, 2.045279 ], [ -56.036392, 2.1775 ], [ -56.042503, 2.232779 ], [ -56.138062, 2.266947 ], [ -56.089172, 2.35528 ], [ -56.04528, 2.344446 ], [ -55.991951, 2.407499 ], [ -55.965836, 2.532778 ], [ -55.710281, 2.399168 ], [ -55.584724, 2.438334 ], [ -55.380005, 2.428057 ], [ -55.322502, 2.516947 ], [ -55.241394, 2.499166 ], [ -55.138062, 2.573889 ], [ -55.111946, 2.527224 ], [ -54.948334, 2.617502 ], [ -54.972229, 2.554724 ], [ -54.8675, 2.440279 ], [ -54.698059, 2.458891 ], [ -54.695282, 2.331388 ], [ -54.646667, 2.318335 ], [ -54.573891, 2.354723 ], [ -54.523895, 2.336111 ], [ -54.483612, 2.428057 ], [ -54.426674, 2.427221 ], [ -54.36834, 2.492224 ], [ -54.173889, 2.847502 ], [ -54.19445, 2.872225 ], [ -54.160835, 2.950834 ], [ -54.189728, 3.057779 ], [ -54.169174, 3.089167 ], [ -54.206116, 3.145277 ], [ -54.001114, 3.448336 ], [ -54.013062, 3.540834 ], [ -53.984169, 3.593889 ], [ -54.008896, 3.636389 ], [ -54.052505, 3.632223 ], [ -54.123894, 3.785555 ], [ -54.190559, 3.808611 ], [ -54.358063, 4.030279 ], [ -54.331673, 4.142221 ], [ -54.406952, 4.190279 ], [ -54.396393, 4.294168 ], [ -54.452225, 4.509165 ], [ -54.420006, 4.593332 ], [ -54.435837, 4.714167 ], [ -54.477501, 4.747778 ], [ -54.486389, 4.898611 ], [ -54.449173, 4.943609 ], [ -54.45417, 5.009722 ], [ -54.290283, 5.248056 ], [ -54.186668, 5.3225 ] ] ] } },
{ "type": "Feature", "properties": { "id": "00-00-f0-d7", "volumeName": "FIR PARIS", "icaoID": "LFFF" }, "geometry": { "type": "Polygon", "coordinates": [ [ [ 2.644167, 50.816385 ], [ 2.603334, 50.852777 ], [ 2.593611, 50.918886 ], [ 2.630835, 50.954721 ], [ 2.541666, 51.091112 ], [ 2.000002, 51.116667 ], [ 1.466669, 51.000002 ], [ 1.466669, 50.666666 ], [ -0.25, 50.000002 ], [ -0.25, 47.166666 ], [ 2.000002, 47.166666 ], [ 2.833334, 46.750002 ], [ 2.916666, 46.333334 ], [ 3.266668, 46.500002 ], [ 4.833334, 46.500002 ], [ 4.333334, 47.416666 ], [ 5.166666, 48.166666 ], [ 5.733335, 48.250002 ], [ 4.800001, 48.950003 ], [ 5.999445, 49.453608 ], [ 5.7675, 49.557222 ], [ 5.477499, 49.504168 ], [ 5.43778, 49.6 ], [ 5.357222, 49.63389 ], [ 5.315001, 49.618608 ], [ 5.329721, 49.659998 ], [ 5.276114, 49.69861 ], [ 5.174723, 49.696939 ], [ 5.105276, 49.764444 ], [ 4.996668, 49.8025 ], [ 4.860003, 49.793329 ], [ 4.85111, 49.863886 ], [ 4.881109, 49.914721 ], [ 4.80028, 49.969446 ], [ 4.853334, 50.095552 ], [ 4.881109, 50.094446 ], [ 4.882776, 50.154718 ], [ 4.814722, 50.165834 ], [ 4.696947, 50.09083 ], [ 4.673613, 49.996386 ], [ 4.510557, 49.947496 ], [ 4.203054, 49.961939 ], [ 4.149237, 49.978373 ], [ 4.14361, 50.020555 ], [ 4.230001, 50.074717 ], [ 4.201391, 50.132219 ], [ 4.137777, 50.137774 ], [ 4.2125, 50.267778 ], [ 4.168612, 50.285555 ], [ 4.149725, 50.257776 ], [ 4.033178, 50.356432 ], [ 3.906946, 50.329721 ], [ 3.768888, 50.353334 ], [ 3.706388, 50.306108 ], [ 3.663057, 50.366388 ], [ 3.670557, 50.440828 ], [ 3.620157, 50.490046 ], [ 3.51111, 50.490831 ], [ 3.5175, 50.522501 ], [ 3.481112, 50.532495 ], [ 3.367224, 50.495554 ], [ 3.280001, 50.538332 ], [ 3.25028, 50.704721 ], [ 3.149725, 50.789995 ], [ 2.954721, 50.757219 ], [ 2.903913, 50.69665 ], [ 2.788057, 50.733889 ], [ 2.715277, 50.816111 ], [ 2.644167, 50.816385 ] ] ] } },
{ "type": "Feature", "properties": { "id": "00-00-f0-d8", "volumeName": "FIR PERM", "icaoID": "USPP" }, "geometry": { "type": "Polygon", "coordinates": [ [ [ 56.083333, 56.5 ], [ 56.983333, 57.416667 ], [ 58.616667, 57.85 ], [ 57.216667, 61.166667 ], [ 55.7, 60.716667 ], [ 52.000014, 60.000001 ], [ 52.183069, 57.406945 ], [ 52.200013, 56.416667 ], [ 53.66668, 56.5 ], [ 56.083333, 56.5 ] ] ] } },
{ "type": "Feature", "properties": { "id": "00-00-f0-d9", "volumeName": "FIR PETROPAVLOVSK KAMCHATSKY E", "icaoID": "UHPP" }, "geometry": { "type": "Polygon", "coordinates": [ [ [ 159.000002, 50.083334 ], [ 160.596802, 50.814945 ], [ 163.625762, 52.08643 ], [ 166.498083, 53.16043 ], [ 169.0, 54.0 ], [ 170.200003, 54.816668 ], [ 171.665104, 55.732806 ], [ 173.12832, 56.599815 ], [ 174.746519, 57.495297 ], [ 177.561002, 58.908473 ], [ 180.0, 60.000001 ], [ 180.0, 61.500398 ], [ 175.645759, 61.835371 ], [ 171.211659, 62.044468 ], [ 166.737475, 62.109704 ], [ 164.250005, 62.083322 ], [ 162.130203, 61.328679 ], [ 159.621755, 60.382658 ], [ 155.962785, 58.918044 ], [ 154.664175, 58.350616 ], [ 152.187479, 57.161397 ], [ 150.000008, 55.999989 ], [ 150.000002, 45.000002 ], [ 159.000002, 50.083334 ] ] ] } },
{ "type": "Feature", "properties": { "id": "00-00-f0-da", "volumeName": "FIR PETROPAVLOVSK KAMCHATSKY W", "icaoID": "UHPP" }, "geometry": { "type": "Polygon", "coordinates": [ [ [ -177.751667, 61.336655 ], [ -180.0, 61.485578 ], [ -180.0, 60.000002 ], [ -179.023778, 60.59486 ], [ -177.751667, 61.336655 ] ] ] } },
{ "type": "Feature", "properties": { "id": "00-00-f0-db", "volumeName": "FIR PHNOM PENH", "icaoID": "VDPP" }, "geometry": { "type": "Polygon", "coordinates": [ [ [ 107.556093, 14.645555 ], [ 107.546602, 14.70862 ], [ 107.429979, 14.545279 ], [ 107.304155, 14.603052 ], [ 107.253603, 14.506666 ], [ 107.204165, 14.502501 ], [ 107.121096, 14.405279 ], [ 107.050264, 14.443056 ], [ 106.980822, 14.33111 ], [ 106.909151, 14.343054 ], [ 106.853594, 14.303053 ], [ 106.733599, 14.442499 ], [ 106.629969, 14.464998 ], [ 106.571665, 14.513613 ], [ 106.540743, 14.598726 ], [ 106.469149, 14.559164 ], [ 106.483049, 14.519999 ], [ 106.433321, 14.523333 ], [ 106.408335, 14.456388 ], [ 106.331102, 14.444723 ], [ 106.253885, 14.494444 ], [ 106.216379, 14.376944 ], [ 106.097765, 14.381388 ], [ 106.058596, 14.351664 ], [ 106.004709, 14.373053 ], [ 106.033869, 14.237219 ], [ 106.105822, 14.182222 ], [ 106.175539, 14.064722 ], [ 106.108324, 13.993608 ], [ 106.08777, 13.92 ], [ 105.91028, 13.932844 ], [ 105.796946, 14.026388 ], [ 105.783602, 14.081388 ], [ 105.669146, 14.123053 ], [ 105.643335, 14.106943 ], [ 105.55913, 14.168325 ], [ 105.470263, 14.113611 ], [ 105.364153, 14.109442 ], [ 105.209993, 14.284445 ], [ 105.210604, 14.349649 ], [ 105.178041, 14.342775 ], [ 105.146654, 14.246386 ], [ 105.069445, 14.218332 ], [ 104.992754, 14.317221 ], [ 105.00194, 14.383333 ], [ 104.812479, 14.446943 ], [ 104.735811, 14.410276 ], [ 104.72304, 14.438055 ], [ 104.687479, 14.408335 ], [ 104.64554, 14.430277 ], [ 104.575548, 14.365274 ], [ 104.509165, 14.380831 ], [ 104.47304, 14.356943 ], [ 104.278589, 14.408888 ], [ 104.22304, 14.381941 ], [ 104.205553, 14.413057 ], [ 104.166933, 14.369997 ], [ 104.128862, 14.385557 ], [ 104.029985, 14.344442 ], [ 103.945826, 14.368608 ], [ 103.922213, 14.339167 ], [ 103.844995, 14.380552 ], [ 103.706102, 14.387777 ], [ 103.695826, 14.440001 ], [ 103.659151, 14.447779 ], [ 103.618593, 14.406111 ], [ 103.572489, 14.425554 ], [ 103.466928, 14.371664 ], [ 103.441935, 14.394999 ], [ 103.39583, 14.358889 ], [ 103.143885, 14.317221 ], [ 102.959993, 14.205 ], [ 102.903589, 14.022223 ], [ 102.791658, 13.936945 ], [ 102.724428, 13.765833 ], [ 102.561655, 13.678888 ], [ 102.622759, 13.606943 ], [ 102.538309, 13.569166 ], [ 102.341372, 13.557775 ], [ 102.345545, 13.277498 ], [ 102.417215, 13.116941 ], [ 102.518885, 12.998331 ], [ 102.489702, 12.936388 ], [ 102.53499, 12.805277 ], [ 102.503885, 12.680834 ], [ 102.63611, 12.60111 ], [ 102.787775, 12.440001 ], [ 102.741365, 12.363054 ], [ 102.716379, 12.165556 ], [ 102.847475, 11.835833 ], [ 102.913858, 11.752222 ], [ 102.924685, 11.661943 ], [ 102.2535, 9.998 ], [ 102.543669, 8.837268 ], [ 103.896458, 10.651939 ], [ 104.501925, 10.413332 ], [ 104.595255, 10.533335 ], [ 104.871904, 10.526388 ], [ 104.961359, 10.638334 ], [ 105.094706, 10.711111 ], [ 105.037195, 10.88389 ], [ 105.096079, 10.953054 ], [ 105.114695, 10.917776 ], [ 105.276644, 10.888613 ], [ 105.347475, 10.842775 ], [ 105.427195, 10.96472 ], [ 105.543299, 10.948053 ], [ 105.779139, 11.022776 ], [ 105.872469, 10.85 ], [ 105.933031, 10.833609 ], [ 105.957476, 10.9 ], [ 106.082201, 10.802778 ], [ 106.20331, 10.770555 ], [ 106.145815, 10.915556 ], [ 106.152765, 10.974443 ], [ 106.214418, 10.975557 ], [ 106.190805, 11.053053 ], [ 106.159128, 11.093889 ], [ 106.109972, 11.061388 ], [ 106.008326, 11.189444 ], [ 105.94858, 11.202497 ], [ 105.869692, 11.296946 ], [ 105.901644, 11.438334 ], [ 105.881914, 11.545279 ], [ 105.814974, 11.609163 ], [ 105.851068, 11.659998 ], [ 105.961908, 11.643057 ], [ 106.046358, 11.777224 ], [ 106.260805, 11.726389 ], [ 106.305529, 11.677778 ], [ 106.390535, 11.698053 ], [ 106.458216, 11.665865 ], [ 106.422472, 11.760557 ], [ 106.469706, 11.870832 ], [ 106.420244, 11.973608 ], [ 106.719973, 11.969721 ], [ 106.789202, 12.073462 ], [ 106.981371, 12.086111 ], [ 107.166933, 12.277777 ], [ 107.350275, 12.333609 ], [ 107.434145, 12.251944 ], [ 107.555819, 12.37361 ], [ 107.59305, 12.603888 ], [ 107.569445, 12.795832 ], [ 107.51082, 12.879442 ], [ 107.483324, 13.020555 ], [ 107.636385, 13.381666 ], [ 107.628862, 13.542776 ], [ 107.533052, 13.721945 ], [ 107.461115, 13.792498 ], [ 107.481936, 13.910276 ], [ 107.45804, 13.985277 ], [ 107.380816, 14.006388 ], [ 107.341661, 14.124441 ], [ 107.383615, 14.23361 ], [ 107.378038, 14.352777 ], [ 107.416094, 14.429445 ], [ 107.483599, 14.438055 ], [ 107.556093, 14.645555 ] ] ] } },
{ "type": "Feature", "properties": { "id": "00-00-f0-dc", "volumeName": "FIR PIARCO", "icaoID": "TTZP" }, "geometry": { "type": "Polygon", "coordinates": [ [ [ -48.0, 10.000002 ], [ -42.126623, 12.016854 ], [ -37.5, 13.500002 ], [ -37.5, 17.000002 ], [ -40.0, 22.300001 ], [ -45.0, 18.000002 ], [ -62.0, 18.000002 ], [ -63.0, 17.366667 ], [ -63.0, 15.333334 ], [ -63.25, 15.000002 ], [ -65.0, 15.000002 ], [ -62.5, 11.000002 ], [ -61.783333, 10.733335 ], [ -62.049999, 10.083334 ], [ -61.933332, 9.983335 ], [ -61.466665, 9.983335 ], [ -59.949999, 8.916666 ], [ -57.0, 8.916666 ], [ -54.0, 9.333334 ], [ -48.0, 10.000002 ] ] ] } },
{ "type": "Feature", "properties": { "id": "00-00-f0-dd", "volumeName": "FIR PORT AU PRINCE", "icaoID": "MTEG" }, "geometry": { "type": "Polygon", "coordinates": [ [ [ -71.670494, 19.105047 ], [ -71.629181, 19.219721 ], [ -71.696121, 19.241667 ], [ -71.766678, 19.331945 ], [ -71.698624, 19.400278 ], [ -71.691956, 19.498335 ], [ -71.777237, 19.772779 ], [ -71.666666, 20.416666 ], [ -73.0, 20.416666 ], [ -73.333332, 20.000002 ], [ -75.0, 18.500002 ], [ -73.0, 17.000002 ], [ -71.666666, 17.000002 ], [ -71.767868, 18.038504 ], [ -71.744736, 18.13389 ], [ -71.76918, 18.202223 ], [ -71.694733, 18.322222 ], [ -71.907501, 18.437777 ], [ -71.88501, 18.477221 ], [ -72.003067, 18.600832 ], [ -71.83168, 18.622499 ], [ -71.72612, 18.716112 ], [ -71.716949, 18.879721 ], [ -71.788895, 18.962778 ], [ -71.856049, 18.94784 ], [ -71.670494, 19.105047 ] ] ] } },
{ "type": "Feature", "properties": { "id": "00-00-f0-de", "volumeName": "FIR PORT MORESBY", "icaoID": "AYPM" }, "geometry": { "type": "Polygon", "coordinates": [ [ [ 142.273333, -9.231667 ], [ 142.495, -9.368333 ], [ 142.558333, -9.376667 ], [ 143.866667, -9.133333 ], [ 144.233335, -9.4 ], [ 144.083334, -9.949999 ], [ 143.926667, -10.225 ], [ 144.050727, -10.960836 ], [ 144.033335, -11.5 ], [ 144.066668, -11.716665 ], [ 144.000002, -12.0 ], [ 155.000002, -12.0 ], [ 155.000002, -7.316666 ], [ 155.6, -6.933332 ], [ 155.700003, -6.933332 ], [ 155.916666, -6.85 ], [ 156.033335, -6.666666 ], [ 156.033335, -6.549999 ], [ 159.000002, -4.833332 ], [ 160.000002, -4.833332 ], [ 160.000002, 0.0 ], [ 141.000068, 0.0 ], [ 141.000002, -9.616665 ], [ 142.050001, -9.266666 ], [ 142.143333, -9.198333 ], [ 142.235, -9.193333 ], [ 142.273333, -9.231667 ] ] ] } },
{ "type": "Feature", "properties": { "id": "00-00-f0-df", "volumeName": "FIR PRAHA", "icaoID": "LKAA" }, "geometry": { "type": "Polygon", "coordinates": [ [ [ 14.344168, 51.039721 ], [ 14.302778, 51.051386 ], [ 14.254999, 50.990274 ], [ 14.403612, 50.932497 ], [ 14.39361, 50.894724 ], [ 14.246946, 50.88611 ], [ 14.071112, 50.809168 ], [ 13.907778, 50.790552 ], [ 13.900278, 50.745554 ], [ 13.858889, 50.724161 ], [ 13.555834, 50.708055 ], [ 13.463888, 50.600275 ], [ 13.379999, 50.64139 ], [ 13.320833, 50.58111 ], [ 13.248056, 50.588335 ], [ 13.191111, 50.503611 ], [ 13.027224, 50.500002 ], [ 12.985559, 50.418329 ], [ 12.818888, 50.454439 ], [ 12.705832, 50.396944 ], [ 12.51861, 50.393885 ], [ 12.325556, 50.236109 ], [ 12.326666, 50.168055 ], [ 12.278612, 50.188051 ], [ 12.256388, 50.266108 ], [ 12.197222, 50.27389 ], [ 12.177221, 50.318056 ], [ 12.093706, 50.322535 ], [ 12.136667, 50.275553 ], [ 12.098333, 50.244165 ], [ 12.188612, 50.194162 ], [ 12.192499, 50.131662 ], [ 12.260832, 50.053606 ], [ 12.471109, 49.985834 ], [ 12.494722, 49.972773 ], [ 12.47611, 49.940554 ], [ 12.544168, 49.918055 ], [ 12.467501, 49.782221 ], [ 12.402777, 49.742495 ], [ 12.515554, 49.679445 ], [ 12.519724, 49.62694 ], [ 12.562498, 49.614443 ], [ 12.593054, 49.531389 ], [ 12.638334, 49.522776 ], [ 12.664721, 49.429163 ], [ 12.744722, 49.400278 ], [ 12.795557, 49.339724 ], [ 12.945555, 49.339441 ], [ 13.026945, 49.298334 ], [ 13.030554, 49.26333 ], [ 13.173056, 49.167223 ], [ 13.178888, 49.133608 ], [ 13.322779, 49.09833 ], [ 13.395277, 49.05028 ], [ 13.401667, 48.993334 ], [ 13.482222, 48.949717 ], [ 13.521112, 48.978884 ], [ 13.62639, 48.953333 ], [ 13.677778, 48.884165 ], [ 13.740835, 48.881662 ], [ 13.815554, 48.77833 ], [ 14.007223, 48.710276 ], [ 14.0525, 48.668329 ], [ 14.017778, 48.639444 ], [ 14.068056, 48.601107 ], [ 14.340555, 48.556391 ], [ 14.430834, 48.595552 ], [ 14.469168, 48.649996 ], [ 14.560835, 48.61278 ], [ 14.615, 48.628054 ], [ 14.700281, 48.581381 ], [ 14.72611, 48.691942 ], [ 14.801111, 48.733057 ], [ 14.815832, 48.783884 ], [ 14.971109, 48.77389 ], [ 14.978056, 48.977221 ], [ 15.025835, 49.018885 ], [ 15.156668, 48.99972 ], [ 15.159723, 48.944719 ], [ 15.263334, 48.953333 ], [ 15.290556, 48.99444 ], [ 15.688612, 48.863329 ], [ 15.839998, 48.879168 ], [ 16.103334, 48.750002 ], [ 16.37639, 48.734446 ], [ 16.457499, 48.811945 ], [ 16.543612, 48.811945 ], [ 16.655832, 48.787775 ], [ 16.695002, 48.734446 ], [ 16.885855, 48.730494 ], [ 16.946184, 48.619066 ], [ 17.044168, 48.771387 ], [ 17.18791, 48.869448 ], [ 17.390276, 48.822779 ], [ 17.476667, 48.852495 ], [ 17.538889, 48.815554 ], [ 17.712221, 48.856112 ], [ 17.806391, 48.926386 ], [ 17.890276, 48.926943 ], [ 17.928335, 49.016939 ], [ 18.065279, 49.03583 ], [ 18.121946, 49.082773 ], [ 18.212778, 49.288057 ], [ 18.379446, 49.330278 ], [ 18.420279, 49.371111 ], [ 18.405832, 49.396944 ], [ 18.469168, 49.407221 ], [ 18.562223, 49.493891 ], [ 18.744722, 49.483057 ], [ 18.862223, 49.539721 ], [ 18.809999, 49.67444 ], [ 18.63389, 49.718889 ], [ 18.57472, 49.823053 ], [ 18.611944, 49.859446 ], [ 18.575556, 49.873888 ], [ 18.577223, 49.914446 ], [ 18.51222, 49.899996 ], [ 18.354166, 49.93944 ], [ 18.319723, 49.911943 ], [ 18.19639, 49.991663 ], [ 18.10861, 49.99972 ], [ 18.041945, 50.059168 ], [ 18.013334, 50.047495 ], [ 18.05028, 50.005556 ], [ 17.882776, 49.976946 ], [ 17.786665, 50.02305 ], [ 17.750002, 50.102221 ], [ 17.657778, 50.108057 ], [ 17.598612, 50.161661 ], [ 17.762499, 50.205553 ], [ 17.733889, 50.260279 ], [ 17.753054, 50.297777 ], [ 17.722776, 50.319719 ], [ 17.656668, 50.269999 ], [ 17.441946, 50.247774 ], [ 17.405279, 50.280275 ], [ 17.360834, 50.265001 ], [ 17.353888, 50.322496 ], [ 17.283609, 50.320276 ], [ 17.202223, 50.387217 ], [ 16.890276, 50.43944 ], [ 16.869444, 50.405275 ], [ 16.943335, 50.316385 ], [ 17.014166, 50.287218 ], [ 17.030001, 50.229441 ], [ 16.85, 50.203333 ], [ 16.725279, 50.099718 ], [ 16.641943, 50.108332 ], [ 16.563612, 50.164721 ], [ 16.54611, 50.229166 ], [ 16.441389, 50.316668 ], [ 16.390001, 50.322779 ], [ 16.361666, 50.377222 ], [ 16.282499, 50.36722 ], [ 16.205832, 50.423883 ], [ 16.310835, 50.504168 ], [ 16.368334, 50.498606 ], [ 16.448057, 50.572779 ], [ 16.341944, 50.661112 ], [ 16.237501, 50.670557 ], [ 16.187777, 50.628885 ], [ 16.10861, 50.660555 ], [ 16.058054, 50.6075 ], [ 16.009722, 50.602495 ], [ 15.993334, 50.683886 ], [ 15.870554, 50.67 ], [ 15.815554, 50.749445 ], [ 15.694723, 50.73694 ], [ 15.437498, 50.811106 ], [ 15.379721, 50.779444 ], [ 15.364168, 50.841387 ], [ 15.283335, 50.890833 ], [ 15.295279, 50.954165 ], [ 15.239443, 50.991945 ], [ 15.182222, 50.979441 ], [ 15.172777, 51.018885 ], [ 15.1425, 50.989168 ], [ 15.021944, 51.028055 ], [ 14.981668, 51.002779 ], [ 15.020555, 50.967775 ], [ 15.005278, 50.86722 ], [ 14.875277, 50.87472 ], [ 14.828333, 50.865831 ], [ 14.801668, 50.818888 ], [ 14.719999, 50.820833 ], [ 14.619165, 50.8575 ], [ 14.649721, 50.926668 ], [ 14.567221, 50.917772 ], [ 14.597223, 50.9825 ], [ 14.505278, 51.017496 ], [ 14.508303, 51.043024 ], [ 14.415556, 51.019724 ], [ 14.344168, 51.039721 ] ] ] } },
{ "type": "Feature", "properties": { "id": "00-00-f0-e0", "volumeName": "FIR PUERTO MONTT", "icaoID": "SCTZ" }, "geometry": { "type": "Polygon", "coordinates": [ [ [ -70.925842, -38.7425 ], [ -70.860001, -38.688057 ], [ -70.876678, -38.638893 ], [ -70.824173, -38.568062 ], [ -70.880844, -38.498894 ], [ -90.0, -38.5 ], [ -90.0, -47.0 ], [ -71.904724, -47.000839 ], [ -71.960556, -46.950005 ], [ -71.924728, -46.850563 ], [ -71.940292, -46.815559 ], [ -71.808899, -46.784172 ], [ -71.66806, -46.673058 ], [ -71.670288, -46.535004 ], [ -71.748901, -46.386116 ], [ -71.747513, -46.242783 ], [ -71.906403, -46.153893 ], [ -71.760284, -46.114174 ], [ -71.601669, -45.974724 ], [ -71.637512, -45.892227 ], [ -71.758896, -45.84417 ], [ -71.738342, -45.790283 ], [ -71.792511, -45.732506 ], [ -71.780563, -45.648895 ], [ -71.732788, -45.598892 ], [ -71.756668, -45.562782 ], [ -71.502502, -45.515556 ], [ -71.467514, -45.477501 ], [ -71.506393, -45.411392 ], [ -71.373337, -45.369446 ], [ -71.296677, -45.30584 ], [ -71.330002, -45.22834 ], [ -71.453613, -45.159172 ], [ -71.573624, -44.979446 ], [ -71.674728, -44.980278 ], [ -71.753342, -44.931946 ], [ -71.883896, -44.948616 ], [ -72.06279, -44.905556 ], [ -72.080841, -44.774727 ], [ -72.042511, -44.754173 ], [ -71.849457, -44.79306 ], [ -71.770004, -44.753891 ], [ -71.653625, -44.782784 ], [ -71.500839, -44.743057 ], [ -71.282227, -44.800285 ], [ -71.223618, -44.745003 ], [ -71.233337, -44.662781 ], [ -71.197235, -44.596947 ], [ -71.134735, -44.583893 ], [ -71.108063, -44.539726 ], [ -71.203613, -44.426949 ], [ -71.712784, -44.386948 ], [ -71.816116, -44.406113 ], [ -71.855011, -44.371674 ], [ -71.793335, -44.318611 ], [ -71.82251, -44.265282 ], [ -71.796677, -44.197502 ], [ -71.852509, -44.105278 ], [ -71.758057, -44.071671 ], [ -71.647232, -43.918617 ], [ -71.755569, -43.825562 ], [ -71.737503, -43.77195 ], [ -71.791397, -43.782227 ], [ -71.811401, -43.749168 ], [ -71.698624, -43.687225 ], [ -71.702789, -43.59584 ], [ -71.780014, -43.54834 ], [ -71.869736, -43.540283 ], [ -71.858337, -43.462227 ], [ -71.946671, -43.447227 ], [ -71.89418, -43.323059 ], [ -71.743347, -43.302223 ], [ -71.732788, -43.188057 ], [ -71.836395, -43.13195 ], [ -72.05278, -43.104729 ], [ -72.13945, -42.991394 ], [ -72.101959, -42.854729 ], [ -72.139175, -42.587502 ], [ -72.109451, -42.525002 ], [ -72.025848, -42.477501 ], [ -72.071671, -42.429726 ], [ -72.047791, -42.356674 ], [ -72.131393, -42.281952 ], [ -72.012222, -42.131111 ], [ -71.963898, -42.127502 ], [ -71.913895, -42.178062 ], [ -71.725571, -42.091118 ], [ -71.785278, -41.866112 ], [ -71.918335, -41.64473 ], [ -71.840012, -41.575279 ], [ -71.877792, -41.522507 ], [ -71.864792, -41.441583 ], [ -71.899971, -41.358612 ], [ -71.837471, -40.95945 ], [ -71.950249, -40.721115 ], [ -71.844429, -40.616394 ], [ -71.856362, -40.555 ], [ -71.791924, -40.415283 ], [ -71.720253, -40.42778 ], [ -71.664421, -40.336113 ], [ -71.67025, -40.294724 ], [ -71.703041, -40.27639 ], [ -71.729149, -40.301117 ], [ -71.818032, -40.20723 ], [ -71.806649, -40.093613 ], [ -71.666085, -40.098061 ], [ -71.673592, -40.016113 ], [ -71.606926, -39.912506 ], [ -71.669976, -39.857224 ], [ -71.704979, -39.73278 ], [ -71.693306, -39.578613 ], [ -71.666946, -39.565002 ], [ -71.599421, -39.621095 ], [ -71.509972, -39.619446 ], [ -71.488594, -39.593056 ], [ -71.486367, -39.557503 ], [ -71.541375, -39.531395 ], [ -71.47387, -39.478615 ], [ -71.449425, -39.432503 ], [ -71.471093, -39.388062 ], [ -71.402474, -39.327225 ], [ -71.408593, -38.930283 ], [ -71.226647, -38.803062 ], [ -71.138039, -38.79834 ], [ -71.048027, -38.746674 ], [ -70.925842, -38.7425 ] ] ] } },
{ "type": "Feature", "properties": { "id": "00-00-f0-e1", "volumeName": "FIR PUNTA ARENAS", "icaoID": "SCCZ" }, "geometry": { "type": "Polygon", "coordinates": [ [ [ -71.855011, -47.188339 ], [ -71.864456, -47.137505 ], [ -71.996674, -47.061111 ], [ -71.904724, -47.000839 ], [ -90.0, -47.0 ], [ -90.0, -90.0 ], [ -53.0, -90.0 ], [ -53.0, -58.35 ], [ -67.266666, -58.35 ], [ -67.266666, -56.366665 ], [ -65.733332, -56.383333 ], [ -65.733332, -55.366665 ], [ -66.133333, -55.166666 ], [ -66.630619, -55.142059 ], [ -66.833332, -55.0 ], [ -67.270449, -54.910831 ], [ -68.639101, -54.916906 ], [ -68.618622, -52.650558 ], [ -68.435562, -52.382225 ], [ -68.434174, -52.32917 ], [ -68.828613, -52.279724 ], [ -69.233612, -52.143333 ], [ -69.461395, -52.143616 ], [ -69.998337, -51.996391 ], [ -71.912048, -51.99791 ], [ -71.962509, -51.960281 ], [ -71.939453, -51.898895 ], [ -71.9664, -51.848618 ], [ -72.135559, -51.740005 ], [ -72.285568, -51.699173 ], [ -72.330841, -51.587227 ], [ -72.439453, -51.559723 ], [ -72.339447, -51.475838 ], [ -72.309174, -51.302223 ], [ -72.245285, -51.244446 ], [ -72.371674, -51.164726 ], [ -72.397781, -51.114174 ], [ -72.341125, -51.036667 ], [ -72.266953, -51.017227 ], [ -72.242233, -50.851112 ], [ -72.341675, -50.743896 ], [ -72.294174, -50.649727 ], [ -72.501114, -50.60334 ], [ -72.62973, -50.673058 ], [ -72.758347, -50.618896 ], [ -72.906113, -50.667503 ], [ -73.018066, -50.749451 ], [ -73.144455, -50.767502 ], [ -73.180847, -50.729172 ], [ -73.178345, -50.647781 ], [ -73.249176, -50.576393 ], [ -73.280014, -50.322784 ], [ -73.34639, -50.23806 ], [ -73.532227, -50.140556 ], [ -73.467224, -50.006668 ], [ -73.564453, -49.924728 ], [ -73.529449, -49.852501 ], [ -73.444168, -49.788612 ], [ -73.53334, -49.689728 ], [ -73.515015, -49.60334 ], [ -73.583344, -49.544174 ], [ -73.529724, -49.496391 ], [ -73.53862, -49.440559 ], [ -73.452515, -49.385284 ], [ -73.464737, -49.311394 ], [ -73.135284, -49.305557 ], [ -73.085281, -49.273338 ], [ -73.160843, -49.258057 ], [ -73.175568, -49.215279 ], [ -72.988068, -48.981674 ], [ -72.75528, -48.928062 ], [ -72.564178, -48.804451 ], [ -72.551392, -48.724167 ], [ -72.601395, -48.479729 ], [ -72.407501, -48.39695 ], [ -72.366669, -48.346115 ], [ -72.287231, -48.341949 ], [ -72.315842, -48.287224 ], [ -72.322784, -48.075562 ], [ -72.486115, -47.983063 ], [ -72.536392, -47.921394 ], [ -72.33168, -47.601669 ], [ -72.305557, -47.507225 ], [ -72.360291, -47.470001 ], [ -72.29306, -47.420006 ], [ -72.161667, -47.412781 ], [ -72.083618, -47.354729 ], [ -72.015015, -47.274445 ], [ -72.031952, -47.203339 ], [ -71.891113, -47.233894 ], [ -71.855011, -47.188339 ] ] ] } },
{ "type": "Feature", "properties": { "id": "00-00-f0-e2", "volumeName": "FIR PYONGYANG", "icaoID": "ZKKP" }, "geometry": { "type": "Polygon", "coordinates": [ [ [ 130.034151, 42.958048 ], [ 129.921236, 43.008326 ], [ 129.875582, 42.98971 ], [ 129.905581, 42.96998 ], [ 129.851229, 42.959986 ], [ 129.753328, 42.716387 ], [ 129.787477, 42.674997 ], [ 129.742739, 42.640833 ], [ 129.760805, 42.603327 ], [ 129.724977, 42.56138 ], [ 129.711916, 42.444155 ], [ 129.590792, 42.445269 ], [ 129.539705, 42.363611 ], [ 129.442202, 42.434435 ], [ 129.341921, 42.445826 ], [ 129.344118, 42.414713 ], [ 129.239962, 42.374163 ], [ 129.237734, 42.321939 ], [ 129.190523, 42.313326 ], [ 129.224398, 42.296389 ], [ 129.175814, 42.234995 ], [ 129.210238, 42.217211 ], [ 129.114412, 42.139437 ], [ 129.065248, 42.147776 ], [ 129.033052, 42.102221 ], [ 128.957735, 42.08111 ], [ 128.925814, 42.024439 ], [ 128.729128, 42.046946 ], [ 128.489412, 41.995546 ], [ 128.282473, 42.039164 ], [ 128.05887, 42.003328 ], [ 128.1019, 41.796106 ], [ 128.301912, 41.577776 ], [ 128.155825, 41.382494 ], [ 128.04413, 41.389437 ], [ 128.047487, 41.418886 ], [ 128.020815, 41.408602 ], [ 128.000826, 41.445543 ], [ 127.981371, 41.42277 ], [ 127.873873, 41.439432 ], [ 127.858324, 41.404436 ], [ 127.647493, 41.402773 ], [ 127.557215, 41.42972 ], [ 127.539148, 41.46361 ], [ 127.27083, 41.47249 ], [ 127.287203, 41.501108 ], [ 127.102205, 41.535273 ], [ 127.178591, 41.587496 ], [ 127.040545, 41.654993 ], [ 127.078051, 41.68194 ], [ 127.037203, 41.731936 ], [ 126.936373, 41.763056 ], [ 126.936098, 41.794443 ], [ 126.797495, 41.731104 ], [ 126.786928, 41.692217 ], [ 126.694704, 41.740274 ], [ 126.678865, 41.724436 ], [ 126.722216, 41.698046 ], [ 126.615129, 41.664171 ], [ 126.563349, 41.610918 ], [ 126.584429, 41.568605 ], [ 126.500818, 41.43194 ], [ 126.527208, 41.3575 ], [ 126.456102, 41.357218 ], [ 126.279161, 41.152773 ], [ 126.123873, 41.08111 ], [ 126.132204, 41.044161 ], [ 126.07332, 40.973047 ], [ 125.97748, 40.913324 ], [ 126.016939, 40.899996 ], [ 125.878595, 40.894716 ], [ 125.821383, 40.861383 ], [ 125.761934, 40.883608 ], [ 125.653055, 40.821665 ], [ 125.680269, 40.765551 ], [ 125.56415, 40.77833 ], [ 125.54471, 40.718599 ], [ 125.464159, 40.71361 ], [ 125.405825, 40.620829 ], [ 125.286104, 40.647493 ], [ 125.248034, 40.603884 ], [ 125.017763, 40.530825 ], [ 125.03998, 40.457216 ], [ 124.880541, 40.470545 ], [ 124.832766, 40.409159 ], [ 124.743319, 40.369989 ], [ 124.708445, 40.305048 ], [ 124.554705, 40.24222 ], [ 124.361368, 40.091661 ], [ 124.344439, 39.981936 ], [ 124.166666, 39.85 ], [ 124.000002, 38.000002 ], [ 124.85, 38.0 ], [ 124.864722, 37.769444 ], [ 125.045278, 37.640278 ], [ 125.239722, 37.586111 ], [ 125.514722, 37.684722 ], [ 125.748056, 37.7175 ], [ 126.014722, 37.661111 ], [ 126.178446, 37.725359 ], [ 126.199446, 37.806948 ], [ 126.240625, 37.824724 ], [ 126.427847, 37.835279 ], [ 126.569487, 37.767515 ], [ 126.671183, 37.783514 ], [ 126.686655, 37.948046 ], [ 126.807215, 38.000551 ], [ 126.990541, 38.21805 ], [ 127.106089, 38.2875 ], [ 127.222216, 38.318331 ], [ 127.505548, 38.301104 ], [ 127.777544, 38.336954 ], [ 127.822725, 38.299166 ], [ 128.079958, 38.311937 ], [ 128.243563, 38.395273 ], [ 128.301363, 38.468325 ], [ 128.307192, 38.588884 ], [ 128.416666, 38.633333 ], [ 133.65, 38.633333 ], [ 135.933332, 40.500002 ], [ 131.516668, 41.666666 ], [ 130.65497, 42.313883 ], [ 130.654696, 42.38611 ], [ 130.567476, 42.443048 ], [ 130.514711, 42.602221 ], [ 130.461367, 42.593882 ], [ 130.472475, 42.55694 ], [ 130.437197, 42.545 ], [ 130.425539, 42.602221 ], [ 130.243288, 42.718325 ], [ 130.252199, 42.892496 ], [ 130.100801, 42.911936 ], [ 130.135805, 42.962214 ], [ 130.107454, 42.978327 ], [ 130.034151, 42.958048 ] ] ] } },
{ "type": "Feature", "properties": { "id": "00-00-f0-e3", "volumeName": "FIR RECIFE", "icaoID": "SBRE" }, "geometry": { "type": "Polygon", "coordinates": [ [ [ -37.672832, -18.862499 ], [ -39.012499, -18.428833 ], [ -38.067499, -16.726389 ], [ -37.612778, -15.211666 ], [ -35.546944, -11.307499 ], [ -33.818333, -8.43 ], [ -33.215832, -6.798889 ], [ -31.796944, -4.080555 ], [ -32.121111, -3.271666 ], [ -35.460833, -1.743832 ], [ -40.782167, 0.930166 ], [ -42.523888, -4.176943 ], [ -43.157667, -4.485332 ], [ -43.386499, -4.703499 ], [ -44.202778, -5.936111 ], [ -44.796667, -6.304499 ], [ -45.780277, -8.14361 ], [ -46.672222, -8.859999 ], [ -47.687885, -10.290405 ], [ -46.890999, -12.021833 ], [ -45.608332, -13.321833 ], [ -45.020832, -14.199167 ], [ -44.577166, -14.784666 ], [ -44.095333, -15.627333 ], [ -42.825666, -16.3745 ], [ -42.678833, -16.409332 ], [ -41.715, -17.013611 ], [ -41.923332, -17.586666 ], [ -42.521111, -18.618055 ], [ -42.448166, -18.757999 ], [ -42.499332, -19.08 ], [ -42.4795, -19.462999 ], [ -42.5, -19.710833 ], [ -42.594444, -20.460833 ], [ -42.007669, -20.622713 ], [ -40.975, -20.406667 ], [ -40.820499, -20.694832 ], [ -40.567499, -20.901667 ], [ -40.25168, -20.947399 ], [ -40.006667, -20.866667 ], [ -39.812167, -20.745 ], [ -39.377777, -21.191111 ], [ -37.672832, -18.862499 ] ] ] } },
{ "type": "Feature", "properties": { "id": "00-00-f0-e4", "volumeName": "FIR REIMS", "icaoID": "LFEE" }, "geometry": { "type": "Polygon", "coordinates": [ [ [ 6.254446, 49.503611 ], [ 5.999445, 49.453608 ], [ 4.800001, 48.950003 ], [ 5.733335, 48.250002 ], [ 5.166666, 48.166666 ], [ 4.333334, 47.416666 ], [ 4.833334, 46.500002 ], [ 6.11278, 46.504999 ], [ 6.162733, 46.558596 ], [ 6.129999, 46.593332 ], [ 6.45278, 46.774439 ], [ 6.434168, 46.809168 ], [ 6.465555, 46.878611 ], [ 6.435556, 46.930552 ], [ 6.70278, 47.038607 ], [ 6.705, 47.086107 ], [ 6.941389, 47.2325 ], [ 6.948336, 47.291941 ], [ 7.053335, 47.335001 ], [ 7.023058, 47.371668 ], [ 6.881109, 47.356943 ], [ 6.943609, 47.434443 ], [ 7.005556, 47.451387 ], [ 6.990557, 47.497217 ], [ 7.198057, 47.495279 ], [ 7.178335, 47.445833 ], [ 7.246946, 47.420832 ], [ 7.388334, 47.434168 ], [ 7.45278, 47.469995 ], [ 7.431944, 47.496111 ], [ 7.496946, 47.494997 ], [ 7.524168, 47.536943 ], [ 7.498613, 47.548052 ], [ 7.58975, 47.592699 ], [ 7.510836, 47.703333 ], [ 7.546389, 47.738054 ], [ 7.526667, 47.788057 ], [ 7.553335, 47.878328 ], [ 7.624166, 47.976946 ], [ 7.571665, 48.037218 ], [ 7.569723, 48.089167 ], [ 7.683332, 48.241663 ], [ 7.695833, 48.304995 ], [ 7.750834, 48.336664 ], [ 7.736666, 48.398607 ], [ 7.808889, 48.516939 ], [ 7.801947, 48.592501 ], [ 7.966112, 48.753328 ], [ 8.092222, 48.803606 ], [ 8.139166, 48.895555 ], [ 8.22608, 48.964418 ], [ 7.938612, 49.048883 ], [ 7.65209, 49.044939 ], [ 7.542501, 49.086939 ], [ 7.486944, 49.164164 ], [ 7.423613, 49.177217 ], [ 7.287779, 49.111109 ], [ 7.105276, 49.150278 ], [ 7.04389, 49.111666 ], [ 7.026667, 49.18889 ], [ 6.930555, 49.220835 ], [ 6.847502, 49.215273 ], [ 6.838888, 49.155001 ], [ 6.730833, 49.166109 ], [ 6.728888, 49.216387 ], [ 6.693056, 49.214998 ], [ 6.572779, 49.335276 ], [ 6.594721, 49.363054 ], [ 6.540556, 49.425829 ], [ 6.254446, 49.503611 ] ] ] } },
{ "type": "Feature", "properties": { "id": "00-00-f0-e5", "volumeName": "FIR RESISTENCIA", "icaoID": "SARR" }, "geometry": { "type": "Polygon", "coordinates": [ [ [ -57.761667, -30.7 ], [ -57.601083, -30.188586 ], [ -57.48056, -30.127502 ], [ -57.328415, -29.984585 ], [ -57.315971, -29.862782 ], [ -57.27417, -29.800282 ], [ -57.110558, -29.76667 ], [ -56.973061, -29.637222 ], [ -56.961395, -29.591946 ], [ -56.822502, -29.480278 ], [ -56.773613, -29.383335 ], [ -56.695557, -29.343613 ], [ -56.596115, -29.144169 ], [ -56.423615, -29.065556 ], [ -56.404724, -28.962502 ], [ -56.307503, -28.897781 ], [ -56.289452, -28.784725 ], [ -56.200005, -28.764725 ], [ -56.021393, -28.599445 ], [ -56.018333, -28.507778 ], [ -55.895279, -28.469723 ], [ -55.891396, -28.367779 ], [ -55.735558, -28.361946 ], [ -55.692505, -28.40889 ], [ -55.668617, -28.320278 ], [ -55.765007, -28.259167 ], [ -55.765282, -28.226112 ], [ -55.678612, -28.195557 ], [ -55.612503, -28.121391 ], [ -55.558891, -28.150837 ], [ -55.502228, -28.075558 ], [ -55.447784, -28.08667 ], [ -55.326118, -27.924446 ], [ -55.255005, -27.920002 ], [ -55.186394, -27.856945 ], [ -55.13195, -27.886948 ], [ -55.105835, -27.850002 ], [ -55.019173, -27.849724 ], [ -55.080284, -27.778893 ], [ -55.003616, -27.791668 ], [ -54.912224, -27.737225 ], [ -54.902229, -27.624168 ], [ -54.847229, -27.613613 ], [ -54.811111, -27.532501 ], [ -54.77639, -27.566113 ], [ -54.683334, -27.554447 ], [ -54.670006, -27.503613 ], [ -54.621948, -27.528336 ], [ -54.591667, -27.450558 ], [ -54.54306, -27.490837 ], [ -54.455002, -27.472225 ], [ -54.460838, -27.412502 ], [ -54.398613, -27.406113 ], [ -54.36528, -27.457226 ], [ -54.34584, -27.399445 ], [ -54.287506, -27.43 ], [ -54.234169, -27.38139 ], [ -54.180557, -27.25 ], [ -54.10778, -27.289448 ], [ -54.004173, -27.189167 ], [ -53.961395, -27.194168 ], [ -53.954727, -27.151112 ], [ -53.909729, -27.167225 ], [ -53.877502, -27.119446 ], [ -53.838753, -27.17112 ], [ -53.807785, -27.139446 ], [ -53.791946, -27.043613 ], [ -53.698616, -26.889446 ], [ -53.763062, -26.711113 ], [ -53.72834, -26.681946 ], [ -53.729729, -26.54417 ], [ -53.700836, -26.49778 ], [ -53.712502, -26.360558 ], [ -53.650284, -26.243893 ], [ -53.744728, -26.035557 ], [ -53.825005, -25.957779 ], [ -53.823891, -25.806946 ], [ -53.877785, -25.720837 ], [ -53.860001, -25.689445 ], [ -53.886948, -25.635559 ], [ -53.945557, -25.653893 ], [ -53.966904, -25.588039 ], [ -54.017227, -25.555279 ], [ -54.073334, -25.552223 ], [ -54.087502, -25.597225 ], [ -54.114174, -25.567223 ], [ -54.104172, -25.493893 ], [ -54.156113, -25.535557 ], [ -54.203339, -25.531113 ], [ -54.182503, -25.58139 ], [ -54.226395, -25.56889 ], [ -54.246948, -25.595558 ], [ -54.284172, -25.548615 ], [ -54.380005, -25.577503 ], [ -54.431114, -25.686668 ], [ -54.452507, -25.633057 ], [ -54.528893, -25.607502 ], [ -54.538338, -25.571392 ], [ -54.598915, -25.573223 ], [ -54.585007, -25.641392 ], [ -54.645561, -25.662502 ], [ -54.585838, -25.819447 ], [ -54.617226, -25.895557 ], [ -54.601395, -25.952778 ], [ -54.665001, -25.982502 ], [ -54.640839, -26.071392 ], [ -54.661667, -26.158337 ], [ -54.633339, -26.200279 ], [ -54.667503, -26.23888 ], [ -54.69278, -26.428337 ], [ -54.793617, -26.523056 ], [ -54.778618, -26.610836 ], [ -54.806114, -26.664169 ], [ -54.923889, -26.680557 ], [ -54.95723, -26.778336 ], [ -55.051117, -26.800282 ], [ -55.128891, -26.868057 ], [ -55.128891, -26.949169 ], [ -55.271118, -26.9375 ], [ -55.413895, -26.98278 ], [ -55.455002, -27.09528 ], [ -55.539726, -27.105003 ], [ -55.556671, -27.161667 ], [ -55.601952, -27.168335 ], [ -55.567505, -27.249447 ], [ -55.59639, -27.338058 ], [ -55.67556, -27.368614 ], [ -55.736115, -27.439445 ], [ -55.842506, -27.40778 ], [ -55.898338, -27.32917 ], [ -56.137779, -27.308891 ], [ -56.268059, -27.387501 ], [ -56.270836, -27.461391 ], [ -56.378059, -27.588337 ], [ -56.550003, -27.452503 ], [ -56.673058, -27.461391 ], [ -56.736946, -27.506947 ], [ -56.908615, -27.417778 ], [ -57.071671, -27.491947 ], [ -57.129448, -27.489723 ], [ -57.626396, -27.369167 ], [ -57.791389, -27.292225 ], [ -58.220001, -27.265556 ], [ -58.604622, -27.316921 ], [ -58.598892, -27.245003 ], [ -58.655731, -27.191612 ], [ -58.652779, -27.158337 ], [ -58.564171, -27.1175 ], [ -58.546394, -27.046112 ], [ -58.510284, -27.058613 ], [ -58.47834, -26.939167 ], [ -58.31778, -26.878334 ], [ -58.34584, -26.817223 ], [ -58.28389, -26.81139 ], [ -58.285835, -26.771946 ], [ -58.246391, -26.765003 ], [ -58.239723, -26.649723 ], [ -58.181671, -26.656113 ], [ -58.168335, -26.597225 ], [ -58.21917, -26.535004 ], [ -58.182503, -26.455002 ], [ -58.210281, -26.420002 ], [ -58.162506, -26.319725 ], [ -58.172501, -26.273056 ], [ -58.103889, -26.235558 ], [ -58.152504, -26.188614 ], [ -58.110001, -26.198059 ], [ -58.078056, -26.124725 ], [ -57.855835, -26.001945 ], [ -57.903618, -25.958336 ], [ -57.849724, -25.918335 ], [ -57.874451, -25.878613 ], [ -57.803612, -25.834724 ], [ -57.818336, -25.780281 ], [ -57.741951, -25.728058 ], [ -57.761116, -25.682503 ], [ -57.575279, -25.573334 ], [ -57.55584, -25.438057 ], [ -57.640282, -25.379169 ], [ -57.756111, -25.176945 ], [ -57.871117, -25.08778 ], [ -57.980835, -25.078056 ], [ -58.22139, -24.939167 ], [ -58.338341, -24.99778 ], [ -58.450562, -24.856945 ], [ -58.803337, -24.784168 ], [ -59.06778, -24.606945 ], [ -59.33889, -24.488892 ], [ -59.472778, -24.353058 ], [ -60.038063, -24.009724 ], [ -60.286392, -24.037502 ], [ -60.573334, -23.951115 ], [ -60.613892, -23.894447 ], [ -60.849167, -23.87389 ], [ -60.921394, -23.823059 ], [ -61.007782, -23.813335 ], [ -61.116394, -23.666668 ], [ -61.115562, -23.603615 ], [ -61.294724, -23.48917 ], [ -61.496948, -23.413612 ], [ -61.517227, -23.345001 ], [ -61.739723, -23.243614 ], [ -61.78167, -23.147503 ], [ -61.990005, -23.006668 ], [ -62.029449, -22.891945 ], [ -62.188614, -22.710281 ], [ -62.190002, -22.630001 ], [ -62.256668, -22.608891 ], [ -62.24028, -22.542778 ], [ -62.290558, -22.480556 ], [ -62.385559, -22.460835 ], [ -62.460281, -22.379723 ], [ -62.594816, -22.315787 ], [ -62.0, -23.25 ], [ -61.816666, -26.816666 ], [ -60.608332, -30.133333 ], [ -57.761667, -30.7 ] ] ] } },
{ "type": "Feature", "properties": { "id": "00-00-f0-e6", "volumeName": "FIR REYKJAVIK", "icaoID": "BIRD" }, "geometry": { "type": "Polygon", "coordinates": [ [ [ -10.0, 61.000002 ], [ 0.0, 61.000002 ], [ 0.0, 73.000002 ], [ -20.0, 73.000002 ], [ -20.0, 70.000002 ], [ -22.056065, 69.541003 ], [ -24.198185, 69.013897 ], [ -26.071573, 68.508211 ], [ -28.019971, 67.933785 ], [ -30.022865, 67.286711 ], [ -32.060331, 66.563422 ], [ -34.501785, 65.594252 ], [ -36.823186, 64.569024 ], [ -39.0, 63.500002 ], [ -36.608126, 62.930562 ], [ -34.171941, 62.283431 ], [ -32.110057, 61.678332 ], [ -30.0, 61.000002 ], [ -10.0, 61.000002 ] ] ] } },
{ "type": "Feature", "properties": { "id": "00-00-f0-e8", "volumeName": "FIR RIGA", "icaoID": "EVRR" }, "geometry": { "type": "Polygon", "coordinates": [ [ [ 21.842733, 57.763102 ], [ 21.716669, 57.786634 ], [ 21.613302, 57.895033 ], [ 21.483335, 58.116667 ], [ 20.642733, 58.413301 ], [ 19.833334, 57.000002 ], [ 18.507234, 56.344776 ], [ 20.666666, 56.066668 ], [ 21.204718, 56.083879 ], [ 21.24444, 56.168329 ], [ 21.354445, 56.239992 ], [ 22.067221, 56.419443 ], [ 22.519167, 56.404436 ], [ 22.691385, 56.356661 ], [ 22.941385, 56.423883 ], [ 23.096109, 56.305826 ], [ 23.17111, 56.36194 ], [ 23.319998, 56.380274 ], [ 23.525278, 56.334162 ], [ 23.60861, 56.364161 ], [ 23.948885, 56.332216 ], [ 24.163332, 56.26111 ], [ 24.33222, 56.310549 ], [ 24.449442, 56.269716 ], [ 24.558332, 56.288332 ], [ 24.65333, 56.365831 ], [ 24.864443, 56.412767 ], [ 24.899721, 56.450548 ], [ 25.096945, 56.201105 ], [ 25.690554, 56.149996 ], [ 25.714998, 56.089991 ], [ 26.190832, 55.867495 ], [ 26.33861, 55.726381 ], [ 26.591387, 55.674997 ], [ 26.661665, 55.705828 ], [ 26.745275, 55.686655 ], [ 26.85, 55.710825 ], [ 26.989996, 55.834719 ], [ 27.156107, 55.846384 ], [ 27.282221, 55.787218 ], [ 27.350874, 55.826494 ], [ 27.598825, 55.791719 ], [ 27.647219, 55.924166 ], [ 27.791109, 55.988886 ], [ 27.795553, 56.02527 ], [ 27.893332, 56.065546 ], [ 27.929441, 56.113329 ], [ 28.11833, 56.167215 ], [ 28.165206, 56.151554 ], [ 28.144722, 56.173333 ], [ 28.237497, 56.262774 ], [ 28.183333, 56.366667 ], [ 28.189718, 56.440546 ], [ 28.113054, 56.505556 ], [ 28.15, 56.566667 ], [ 28.036386, 56.590548 ], [ 28.0, 56.683333 ], [ 27.901667, 56.751667 ], [ 27.995206, 56.826617 ], [ 27.833333, 56.866667 ], [ 27.666667, 56.833333 ], [ 27.683333, 56.916667 ], [ 27.733333, 56.933333 ], [ 27.75, 57.0 ], [ 27.716667, 57.016667 ], [ 27.733333, 57.1 ], [ 27.833333, 57.183333 ], [ 27.864837, 57.293596 ], [ 27.527224, 57.438601 ], [ 27.55, 57.533333 ], [ 27.338331, 57.522768 ], [ 27.080553, 57.563608 ], [ 27.01861, 57.611383 ], [ 26.898333, 57.633883 ], [ 26.829165, 57.582499 ], [ 26.719442, 57.581667 ], [ 26.608889, 57.526941 ], [ 26.523611, 57.52305 ], [ 26.460276, 57.570551 ], [ 26.299166, 57.611383 ], [ 26.180277, 57.721933 ], [ 26.033609, 57.7875 ], [ 26.031389, 57.85 ], [ 25.80139, 57.865831 ], [ 25.749163, 57.931108 ], [ 25.622774, 57.916384 ], [ 25.576387, 57.966936 ], [ 25.466108, 57.99222 ], [ 25.421663, 58.035555 ], [ 25.348333, 58.036661 ], [ 25.301664, 58.083055 ], [ 25.263056, 58.069162 ], [ 25.300001, 58.014162 ], [ 25.247217, 57.992495 ], [ 25.17972, 58.070276 ], [ 25.091665, 58.071665 ], [ 24.839167, 57.982492 ], [ 24.754168, 58.000834 ], [ 24.706942, 57.955828 ], [ 24.542776, 57.951662 ], [ 24.402498, 57.870546 ], [ 24.314981, 57.871828 ], [ 24.261103, 57.917269 ], [ 23.601103, 57.899134 ], [ 23.648634, 57.782766 ], [ 23.58227, 57.669767 ], [ 23.406099, 57.593935 ], [ 23.180868, 57.586435 ], [ 22.707502, 57.940832 ], [ 22.583635, 57.927469 ], [ 22.143335, 57.779169 ], [ 21.842733, 57.763102 ] ] ] } },
{ "type": "Feature", "properties": { "id": "00-00-f0-e9", "volumeName": "FIR ROBERTS", "icaoID": "GLRB" }, "geometry": { "type": "Polygon", "coordinates": [ [ [ -11.379872, 12.404081 ], [ -11.485981, 12.436582 ], [ -11.638075, 12.426287 ], [ -11.736409, 12.380454 ], [ -11.841562, 12.386321 ], [ -11.907982, 12.428745 ], [ -11.968908, 12.391287 ], [ -12.098631, 12.410177 ], [ -12.170298, 12.353788 ], [ -12.345853, 12.301287 ], [ -12.445852, 12.387121 ], [ -12.578909, 12.35962 ], [ -12.633076, 12.437398 ], [ -12.766409, 12.436567 ], [ -12.76363, 12.460733 ], [ -12.841129, 12.479898 ], [ -12.83002, 12.50712 ], [ -12.90098, 12.546861 ], [ -12.942925, 12.531862 ], [ -12.96348, 12.470472 ], [ -13.037798, 12.472954 ], [ -13.069464, 12.529898 ], [ -13.041687, 12.589898 ], [ -13.061131, 12.63962 ], [ -13.710236, 12.682138 ], [ -13.711004, 12.612581 ], [ -13.642925, 12.458014 ], [ -13.666813, 12.322735 ], [ -13.720425, 12.25575 ], [ -13.811409, 12.254622 ], [ -13.804186, 12.29212 ], [ -13.859463, 12.278509 ], [ -13.854185, 12.24962 ], [ -13.963076, 12.202398 ], [ -13.969934, 12.155779 ], [ -13.890141, 12.143526 ], [ -13.792923, 12.044359 ], [ -13.708481, 12.012693 ], [ -13.709187, 11.715176 ], [ -13.791687, 11.685454 ], [ -13.855719, 11.746576 ], [ -13.877648, 11.669084 ], [ -13.938353, 11.682123 ], [ -13.99502, 11.640731 ], [ -14.276408, 11.678787 ], [ -14.315576, 11.616009 ], [ -14.515147, 11.512136 ], [ -14.698629, 11.500177 ], [ -15.006952, 10.962784 ], [ -16.916666, 9.0 ], [ -7.333201, -0.000056 ], [ -7.451904, 6.249898 ], [ -8.416687, 7.499898 ], [ -8.00002, 10.166565 ], [ -8.001877, 11.209174 ], [ -8.307199, 11.259899 ], [ -8.570143, 11.365009 ], [ -8.805451, 11.521562 ], [ -9.002911, 11.722795 ], [ -9.153898, 11.96 ], [ -9.31258, 12.49942 ], [ -9.4061, 12.45392 ], [ -9.29758, 12.35852 ], [ -9.34039, 12.24292 ], [ -9.47928, 12.24582 ], [ -9.54141, 12.19268 ], [ -9.6304, 12.17282 ], [ -9.67772, 12.12369 ], [ -9.69976, 12.02382 ], [ -9.8829, 12.05712 ], [ -9.91444, 12.09848 ], [ -10.06709, 12.13913 ], [ -10.09096, 12.17974 ], [ -10.24838, 12.21525 ], [ -10.29362, 12.19085 ], [ -10.33933, 12.22548 ], [ -10.33501, 12.18727 ], [ -10.5165, 12.11285 ], [ -10.52294, 12.04124 ], [ -10.57828, 12.02198 ], [ -10.56436, 11.99593 ], [ -10.69021, 11.893 ], [ -10.73549, 11.91933 ], [ -10.79231, 12.02977 ], [ -10.79023, 12.10936 ], [ -10.9286, 12.22242 ], [ -11.04482, 12.22104 ], [ -11.14256, 12.05051 ], [ -11.24695, 11.99247 ], [ -11.35518, 12.05392 ], [ -11.376, 12.10389 ], [ -11.46411, 12.13361 ], [ -11.49777, 12.20952 ], [ -11.43485, 12.2868 ], [ -11.43966, 12.37861 ], [ -11.379872, 12.404081 ] ] ] } },
{ "type": "Feature", "properties": { "id": "00-00-f0-ea", "volumeName": "FIR ROME", "icaoID": "LIRR" }, "geometry": { "type": "Polygon", "coordinates": [ [ [ 16.516668, 38.980001 ], [ 16.250002, 39.230001 ], [ 15.116667, 41.196669 ], [ 14.383333, 41.446669 ], [ 13.083334, 42.913336 ], [ 13.333334, 43.512175 ], [ 11.16667, 43.713335 ], [ 10.3, 43.583333 ], [ 9.75, 43.166667 ], [ 9.750002, 41.333334 ], [ 8.333334, 41.333334 ], [ 8.000002, 41.000002 ], [ 8.0, 39.0 ], [ 11.5, 37.5 ], [ 11.5, 36.5 ], [ 19.000002, 36.500002 ], [ 19.000002, 38.879999 ], [ 17.16667, 38.879999 ], [ 16.516668, 38.980001 ] ] ] } },
{ "type": "Feature", "properties": { "id": "00-00-f0-eb", "volumeName": "FIR ROSTOV-NA-DONU", "icaoID": "URRV" }, "geometry": { "type": "Polygon", "coordinates": [ [ [ 48.457197, 41.690168 ], [ 48.583956, 41.835772 ], [ 50.000002, 42.633333 ], [ 49.500002, 42.833334 ], [ 49.500002, 45.91667 ], [ 49.433332, 46.133333 ], [ 49.433332, 46.233335 ], [ 48.918131, 46.489222 ], [ 48.833879, 46.484995 ], [ 48.740274, 46.558329 ], [ 48.560549, 46.564997 ], [ 48.584002, 46.598429 ], [ 48.554155, 46.643885 ], [ 48.476206, 46.667681 ], [ 48.538607, 46.751657 ], [ 48.691095, 46.767771 ], [ 48.765268, 46.690821 ], [ 48.941378, 46.704165 ], [ 49.027208, 46.776094 ], [ 48.721102, 47.09833 ], [ 48.547213, 47.417208 ], [ 48.443872, 47.43693 ], [ 48.151651, 47.744989 ], [ 48.046656, 47.782495 ], [ 47.663317, 47.769442 ], [ 47.435823, 47.843599 ], [ 47.383326, 47.688883 ], [ 47.13666, 47.822496 ], [ 47.182772, 47.874163 ], [ 47.062487, 47.996096 ], [ 47.214991, 48.070833 ], [ 47.12221, 48.102221 ], [ 47.138323, 48.169992 ], [ 47.096376, 48.209993 ], [ 47.133333, 48.242495 ], [ 47.122766, 48.271662 ], [ 46.499163, 48.417498 ], [ 46.778879, 48.936655 ], [ 46.954439, 49.013056 ], [ 47.062769, 49.142771 ], [ 47.026102, 49.236109 ], [ 46.795832, 49.339716 ], [ 46.929438, 49.863611 ], [ 47.188326, 49.944155 ], [ 47.302492, 50.031939 ], [ 47.356661, 50.090273 ], [ 47.28055, 50.182215 ], [ 47.342768, 50.241938 ], [ 47.316668, 50.294443 ], [ 47.416101, 50.331942 ], [ 47.547979, 50.447204 ], [ 45.783335, 50.616667 ], [ 44.983335, 51.200003 ], [ 43.766677, 51.1 ], [ 40.146635, 49.381666 ], [ 40.17972, 49.326944 ], [ 40.166941, 49.248606 ], [ 39.966387, 49.12388 ], [ 39.938883, 49.054995 ], [ 39.69916, 49.022768 ], [ 39.694437, 48.973047 ], [ 39.767214, 48.903879 ], [ 39.970545, 48.859995 ], [ 40.030275, 48.896105 ], [ 40.076662, 48.874994 ], [ 39.98527, 48.791384 ], [ 39.803881, 48.817774 ], [ 39.727213, 48.762217 ], [ 39.656939, 48.616663 ], [ 39.669664, 48.587641 ], [ 39.853327, 48.554712 ], [ 39.866938, 48.500277 ], [ 39.838327, 48.483881 ], [ 39.921518, 48.368395 ], [ 39.838045, 48.312494 ], [ 39.912767, 48.277773 ], [ 40.012499, 48.284723 ], [ 40.002497, 48.243052 ], [ 39.932764, 48.213327 ], [ 39.848322, 48.113054 ], [ 39.868593, 48.040834 ], [ 39.776094, 48.026384 ], [ 39.819986, 47.969706 ], [ 39.796389, 47.857218 ], [ 39.723879, 47.818331 ], [ 38.871935, 47.865541 ], [ 38.816935, 47.832209 ], [ 38.754717, 47.685549 ], [ 38.691378, 47.694155 ], [ 38.605822, 47.638041 ], [ 38.339434, 47.601381 ], [ 38.280825, 47.506105 ], [ 38.285555, 47.396105 ], [ 38.207766, 47.311663 ], [ 38.316378, 47.292215 ], [ 38.313044, 47.255831 ], [ 38.214151, 47.182772 ], [ 38.333334, 46.983335 ], [ 37.500002, 46.783335 ], [ 36.683332, 45.45 ], [ 36.683332, 45.378366 ], [ 36.595034, 45.306667 ], [ 36.595, 45.245 ], [ 36.533335, 45.205 ], [ 36.616667, 44.933332 ], [ 36.666666, 44.516668 ], [ 36.266668, 42.733335 ], [ 37.716669, 42.683332 ], [ 40.333334, 41.9 ], [ 39.91667, 43.183332 ], [ 40.089991, 43.558329 ], [ 40.253389, 43.582521 ], [ 40.543055, 43.508608 ], [ 40.676104, 43.546656 ], [ 41.044161, 43.374987 ], [ 41.168055, 43.387217 ], [ 41.295542, 43.3361 ], [ 41.393328, 43.346102 ], [ 41.589708, 43.222757 ], [ 41.939714, 43.217485 ], [ 42.057772, 43.186106 ], [ 42.181108, 43.235552 ], [ 42.41527, 43.239161 ], [ 42.625826, 43.143045 ], [ 42.701097, 43.182489 ], [ 42.857218, 43.177485 ], [ 43.021105, 43.104441 ], [ 43.01082, 43.056658 ], [ 43.20083, 42.936373 ], [ 43.560549, 42.860826 ], [ 43.670832, 42.791101 ], [ 43.827211, 42.75139 ], [ 43.8361, 42.72777 ], [ 43.735552, 42.639154 ], [ 43.9611, 42.557772 ], [ 44.053598, 42.618052 ], [ 44.220819, 42.636934 ], [ 44.286654, 42.71277 ], [ 44.549723, 42.759439 ], [ 44.684435, 42.739428 ], [ 44.797213, 42.615824 ], [ 44.88666, 42.760279 ], [ 45.060266, 42.692492 ], [ 45.158876, 42.705828 ], [ 45.351664, 42.529428 ], [ 45.552774, 42.550264 ], [ 45.756945, 42.482203 ], [ 45.647486, 42.204714 ], [ 45.910273, 42.104998 ], [ 45.960543, 42.023874 ], [ 46.01082, 42.043055 ], [ 46.078051, 42.034159 ], [ 46.103884, 41.994158 ], [ 46.239985, 42.00139 ], [ 46.32583, 41.936373 ], [ 46.394152, 41.940538 ], [ 46.475744, 41.882233 ], [ 46.536901, 41.879373 ], [ 46.58279, 41.802375 ], [ 46.626157, 41.834501 ], [ 46.720828, 41.827197 ], [ 46.759757, 41.862061 ], [ 46.790763, 41.773178 ], [ 46.865108, 41.719417 ], [ 46.91458, 41.725326 ], [ 46.926707, 41.676784 ], [ 46.999853, 41.641972 ], [ 47.019173, 41.55655 ], [ 47.113638, 41.595222 ], [ 47.172452, 41.53035 ], [ 47.159499, 41.499517 ], [ 47.242525, 41.446652 ], [ 47.218479, 41.40047 ], [ 47.259475, 41.396767 ], [ 47.258924, 41.337494 ], [ 47.372778, 41.273174 ], [ 47.496388, 41.268351 ], [ 47.503622, 41.226838 ], [ 47.558992, 41.197623 ], [ 47.620411, 41.238206 ], [ 47.748569, 41.187822 ], [ 47.883685, 41.218518 ], [ 47.91097, 41.254192 ], [ 47.891333, 41.288729 ], [ 47.967925, 41.318942 ], [ 47.950079, 41.350654 ], [ 48.000405, 41.370343 ], [ 48.002334, 41.428875 ], [ 48.063313, 41.457469 ], [ 48.0773, 41.501481 ], [ 48.242775, 41.521169 ], [ 48.385677, 41.593602 ], [ 48.457197, 41.690168 ] ] ] } },
{ "type": "Feature", "properties": { "id": "00-00-f0-ec", "volumeName": "FIR SAL OCEANIC", "icaoID": "GVSC" }, "geometry": { "type": "Polygon", "coordinates": [ [ [ -20.001904, 14.997095 ], [ -20.0, 20.0 ], [ -25.0, 24.000002 ], [ -27.232546, 22.86485 ], [ -31.001967, 20.832457 ], [ -33.137111, 19.618012 ], [ -37.499998, 17.000001 ], [ -24.35, 13.666666 ], [ -21.366636, 12.966641 ], [ -20.001904, 14.997095 ] ] ] } },
{ "type": "Feature", "properties": { "id": "00-00-f0-ed", "volumeName": "FIR SALEKHARD", "icaoID": "USDD" }, "geometry": { "type": "Polygon", "coordinates": [ [ [ 73.501718, 65.402535 ], [ 73.960022, 67.301666 ], [ 67.366301, 67.749826 ], [ 67.033355, 67.4 ], [ 63.433333, 66.466667 ], [ 61.685692, 65.476072 ], [ 60.066687, 64.466667 ], [ 64.166686, 64.9 ], [ 72.333353, 64.833332 ], [ 73.501718, 65.402535 ] ] ] } },
{ "type": "Feature", "properties": { "id": "00-00-f0-ee", "volumeName": "FIR SALT LAKE", "icaoID": "KZLC" }, "geometry": { "type": "Polygon", "coordinates": [ [ [ -109.967773, 48.99972 ], [ -114.6667, 49.000002 ], [ -115.0, 48.4167 ], [ -115.0, 45.333334 ], [ -117.75, 45.333334 ], [ -118.449999, 44.85 ], [ -119.283333, 43.633333 ], [ -119.0, 42.66667 ], [ -119.5, 41.000002 ], [ -117.366667, 39.933332 ], [ -117.266666, 38.083334 ], [ -117.094721, 37.883333 ], [ -116.183332, 37.883333 ], [ -114.199999, 38.016668 ], [ -113.65, 37.883333 ], [ -113.783333, 37.716669 ], [ -113.0, 37.500002 ], [ -112.058332, 37.500002 ], [ -111.879166, 37.4125 ], [ -109.983332, 38.200003 ], [ -109.983332, 39.216669 ], [ -110.299999, 39.583334 ], [ -109.166666, 40.000002 ], [ -109.1, 40.85 ], [ -108.275, 41.366667 ], [ -107.049999, 42.41667 ], [ -107.283333, 43.883333 ], [ -106.266666, 44.316668 ], [ -106.0, 45.237501 ], [ -104.25, 45.116667 ], [ -103.166666, 44.958334 ], [ -103.168327, 48.999437 ], [ -109.967773, 48.99972 ] ] ] } },
{ "type": "Feature", "properties": { "id": "00-00-f0-ef", "volumeName": "FIR SAMARA", "icaoID": "UWWW" }, "geometry": { "type": "Polygon", "coordinates": [ [ [ 50.800013, 56.466667 ], [ 47.916679, 57.300001 ], [ 46.750012, 57.233334 ], [ 46.433345, 55.6 ], [ 46.583335, 54.816716 ], [ 43.85, 54.633333 ], [ 42.466669, 53.500002 ], [ 42.866667, 52.333334 ], [ 42.583334, 51.533335 ], [ 43.033335, 50.750002 ], [ 43.766677, 51.1 ], [ 44.983335, 51.200003 ], [ 45.783335, 50.616667 ], [ 47.634439, 50.454714 ], [ 48.110552, 50.098604 ], [ 48.139719, 50.008608 ], [ 48.24888, 49.908884 ], [ 48.245829, 49.873049 ], [ 48.332216, 49.878878 ], [ 48.45083, 49.816942 ], [ 48.828333, 49.955828 ], [ 48.916941, 50.034166 ], [ 48.879717, 50.101664 ], [ 48.791109, 50.123606 ], [ 48.811106, 50.194155 ], [ 48.722765, 50.353052 ], [ 48.697489, 50.591936 ], [ 48.595545, 50.622492 ], [ 48.593607, 50.648333 ], [ 48.830278, 50.596659 ], [ 49.030825, 50.688044 ], [ 49.158327, 50.792772 ], [ 49.425829, 50.851389 ], [ 49.440828, 50.905825 ], [ 49.364443, 50.979715 ], [ 49.461939, 51.124163 ], [ 49.804163, 51.110277 ], [ 49.96805, 51.226099 ], [ 50.363329, 51.316942 ], [ 50.354441, 51.378046 ], [ 50.397219, 51.399721 ], [ 50.384722, 51.425272 ], [ 50.548883, 51.468599 ], [ 50.543612, 51.567217 ], [ 50.594713, 51.589716 ], [ 50.602777, 51.639994 ], [ 50.717493, 51.622492 ], [ 50.682772, 51.573053 ], [ 50.810549, 51.591661 ], [ 50.813608, 51.64805 ], [ 50.758608, 51.719713 ], [ 50.773302, 51.769182 ], [ 50.863329, 51.75139 ], [ 50.938883, 51.688883 ], [ 51.258051, 51.694155 ], [ 51.302492, 51.64805 ], [ 51.389994, 51.63833 ], [ 51.391382, 51.568888 ], [ 51.25889, 51.550547 ], [ 51.303049, 51.479715 ], [ 51.437212, 51.469156 ], [ 51.591105, 51.545 ], [ 51.649439, 51.528605 ], [ 51.649996, 51.469713 ], [ 51.690828, 51.455271 ], [ 51.803324, 51.500002 ], [ 51.78055, 51.594439 ], [ 51.874163, 51.673609 ], [ 52.105829, 51.664156 ], [ 52.177492, 51.728876 ], [ 52.296946, 51.733049 ], [ 52.338327, 51.782213 ], [ 52.50139, 51.510279 ], [ 52.603327, 51.456942 ], [ 52.677774, 51.452776 ], [ 52.769716, 51.504168 ], [ 52.94388, 51.448603 ], [ 53.048334, 51.491663 ], [ 53.148333, 51.482492 ], [ 53.15555, 51.514719 ], [ 53.428606, 51.491663 ], [ 53.638605, 51.393053 ], [ 53.595827, 51.360552 ], [ 53.678331, 51.227488 ], [ 53.957216, 51.193048 ], [ 54.041941, 51.122766 ], [ 54.133051, 51.106104 ], [ 54.167215, 50.998331 ], [ 54.301386, 50.907495 ], [ 54.506388, 50.856943 ], [ 54.438044, 50.765276 ], [ 54.397776, 50.625551 ], [ 54.453325, 50.555552 ], [ 54.523935, 50.528841 ], [ 54.610277, 50.543612 ], [ 54.701937, 50.606943 ], [ 54.658327, 50.721933 ], [ 54.673883, 50.87388 ], [ 54.519442, 50.931383 ], [ 54.566668, 50.957216 ], [ 54.558329, 51.015001 ], [ 54.647219, 51.036943 ], [ 54.828882, 50.983332 ], [ 54.948046, 50.903605 ], [ 55.081667, 50.893885 ], [ 55.087503, 50.815836 ], [ 55.292772, 50.690546 ], [ 55.369989, 50.651934 ], [ 55.497774, 50.661661 ], [ 55.545, 50.605555 ], [ 55.701387, 50.53277 ], [ 56.116106, 50.739161 ], [ 56.178049, 50.916384 ], [ 56.356104, 50.901659 ], [ 56.373049, 50.958048 ], [ 56.453325, 50.978045 ], [ 56.439157, 51.034998 ], [ 56.503328, 51.081667 ], [ 56.626101, 50.985826 ], [ 56.729158, 50.97777 ], [ 56.700274, 51.056383 ], [ 56.774439, 51.09083 ], [ 56.873323, 51.058329 ], [ 57.18638, 51.108606 ], [ 57.218882, 51.024714 ], [ 57.297495, 51.006388 ], [ 57.350832, 50.907495 ], [ 57.481936, 50.864717 ], [ 57.569162, 50.925554 ], [ 57.741938, 50.913607 ], [ 57.74972, 51.072496 ], [ 57.794436, 51.118944 ], [ 57.961382, 51.074442 ], [ 58.07583, 51.094439 ], [ 58.17222, 51.054438 ], [ 58.215273, 51.115831 ], [ 58.33777, 51.156099 ], [ 58.391108, 51.115274 ], [ 58.390833, 51.079439 ], [ 58.543329, 51.072496 ], [ 58.609995, 51.038332 ], [ 58.624437, 50.988604 ], [ 58.566668, 50.908884 ], [ 58.596659, 50.866106 ], [ 58.669992, 50.869158 ], [ 58.665545, 50.804995 ], [ 58.770273, 50.801661 ], [ 58.808603, 50.743326 ], [ 58.940271, 50.683054 ], [ 59.23472, 50.668329 ], [ 59.296389, 50.61944 ], [ 59.492495, 50.629435 ], [ 59.584436, 50.589991 ], [ 59.57583, 50.556383 ], [ 59.466387, 50.532495 ], [ 59.552492, 50.478876 ], [ 59.650827, 50.533884 ], [ 59.819719, 50.54722 ], [ 59.946383, 50.689157 ], [ 59.938601, 50.762499 ], [ 59.984438, 50.838327 ], [ 60.043612, 50.863329 ], [ 60.16527, 50.845827 ], [ 60.170275, 50.77527 ], [ 60.312212, 50.692492 ], [ 60.698046, 50.661661 ], [ 61.410547, 50.792498 ], [ 61.474795, 50.890087 ], [ 61.549166, 51.215548 ], [ 61.685823, 51.265833 ], [ 61.581667, 51.303049 ], [ 61.501108, 51.428606 ], [ 60.978045, 51.497774 ], [ 60.933878, 51.561106 ], [ 60.942949, 51.618891 ], [ 60.527773, 51.627214 ], [ 60.519442, 51.655825 ], [ 60.38666, 51.672495 ], [ 60.373606, 51.695543 ], [ 60.461664, 51.737772 ], [ 60.49666, 51.801935 ], [ 60.316103, 51.831385 ], [ 60.167498, 51.899996 ], [ 60.142221, 51.865274 ], [ 60.06444, 51.873606 ], [ 60.01111, 51.980822 ], [ 58.316668, 52.583334 ], [ 57.566679, 53.266666 ], [ 58.650013, 54.199999 ], [ 57.883333, 55.7 ], [ 56.083333, 56.5 ], [ 53.66668, 56.5 ], [ 52.200013, 56.416667 ], [ 51.883346, 56.366667 ], [ 50.800013, 56.466667 ] ] ] } },
{ "type": "Feature", "properties": { "id": "00-00-f0-f0", "volumeName": "FIR SAMARKAND", "icaoID": "UTSD" }, "geometry": { "type": "Polygon", "coordinates": [ [ [ 67.177474, 37.258811 ], [ 67.273482, 37.182175 ], [ 67.448975, 37.234626 ], [ 67.500142, 37.281755 ], [ 67.570973, 37.224257 ], [ 67.680734, 37.232611 ], [ 67.779519, 37.178825 ], [ 67.818971, 37.521158 ], [ 67.908077, 37.658915 ], [ 68.326037, 38.056874 ], [ 68.391356, 38.194386 ], [ 68.327757, 38.294652 ], [ 68.206289, 38.360544 ], [ 68.087688, 38.496333 ], [ 68.057893, 38.705462 ], [ 68.123783, 38.762759 ], [ 68.091698, 38.826929 ], [ 68.154149, 38.862453 ], [ 68.108313, 38.970169 ], [ 67.979399, 39.024027 ], [ 67.715837, 39.029184 ], [ 67.6425, 39.174142 ], [ 67.382338, 39.272656 ], [ 67.402963, 39.312196 ], [ 67.504987, 39.360354 ], [ 67.408733, 39.503593 ], [ 67.476667, 39.547839 ], [ 67.800001, 40.116667 ], [ 66.000002, 41.000002 ], [ 63.9, 41.4 ], [ 62.165659, 40.466635 ], [ 62.474533, 39.957285 ], [ 63.689728, 39.273279 ], [ 63.702089, 39.228527 ], [ 64.102409, 39.001151 ], [ 64.188923, 38.959534 ], [ 64.329483, 38.995208 ], [ 64.537153, 38.838801 ], [ 64.813693, 38.685129 ], [ 65.036581, 38.605103 ], [ 65.561821, 38.285949 ], [ 65.838117, 38.249207 ], [ 65.8499, 38.275734 ], [ 65.909293, 38.278318 ], [ 66.164919, 38.155621 ], [ 66.247092, 38.155397 ], [ 66.271552, 38.10708 ], [ 66.392847, 38.032183 ], [ 66.506232, 38.04102 ], [ 66.673181, 37.97453 ], [ 66.707356, 37.915774 ], [ 66.615648, 37.875948 ], [ 66.542088, 37.771837 ], [ 66.526971, 37.539207 ], [ 66.5815, 37.468359 ], [ 66.500885, 37.392739 ], [ 66.655363, 37.323028 ], [ 66.692639, 37.357013 ], [ 66.851224, 37.353482 ], [ 66.946446, 37.398389 ], [ 67.044769, 37.38044 ], [ 67.112045, 37.328109 ], [ 67.125246, 37.273246 ], [ 67.177474, 37.258811 ] ] ] } },
{ "type": "Feature", "properties": { "id": "00-00-f0-f1", "volumeName": "FIR SAN JUAN", "icaoID": "TJZS" }, "geometry": { "type": "Polygon", "coordinates": [ [ [ -63.25, 15.000002 ], [ -63.0, 15.333334 ], [ -63.0, 17.366667 ], [ -62.0, 18.000002 ], [ -61.5, 18.000002 ], [ -61.9, 20.0 ], [ -64.0, 22.0 ], [ -65.134722, 22.097222 ], [ -66.745039, 22.000581 ], [ -67.650505, 21.239017 ], [ -69.15, 19.65 ], [ -68.0, 19.000002 ], [ -68.0, 16.000002 ], [ -65.0, 15.000002 ], [ -63.25, 15.000002 ] ] ] } },
{ "type": "Feature", "properties": { "id": "00-00-f0-f2", "volumeName": "FIR SANA A", "icaoID": "OYSC" }, "geometry": { "type": "Polygon", "coordinates": [ [ [ 43.200003, 12.750002 ], [ 43.334275, 12.600725 ], [ 44.050956, 12.167428 ], [ 44.242253, 11.75388 ], [ 50.766668, 12.183332 ], [ 51.583334, 12.000002 ], [ 60.000002, 12.000002 ], [ 60.000002, 19.800001 ], [ 57.000002, 17.666666 ], [ 53.5, 15.666667 ], [ 52.0, 19.0 ], [ 50.783333, 18.788889 ], [ 49.116667, 18.616667 ], [ 48.183333, 18.166667 ], [ 47.6, 17.45 ], [ 47.466667, 17.116667 ], [ 47.183333, 16.95 ], [ 47.0, 16.95 ], [ 46.75, 17.283333 ], [ 46.366667, 17.233333 ], [ 46.1, 17.25 ], [ 45.4, 17.333333 ], [ 45.216667, 17.433333 ], [ 44.65, 17.433333 ], [ 44.566667, 17.405556 ], [ 44.366111, 17.433333 ], [ 44.138056, 17.408889 ], [ 44.110833, 17.366389 ], [ 44.066667, 17.405833 ], [ 44.011361, 17.402472 ], [ 43.966667, 17.330556 ], [ 43.831944, 17.338889 ], [ 43.788889, 17.375 ], [ 43.683333, 17.366667 ], [ 43.484639, 17.545111 ], [ 43.35475, 17.556389 ], [ 43.24075, 17.480528 ], [ 43.2565, 17.457833 ], [ 43.229671, 17.432074 ], [ 43.228028, 17.385528 ], [ 43.3365, 17.304 ], [ 43.203216, 17.25957 ], [ 43.216306, 17.210361 ], [ 43.151947, 17.174711 ], [ 43.160167, 17.086972 ], [ 43.227222, 17.075361 ], [ 43.248639, 17.01525 ], [ 43.179222, 17.025833 ], [ 43.19404, 16.944712 ], [ 43.138111, 16.917583 ], [ 43.179972, 16.849056 ], [ 43.266611, 16.794889 ], [ 43.26511, 16.753985 ], [ 43.211667, 16.709694 ], [ 43.234722, 16.642833 ], [ 43.144795, 16.671803 ], [ 43.120722, 16.528583 ], [ 42.950306, 16.496972 ], [ 42.94975, 16.399472 ], [ 42.830611, 16.379528 ], [ 42.772139, 16.404111 ], [ 42.15, 16.404111 ], [ 41.783333, 16.29 ], [ 42.0, 16.0 ], [ 41.875, 15.783333 ], [ 41.663056, 15.665278 ], [ 41.500002, 15.633333 ], [ 42.016668, 14.9 ], [ 42.416666, 14.000002 ], [ 43.200003, 12.750002 ] ] ] } },
{ "type": "Feature", "properties": { "id": "00-00-f0-f3", "volumeName": "FIR SANKT-PETERBURG", "icaoID": "ULLL" }, "geometry": { "type": "Polygon", "coordinates": [ [ [ 36.650013, 66.000003 ], [ 35.083346, 66.333337 ], [ 29.606678, 66.400004 ], [ 29.630778, 66.327203 ], [ 29.907486, 66.126956 ], [ 30.131386, 65.719178 ], [ 30.121136, 65.664978 ], [ 30.021667, 65.691103 ], [ 29.719206, 65.638042 ], [ 29.856953, 65.566078 ], [ 29.743397, 65.514453 ], [ 29.744789, 65.341933 ], [ 29.59365, 65.248878 ], [ 29.867303, 65.203333 ], [ 29.820614, 65.1489 ], [ 29.871208, 65.120825 ], [ 29.634522, 65.068336 ], [ 29.603703, 65.007203 ], [ 29.632586, 64.933292 ], [ 29.827639, 64.792744 ], [ 30.142083, 64.770003 ], [ 30.116247, 64.735278 ], [ 30.207928, 64.667789 ], [ 30.196528, 64.650256 ], [ 29.972333, 64.581094 ], [ 30.011358, 64.511667 ], [ 30.084586, 64.483061 ], [ 30.049011, 64.405536 ], [ 30.564067, 64.240017 ], [ 30.547972, 64.17 ], [ 30.614453, 64.086647 ], [ 30.235225, 63.810514 ], [ 29.993308, 63.743617 ], [ 30.504436, 63.473614 ], [ 30.739986, 63.418842 ], [ 31.211933, 63.226639 ], [ 31.292236, 63.101658 ], [ 31.505581, 62.995142 ], [ 31.584181, 62.912472 ], [ 31.465069, 62.806356 ], [ 31.257278, 62.507719 ], [ 30.338167, 61.989114 ], [ 29.825108, 61.648017 ], [ 29.812903, 61.614383 ], [ 27.816667, 60.55 ], [ 27.466667, 60.216667 ], [ 26.55, 60.133333 ], [ 25.866667, 59.883333 ], [ 27.636667, 59.611667 ], [ 28.026388, 59.474993 ], [ 28.193888, 59.375826 ], [ 28.143995, 59.290804 ], [ 27.912539, 59.271822 ], [ 27.724997, 58.987772 ], [ 27.493608, 58.881937 ], [ 27.42861, 58.819162 ], [ 27.542498, 58.413881 ], [ 27.539165, 58.361663 ], [ 27.46472, 58.297777 ], [ 27.474165, 58.213884 ], [ 27.554167, 58.132769 ], [ 27.677221, 58.074167 ], [ 27.642221, 58.02083 ], [ 27.697218, 58.000834 ], [ 27.683886, 57.926386 ], [ 27.823053, 57.87388 ], [ 27.753054, 57.839159 ], [ 27.545832, 57.817774 ], [ 27.572775, 57.802774 ], [ 27.51639, 57.773325 ], [ 27.526667, 57.722765 ], [ 27.413054, 57.690546 ], [ 27.405832, 57.613611 ], [ 27.346945, 57.591105 ], [ 27.372061, 57.535639 ], [ 27.55, 57.533333 ], [ 27.527224, 57.438601 ], [ 27.861109, 57.302217 ], [ 27.833333, 57.183333 ], [ 27.733333, 57.1 ], [ 27.716667, 57.016667 ], [ 27.75, 57.0 ], [ 27.733333, 56.933333 ], [ 27.683333, 56.916667 ], [ 27.666667, 56.833333 ], [ 27.833333, 56.866667 ], [ 27.995206, 56.826617 ], [ 27.901667, 56.751667 ], [ 28.0, 56.683333 ], [ 28.036386, 56.590548 ], [ 28.15, 56.566667 ], [ 28.113054, 56.505556 ], [ 28.189718, 56.440546 ], [ 28.183333, 56.366667 ], [ 28.237776, 56.271105 ], [ 28.2, 56.2 ], [ 28.144722, 56.173333 ], [ 28.166667, 56.15 ], [ 28.312498, 56.049997 ], [ 28.387499, 56.096102 ], [ 28.646109, 56.093607 ], [ 28.754168, 55.953882 ], [ 29.059443, 56.03277 ], [ 29.412218, 55.957773 ], [ 29.464441, 55.911104 ], [ 29.406942, 55.89583 ], [ 29.364488, 55.784371 ], [ 29.455687, 55.713773 ], [ 29.928331, 55.851664 ], [ 30.113752, 55.831823 ], [ 30.226107, 55.866106 ], [ 30.489717, 55.799997 ], [ 30.672012, 55.662223 ], [ 30.726942, 55.656382 ], [ 30.756666, 55.596659 ], [ 30.926249, 55.602571 ], [ 31.166531, 56.915917 ], [ 32.55, 57.35 ], [ 34.566667, 58.2 ], [ 35.816677, 58.583335 ], [ 35.983344, 59.366669 ], [ 35.616677, 60.850002 ], [ 36.650011, 61.250002 ], [ 37.300011, 61.333336 ], [ 36.433345, 63.833336 ], [ 36.0, 64.55 ], [ 35.166679, 65.06667 ], [ 36.650013, 66.000003 ] ] ] } },
{ "type": "Feature", "properties": { "id": "00-00-f0-f4", "volumeName": "FIR SANTA MARIA OCEANIC", "icaoID": "LPPO" }, "geometry": { "type": "Polygon", "coordinates": [ [ [ -37.499779, 17.000137 ], [ -33.137111, 19.618012 ], [ -31.001967, 20.832457 ], [ -27.232546, 22.86485 ], [ -25.0, 24.000002 ], [ -25.0, 30.000002 ], [ -20.0, 30.000002 ], [ -17.419899, 31.662306 ], [ -17.690296, 31.848513 ], [ -17.961131, 32.108175 ], [ -18.073836, 32.253518 ], [ -18.239462, 32.571732 ], [ -18.324293, 32.912108 ], [ -18.332409, 33.085964 ], [ -18.322122, 33.267809 ], [ -18.239477, 33.591333 ], [ -18.066308, 33.917473 ], [ -17.818979, 34.200835 ], [ -15.0, 36.500002 ], [ -15.0, 42.000002 ], [ -13.0, 43.000002 ], [ -13.0, 45.000002 ], [ -40.0, 45.000002 ], [ -40.0, 22.300001 ], [ -37.499779, 17.000137 ] ] ] } },
{ "type": "Feature", "properties": { "id": "00-00-f0-f5", "volumeName": "FIR SANTIAGO", "icaoID": "SCEZ" }, "geometry": { "type": "Polygon", "coordinates": [ [ [ -69.950287, -29.196667 ], [ -69.908066, -29.141392 ], [ -69.7939, -29.098614 ], [ -69.795288, -28.951115 ], [ -69.723068, -28.803337 ], [ -69.74501, -28.660557 ], [ -69.666397, -28.572781 ], [ -69.660843, -28.505836 ], [ -90.0, -28.5 ], [ -90.0, -38.5 ], [ -70.880844, -38.498894 ], [ -70.97084, -38.41806 ], [ -71.013062, -38.23056 ], [ -70.997513, -38.071114 ], [ -71.180283, -37.698059 ], [ -71.171677, -37.618057 ], [ -71.11557, -37.579445 ], [ -71.108063, -37.458618 ], [ -71.196671, -37.296669 ], [ -71.139175, -37.224167 ], [ -71.135284, -37.144173 ], [ -71.079178, -37.104172 ], [ -71.125, -37.075562 ], [ -71.146118, -36.996674 ], [ -71.200012, -36.975838 ], [ -71.122223, -36.946945 ], [ -71.185287, -36.842224 ], [ -71.134735, -36.686668 ], [ -71.045837, -36.685837 ], [ -71.037781, -36.486115 ], [ -70.936111, -36.481949 ], [ -70.887512, -36.400558 ], [ -70.801682, -36.434723 ], [ -70.708069, -36.417778 ], [ -70.704727, -36.270561 ], [ -70.564178, -36.14167 ], [ -70.439728, -36.154449 ], [ -70.370834, -36.053337 ], [ -70.409454, -35.963615 ], [ -70.373611, -35.913895 ], [ -70.412231, -35.89917 ], [ -70.337784, -35.808334 ], [ -70.420288, -35.643616 ], [ -70.396667, -35.503616 ], [ -70.462234, -35.383057 ], [ -70.418625, -35.352226 ], [ -70.550293, -35.296669 ], [ -70.567505, -35.24778 ], [ -70.536392, -35.20639 ], [ -70.368057, -35.15889 ], [ -70.361954, -35.004448 ], [ -70.263626, -34.797783 ], [ -70.313614, -34.748894 ], [ -70.253067, -34.718056 ], [ -70.22139, -34.590004 ], [ -70.047501, -34.409172 ], [ -70.049454, -34.287506 ], [ -69.893341, -34.286118 ], [ -69.889175, -34.259445 ], [ -69.8125, -34.235558 ], [ -69.868896, -34.133614 ], [ -69.848892, -33.971947 ], [ -69.904449, -33.951668 ], [ -69.883057, -33.879723 ], [ -69.906113, -33.787781 ], [ -69.84668, -33.717506 ], [ -69.885284, -33.662781 ], [ -69.868896, -33.551949 ], [ -69.829178, -33.53167 ], [ -69.776672, -33.399727 ], [ -69.79834, -33.286118 ], [ -69.906403, -33.236946 ], [ -69.995834, -33.301949 ], [ -70.098892, -33.172501 ], [ -70.101395, -33.030006 ], [ -70.035278, -32.998337 ], [ -69.987503, -32.878891 ], [ -70.148621, -32.752502 ], [ -70.171112, -32.60778 ], [ -70.128891, -32.569725 ], [ -70.154175, -32.475838 ], [ -70.238892, -32.417503 ], [ -70.244324, -32.309837 ], [ -70.316681, -32.28334 ], [ -70.325287, -32.137505 ], [ -70.380005, -32.051674 ], [ -70.363892, -32.029167 ], [ -70.262512, -32.043617 ], [ -70.234451, -31.942501 ], [ -70.296677, -31.884167 ], [ -70.430283, -31.868614 ], [ -70.476669, -31.726391 ], [ -70.588058, -31.561668 ], [ -70.520844, -31.159168 ], [ -70.457779, -31.089447 ], [ -70.403336, -31.149445 ], [ -70.327789, -31.039722 ], [ -70.255005, -31.034168 ], [ -70.327789, -30.958336 ], [ -70.326675, -30.888058 ], [ -70.206955, -30.505001 ], [ -70.133896, -30.439724 ], [ -70.163345, -30.364723 ], [ -70.029724, -30.397781 ], [ -69.944168, -30.376392 ], [ -69.897507, -30.322502 ], [ -69.87001, -30.210835 ], [ -69.83168, -30.190556 ], [ -69.858612, -30.106945 ], [ -69.97084, -30.084446 ], [ -69.918808, -29.974064 ], [ -69.905563, -29.791115 ], [ -69.915009, -29.717781 ], [ -69.968338, -29.661114 ], [ -69.960556, -29.550282 ], [ -70.034729, -29.349167 ], [ -70.027237, -29.281948 ], [ -69.971115, -29.250278 ], [ -69.978897, -29.208336 ], [ -69.950287, -29.196667 ] ] ] } },
{ "type": "Feature", "properties": { "id": "00-00-f0-f6", "volumeName": "FIR SANTO DOMINGO", "icaoID": "MDCS" }, "geometry": { "type": "Polygon", "coordinates": [ [ [ -69.15, 19.65 ], [ -70.483332, 20.416666 ], [ -71.666666, 20.416666 ], [ -71.777237, 19.772779 ], [ -71.691956, 19.498335 ], [ -71.696671, 19.405554 ], [ -71.766678, 19.331945 ], [ -71.696121, 19.241667 ], [ -71.629181, 19.219721 ], [ -71.63501, 19.158056 ], [ -71.75, 19.019724 ], [ -71.852509, 18.968889 ], [ -71.856049, 18.94784 ], [ -71.779175, 18.957777 ], [ -71.716949, 18.879721 ], [ -71.72612, 18.716112 ], [ -71.83168, 18.622499 ], [ -72.003067, 18.600832 ], [ -71.88501, 18.477221 ], [ -71.907501, 18.437777 ], [ -71.694733, 18.322222 ], [ -71.770279, 18.196112 ], [ -71.744736, 18.13389 ], [ -71.767868, 18.038504 ], [ -71.666666, 17.000002 ], [ -71.666666, 16.000002 ], [ -68.0, 16.000002 ], [ -68.0, 19.000002 ], [ -69.15, 19.65 ] ] ] } },
{ "type": "Feature", "properties": { "id": "00-00-f0-f7", "volumeName": "FIR SANYA", "icaoID": "ZJSA" }, "geometry": { "type": "Polygon", "coordinates": [ [ [ 111.5, 20.5 ], [ 108.050001, 20.500002 ], [ 107.929967, 19.9567 ], [ 107.189722, 19.267778 ], [ 107.683332, 18.333334 ], [ 112.000002, 14.500002 ], [ 114.000002, 14.500002 ], [ 114.000002, 16.666666 ], [ 111.500002, 19.500002 ], [ 111.5, 20.5 ] ] ] } },
{ "type": "Feature", "properties": { "id": "00-00-f0-f8", "volumeName": "FIR SARAJEVO", "icaoID": "LQSB" }, "geometry": { "type": "Polygon", "coordinates": [ [ [ 16.939165, 45.253611 ], [ 16.913332, 45.274164 ], [ 16.824446, 45.187494 ], [ 16.530439, 45.226175 ], [ 16.453611, 45.139719 ], [ 16.397692, 45.121584 ], [ 16.342714, 45.000902 ], [ 16.209723, 45.034441 ], [ 16.015276, 45.218332 ], [ 15.834166, 45.211939 ], [ 15.781111, 45.161943 ], [ 15.765554, 45.082224 ], [ 15.798334, 44.855272 ], [ 15.736944, 44.812494 ], [ 15.854723, 44.714441 ], [ 15.956945, 44.699999 ], [ 16.042501, 44.553888 ], [ 16.12639, 44.498606 ], [ 16.159166, 44.393885 ], [ 16.225, 44.335833 ], [ 16.183889, 44.305834 ], [ 16.179724, 44.218332 ], [ 16.145555, 44.196665 ], [ 16.265001, 44.18944 ], [ 16.354723, 44.081667 ], [ 16.537222, 44.013613 ], [ 16.701387, 43.850557 ], [ 16.722776, 43.786112 ], [ 16.840834, 43.719164 ], [ 16.976389, 43.586107 ], [ 17.269445, 43.451944 ], [ 17.298056, 43.280832 ], [ 17.659166, 43.039446 ], [ 17.683611, 42.967218 ], [ 17.578527, 42.943827 ], [ 17.615278, 42.915552 ], [ 17.554998, 42.933054 ], [ 17.649843, 42.889078 ], [ 17.698057, 42.927217 ], [ 17.82139, 42.920275 ], [ 17.882776, 42.819162 ], [ 17.998888, 42.761385 ], [ 18.100279, 42.750834 ], [ 18.276945, 42.615557 ], [ 18.362501, 42.626665 ], [ 18.455557, 42.565828 ], [ 18.553888, 42.621111 ], [ 18.577501, 42.655001 ], [ 18.560278, 42.712221 ], [ 18.455557, 42.825556 ], [ 18.490835, 42.861666 ], [ 18.478613, 42.956385 ], [ 18.524443, 43.012217 ], [ 18.65, 43.044168 ], [ 18.643888, 43.139162 ], [ 18.707499, 43.214441 ], [ 18.699999, 43.255556 ], [ 18.851656, 43.330774 ], [ 18.839342, 43.348024 ], [ 18.908609, 43.358332 ], [ 19.016668, 43.239443 ], [ 19.07889, 43.262499 ], [ 19.088057, 43.323053 ], [ 19.020555, 43.391939 ], [ 19.023054, 43.435556 ], [ 18.956667, 43.454439 ], [ 18.951666, 43.512499 ], [ 19.011667, 43.556108 ], [ 19.070002, 43.508608 ], [ 19.228811, 43.513216 ], [ 19.371668, 43.616388 ], [ 19.51111, 43.573328 ], [ 19.487501, 43.76333 ], [ 19.251223, 43.962381 ], [ 19.23702, 44.011011 ], [ 19.374166, 43.965555 ], [ 19.524504, 43.958941 ], [ 19.619444, 44.018885 ], [ 19.619722, 44.052217 ], [ 19.571844, 44.049318 ], [ 19.47114, 44.124628 ], [ 19.481039, 44.150019 ], [ 19.35494, 44.187029 ], [ 19.323095, 44.270952 ], [ 19.161707, 44.286013 ], [ 19.104445, 44.355829 ], [ 19.146944, 44.438334 ], [ 19.123404, 44.514544 ], [ 19.188391, 44.545961 ], [ 19.188391, 44.58082 ], [ 19.313612, 44.704721 ], [ 19.371389, 44.889162 ], [ 19.177221, 44.923609 ], [ 19.039721, 44.861383 ], [ 18.861113, 44.858606 ], [ 18.768057, 44.915834 ], [ 18.763887, 44.945002 ], [ 18.800833, 44.949717 ], [ 18.794168, 44.997217 ], [ 18.73139, 44.99972 ], [ 18.669722, 45.061945 ], [ 18.676111, 45.094446 ], [ 18.655554, 45.058054 ], [ 18.61278, 45.062494 ], [ 18.638613, 45.094995 ], [ 18.573332, 45.094995 ], [ 18.574999, 45.068888 ], [ 18.535555, 45.095835 ], [ 18.527777, 45.047495 ], [ 18.429724, 45.106386 ], [ 18.323057, 45.103334 ], [ 18.251944, 45.138887 ], [ 18.216665, 45.129717 ], [ 18.205557, 45.085001 ], [ 18.120001, 45.08333 ], [ 18.070276, 45.104441 ], [ 18.070276, 45.139719 ], [ 18.002222, 45.152498 ], [ 17.86389, 45.048334 ], [ 17.670557, 45.136667 ], [ 17.483889, 45.111109 ], [ 17.494722, 45.136942 ], [ 17.451113, 45.128054 ], [ 17.449999, 45.159441 ], [ 17.372499, 45.140833 ], [ 17.2675, 45.18722 ], [ 17.240557, 45.148607 ], [ 17.177221, 45.148607 ], [ 17.03639, 45.227221 ], [ 17.00889, 45.216387 ], [ 17.01111, 45.239168 ], [ 16.932222, 45.234446 ], [ 16.939165, 45.253611 ] ] ] } },
{ "type": "Feature", "properties": { "id": "00-00-f0-f9", "volumeName": "FIR SCOTTISH", "icaoID": "EGPX" }, "geometry": { "type": "Polygon", "coordinates": [ [ [ 5.000002, 57.0 ], [ 2.610203, 58.516969 ], [ 0.0, 60.000002 ], [ 0.0, 61.000002 ], [ -10.0, 61.000002 ], [ -10.0, 54.566668 ], [ -9.0, 54.746702 ], [ -8.25, 55.333334 ], [ -7.3333, 55.41667 ], [ -6.933329, 55.33 ], [ -8.1667, 54.416662 ], [ -5.5, 53.916666 ], [ -5.5, 55.000002 ], [ 5.000002, 55.000002 ], [ 5.000002, 57.0 ] ] ] } },
{ "type": "Feature", "properties": { "id": "00-00-f0-fa", "volumeName": "FIR SEATTLE", "icaoID": "KZSE" }, "geometry": { "type": "Polygon", "coordinates": [ [ [ -117.036621, 49.00313 ], [ -123.322222, 49.000002 ], [ -123.00861, 48.831114 ], [ -123.008499, 48.767113 ], [ -123.267674, 48.693357 ], [ -123.218792, 48.548482 ], [ -123.115194, 48.422022 ], [ -123.248444, 48.284027 ], [ -123.536653, 48.225486 ], [ -124.010422, 48.296387 ], [ -124.75, 48.500002 ], [ -128.0, 48.333334 ], [ -126.50061, 45.001355 ], [ -126.899999, 40.983335 ], [ -125.333333, 40.216667 ], [ -123.833332, 40.216669 ], [ -123.533333, 40.387503 ], [ -123.533333, 41.333334 ], [ -122.416666, 41.333334 ], [ -121.25, 41.000002 ], [ -119.5, 41.000002 ], [ -119.0, 42.66667 ], [ -119.283333, 43.633333 ], [ -118.449999, 44.85 ], [ -117.75, 45.333334 ], [ -115.0, 45.333334 ], [ -115.0, 48.4167 ], [ -114.6667, 49.000002 ], [ -117.036621, 49.00313 ] ] ] } },
{ "type": "Feature", "properties": { "id": "00-00-f0-fb", "volumeName": "FIR SEYCHELLES", "icaoID": "FSSS" }, "geometry": { "type": "Polygon", "coordinates": [ [ [ 45.000002, -10.0 ], [ 60.000002, -10.0 ], [ 60.000002, 10.700003 ], [ 44.000002, -2.0 ], [ 44.000002, -10.333332 ], [ 45.000002, -10.0 ] ] ] } },
{ "type": "Feature", "properties": { "id": "00-00-f0-fc", "volumeName": "FIR SHANGHAI", "icaoID": "ZSHA" }, "geometry": { "type": "Polygon", "coordinates": [ [ [ 120.000002, 25.000002 ], [ 124.000002, 29.000002 ], [ 124.000002, 38.000002 ], [ 123.0, 38.25 ], [ 120.000002, 38.250002 ], [ 117.500002, 37.483335 ], [ 115.4, 36.666667 ], [ 115.450003, 35.250002 ], [ 115.908333, 34.516667 ], [ 115.813333, 32.908333 ], [ 115.933332, 30.083334 ], [ 114.566668, 29.033335 ], [ 113.950003, 26.700003 ], [ 114.116667, 26.050001 ], [ 114.873333, 25.766667 ], [ 115.416667, 25.091667 ], [ 115.408339, 24.673598 ], [ 116.700003, 24.366667 ], [ 117.183333, 23.7 ], [ 117.500002, 23.500002 ], [ 117.500002, 23.000002 ], [ 120.000002, 25.000002 ] ] ] } },
{ "type": "Feature", "properties": { "id": "00-00-f0-fd", "volumeName": "FIR SHANNON", "icaoID": "EISN" }, "geometry": { "type": "Polygon", "coordinates": [ [ [ -8.0, 51.000002 ], [ -5.5, 52.333334 ], [ -5.5, 53.916666 ], [ -8.1667, 54.416662 ], [ -6.933329, 55.33 ], [ -7.3333, 55.41667 ], [ -8.25, 55.333334 ], [ -9.0, 54.746702 ], [ -10.0, 54.566668 ], [ -15.0, 54.000002 ], [ -15.0, 51.000002 ], [ -8.0, 51.000002 ] ] ] } },
{ "type": "Feature", "properties": { "id": "00-00-f0-fe", "volumeName": "FIR SHANWICK OCEANIC", "icaoID": "EGGX" }, "geometry": { "type": "Polygon", "coordinates": [ [ [ -10.0, 54.566668 ], [ -10.0, 61.000002 ], [ -30.0, 61.000002 ], [ -30.0, 45.000002 ], [ -8.0, 45.000002 ], [ -8.0, 51.000002 ], [ -15.0, 51.000002 ], [ -15.0, 54.000002 ], [ -10.0, 54.566668 ] ] ] } },
{ "type": "Feature", "properties": { "id": "00-00-f0-ff", "volumeName": "FIR SHENYANG", "icaoID": "ZYSH" }, "geometry": { "type": "Polygon", "coordinates": [ [ [ 123.469149, 53.49972 ], [ 123.263323, 53.554438 ], [ 123.153322, 53.500551 ], [ 122.824434, 53.449999 ], [ 122.40999, 53.437212 ], [ 122.314425, 53.487772 ], [ 122.070269, 53.413607 ], [ 121.829988, 53.41305 ], [ 121.473795, 53.323816 ], [ 121.324999, 53.318331 ], [ 121.20833, 53.270548 ], [ 120.863878, 53.279718 ], [ 120.272776, 52.857775 ], [ 120.034418, 52.771662 ], [ 120.026255, 52.637056 ], [ 120.073038, 52.589991 ], [ 120.18915, 52.580278 ], [ 120.440264, 52.637217 ], [ 120.71805, 52.540834 ], [ 120.622759, 52.340273 ], [ 120.759165, 52.239161 ], [ 120.776659, 52.115 ], [ 120.694979, 52.048609 ], [ 120.71277, 51.982492 ], [ 120.652346, 51.913805 ], [ 120.488588, 51.877214 ], [ 120.176378, 51.671938 ], [ 120.096941, 51.661379 ], [ 120.04915, 51.547777 ], [ 119.983049, 51.493052 ], [ 119.956652, 51.389994 ], [ 119.891375, 51.374163 ], [ 119.920824, 51.336382 ], [ 119.80971, 51.264162 ], [ 119.818048, 51.214159 ], [ 119.755259, 51.207499 ], [ 119.78055, 51.166101 ], [ 119.746645, 51.07361 ], [ 119.522493, 50.904993 ], [ 119.502214, 50.74222 ], [ 119.286928, 50.593882 ], [ 119.242205, 50.445269 ], [ 119.138605, 50.394716 ], [ 119.19832, 50.34527 ], [ 119.359423, 50.341936 ], [ 119.318331, 50.092768 ], [ 119.17415, 50.00139 ], [ 118.58333, 49.926943 ], [ 118.464708, 49.824442 ], [ 118.385538, 49.816668 ], [ 118.365808, 49.77833 ], [ 117.89583, 49.549997 ], [ 117.871988, 49.510218 ], [ 117.494432, 49.623049 ], [ 117.169985, 49.652491 ], [ 116.711382, 49.830469 ], [ 116.061655, 48.872766 ], [ 116.084154, 48.815828 ], [ 115.811098, 48.520548 ], [ 115.835825, 48.252497 ], [ 115.53998, 48.135828 ], [ 115.592196, 47.919443 ], [ 115.936899, 47.687212 ], [ 116.115541, 47.821939 ], [ 116.258333, 47.878603 ], [ 116.470263, 47.839159 ], [ 116.874689, 47.888048 ], [ 117.111078, 47.813601 ], [ 117.372194, 47.653597 ], [ 117.801088, 48.010553 ], [ 118.019152, 48.005274 ], [ 118.166658, 48.039438 ], [ 118.539339, 47.994753 ], [ 118.76729, 47.772776 ], [ 119.124971, 47.664988 ], [ 119.149431, 47.533884 ], [ 119.344439, 47.478601 ], [ 119.309404, 47.421984 ], [ 119.724993, 47.168886 ], [ 119.787775, 47.092768 ], [ 119.801378, 46.993883 ], [ 119.87137, 46.920549 ], [ 119.925539, 46.908884 ], [ 119.908602, 46.765001 ], [ 119.934984, 46.719988 ], [ 119.89081, 46.671694 ], [ 119.817209, 46.673883 ], [ 119.714159, 46.599718 ], [ 119.46277, 46.639162 ], [ 119.296656, 46.621378 ], [ 119.070604, 46.672663 ], [ 118.990541, 46.750277 ], [ 118.917765, 46.720545 ], [ 118.878595, 46.772219 ], [ 118.765551, 46.682772 ], [ 118.630816, 46.715548 ], [ 118.464998, 46.693048 ], [ 118.310259, 46.73694 ], [ 117.933596, 46.61944 ], [ 117.834719, 46.532213 ], [ 117.716661, 46.513887 ], [ 117.632753, 46.551104 ], [ 117.598879, 46.61194 ], [ 117.421099, 46.578333 ], [ 117.443865, 46.527773 ], [ 117.391939, 46.478327 ], [ 117.370821, 46.364443 ], [ 117.09305, 46.359438 ], [ 116.841661, 46.39361 ], [ 116.758615, 46.33111 ], [ 116.585543, 46.295832 ], [ 116.566385, 46.246386 ], [ 116.384165, 46.112497 ], [ 116.23749, 45.90555 ], [ 116.281664, 45.806658 ], [ 116.20804, 45.719988 ], [ 116.031374, 45.685549 ], [ 115.701929, 45.458605 ], [ 115.29471, 45.400545 ], [ 117.516668, 43.250002 ], [ 119.35, 39.9 ], [ 119.866667, 39.500002 ], [ 120.000002, 38.250002 ], [ 123.0, 38.25 ], [ 124.000002, 38.000002 ], [ 124.166666, 39.85 ], [ 124.344439, 39.981936 ], [ 124.361368, 40.091661 ], [ 124.554705, 40.24222 ], [ 124.708445, 40.305048 ], [ 124.743319, 40.369989 ], [ 124.832766, 40.409159 ], [ 124.880541, 40.470545 ], [ 125.03998, 40.457216 ], [ 125.017763, 40.530825 ], [ 125.248034, 40.603884 ], [ 125.286104, 40.647493 ], [ 125.405825, 40.620829 ], [ 125.464159, 40.71361 ], [ 125.54471, 40.718599 ], [ 125.56415, 40.77833 ], [ 125.680269, 40.765551 ], [ 125.653055, 40.821665 ], [ 125.761934, 40.883608 ], [ 125.821383, 40.861383 ], [ 125.878595, 40.894716 ], [ 126.016939, 40.899996 ], [ 125.97748, 40.913324 ], [ 126.07332, 40.973047 ], [ 126.132204, 41.044161 ], [ 126.123873, 41.08111 ], [ 126.279161, 41.152773 ], [ 126.456102, 41.357218 ], [ 126.527208, 41.3575 ], [ 126.500818, 41.43194 ], [ 126.584429, 41.568605 ], [ 126.563349, 41.610918 ], [ 126.615129, 41.664171 ], [ 126.722216, 41.698046 ], [ 126.678865, 41.724436 ], [ 126.694704, 41.740274 ], [ 126.786928, 41.692217 ], [ 126.797495, 41.731104 ], [ 126.936098, 41.794443 ], [ 126.936373, 41.763056 ], [ 127.037203, 41.731936 ], [ 127.078051, 41.68194 ], [ 127.040545, 41.654993 ], [ 127.178591, 41.587496 ], [ 127.102205, 41.535273 ], [ 127.287203, 41.501108 ], [ 127.27083, 41.47249 ], [ 127.539148, 41.46361 ], [ 127.557215, 41.42972 ], [ 127.647493, 41.402773 ], [ 127.858324, 41.404436 ], [ 127.873873, 41.439432 ], [ 127.981371, 41.42277 ], [ 128.000826, 41.445543 ], [ 128.020815, 41.408602 ], [ 128.047487, 41.418886 ], [ 128.04413, 41.389437 ], [ 128.155825, 41.382494 ], [ 128.301912, 41.577776 ], [ 128.1019, 41.796106 ], [ 128.05887, 42.003328 ], [ 128.282473, 42.039164 ], [ 128.489412, 41.995546 ], [ 128.729128, 42.046946 ], [ 128.925814, 42.024439 ], [ 128.957735, 42.08111 ], [ 129.033052, 42.102221 ], [ 129.065248, 42.147776 ], [ 129.114412, 42.139437 ], [ 129.210238, 42.217211 ], [ 129.175814, 42.234995 ], [ 129.224398, 42.296389 ], [ 129.190523, 42.313326 ], [ 129.237734, 42.321939 ], [ 129.239962, 42.374163 ], [ 129.344118, 42.414713 ], [ 129.341921, 42.445826 ], [ 129.442202, 42.434435 ], [ 129.539705, 42.363611 ], [ 129.590792, 42.445269 ], [ 129.711916, 42.444155 ], [ 129.724977, 42.56138 ], [ 129.760805, 42.603327 ], [ 129.742739, 42.640833 ], [ 129.787477, 42.674997 ], [ 129.753328, 42.694155 ], [ 129.757753, 42.729715 ], [ 129.851229, 42.959986 ], [ 129.905581, 42.96998 ], [ 129.875582, 42.98971 ], [ 129.907534, 43.005823 ], [ 129.999605, 42.96142 ], [ 130.107454, 42.978327 ], [ 130.135805, 42.962214 ], [ 130.100801, 42.911936 ], [ 130.252199, 42.892496 ], [ 130.243288, 42.718325 ], [ 130.425539, 42.602221 ], [ 130.437197, 42.545 ], [ 130.472475, 42.55694 ], [ 130.461367, 42.593882 ], [ 130.514711, 42.602221 ], [ 130.567476, 42.443048 ], [ 130.604372, 42.421862 ], [ 130.559145, 42.506662 ], [ 130.618013, 42.579439 ], [ 130.605227, 42.619715 ], [ 130.538881, 42.68194 ], [ 130.458864, 42.679995 ], [ 130.405245, 42.71805 ], [ 130.638033, 42.831667 ], [ 130.77054, 42.831942 ], [ 130.818575, 42.876101 ], [ 131.015261, 42.854998 ], [ 131.045809, 42.901934 ], [ 131.123293, 42.910822 ], [ 131.104677, 43.036112 ], [ 131.214418, 43.133051 ], [ 131.191072, 43.196657 ], [ 131.26111, 43.264444 ], [ 131.274141, 43.363329 ], [ 131.311373, 43.392221 ], [ 131.304415, 43.455828 ], [ 131.187197, 43.552774 ], [ 131.220522, 43.59527 ], [ 131.199129, 43.818888 ], [ 131.246065, 43.918055 ], [ 131.231081, 43.973879 ], [ 131.247194, 44.027491 ], [ 131.298037, 44.051935 ], [ 131.095522, 44.691378 ], [ 130.953859, 44.846102 ], [ 131.042482, 44.863329 ], [ 131.118013, 44.925829 ], [ 131.212465, 44.910547 ], [ 131.349977, 44.97471 ], [ 131.466646, 44.967211 ], [ 131.644442, 45.105555 ], [ 131.646364, 45.198877 ], [ 131.753603, 45.213053 ], [ 131.864687, 45.345545 ], [ 131.988558, 45.241938 ], [ 132.923311, 45.021936 ], [ 133.074678, 45.088884 ], [ 133.128023, 45.153048 ], [ 133.09247, 45.244158 ], [ 133.149141, 45.45083 ], [ 133.190523, 45.504168 ], [ 133.417116, 45.569101 ], [ 133.41913, 45.607218 ], [ 133.468294, 45.622217 ], [ 133.45331, 45.647219 ], [ 133.488558, 45.682772 ], [ 133.441927, 45.698046 ], [ 133.508028, 45.777773 ], [ 133.474672, 45.820276 ], [ 133.522219, 45.88666 ], [ 133.58304, 45.871378 ], [ 133.610781, 45.93194 ], [ 133.660463, 45.934572 ], [ 133.724672, 46.065271 ], [ 133.686922, 46.143328 ], [ 133.900179, 46.250315 ], [ 133.883883, 46.293612 ], [ 133.91025, 46.31444 ], [ 133.86191, 46.331385 ], [ 133.928591, 46.392496 ], [ 133.849977, 46.439989 ], [ 133.845797, 46.47555 ], [ 133.901644, 46.572222 ], [ 134.019442, 46.666666 ], [ 134.045534, 46.765001 ], [ 134.011934, 46.823885 ], [ 134.066927, 46.916101 ], [ 134.062746, 46.975267 ], [ 134.131227, 47.074228 ], [ 134.2222, 47.110826 ], [ 134.194704, 47.206659 ], [ 134.147768, 47.249437 ], [ 134.182467, 47.323328 ], [ 134.314699, 47.421106 ], [ 134.479128, 47.427774 ], [ 134.552095, 47.466921 ], [ 134.674135, 47.571939 ], [ 134.683596, 47.629717 ], [ 134.773592, 47.723879 ], [ 134.684359, 47.800905 ], [ 134.655092, 47.882441 ], [ 134.588472, 47.917475 ], [ 134.557192, 47.994715 ], [ 134.583864, 48.062769 ], [ 134.667757, 48.107218 ], [ 134.681368, 48.220545 ], [ 134.740755, 48.26713 ], [ 134.610506, 48.30694 ], [ 134.57181, 48.364466 ], [ 134.482729, 48.350275 ], [ 134.415346, 48.391123 ], [ 134.045809, 48.325274 ], [ 133.978029, 48.259722 ], [ 133.751375, 48.24972 ], [ 133.696352, 48.186937 ], [ 133.593569, 48.172495 ], [ 133.506655, 48.071383 ], [ 133.387209, 48.105272 ], [ 133.088564, 48.101664 ], [ 133.018038, 48.035273 ], [ 132.884432, 48.008608 ], [ 132.80887, 47.941935 ], [ 132.671358, 47.949717 ], [ 132.6597, 47.865831 ], [ 132.542482, 47.713884 ], [ 132.341066, 47.742495 ], [ 131.919436, 47.669992 ], [ 131.678316, 47.69916 ], [ 131.575533, 47.656099 ], [ 131.537203, 47.718882 ], [ 131.441927, 47.738329 ], [ 131.26111, 47.729158 ], [ 131.095247, 47.672434 ], [ 130.963015, 47.70083 ], [ 130.889711, 47.90027 ], [ 130.681368, 48.045549 ], [ 130.659426, 48.098604 ], [ 130.830812, 48.290834 ], [ 130.737459, 48.418329 ], [ 130.763887, 48.479158 ], [ 130.626894, 48.477213 ], [ 130.617464, 48.561937 ], [ 130.521639, 48.607775 ], [ 130.671633, 48.865 ], [ 130.504427, 48.851938 ], [ 130.418032, 48.896105 ], [ 130.221621, 48.864717 ], [ 129.906618, 49.03686 ], [ 129.916353, 49.078531 ], [ 129.83301, 49.117952 ], [ 129.847445, 49.157953 ], [ 129.732698, 49.192934 ], [ 129.721865, 49.266268 ], [ 129.544954, 49.293184 ], [ 129.52347, 49.391237 ], [ 129.482698, 49.418436 ], [ 129.384127, 49.425364 ], [ 129.353548, 49.342302 ], [ 129.199678, 49.390596 ], [ 129.103273, 49.346682 ], [ 129.050783, 49.364733 ], [ 128.992708, 49.44166 ], [ 128.875246, 49.47777 ], [ 128.752474, 49.46805 ], [ 128.802462, 49.55916 ], [ 128.668856, 49.61194 ], [ 128.625948, 49.569674 ], [ 128.401644, 49.577494 ], [ 128.323397, 49.537821 ], [ 128.102755, 49.536661 ], [ 127.974428, 49.602495 ], [ 127.838045, 49.586657 ], [ 127.691362, 49.667215 ], [ 127.671656, 49.74888 ], [ 127.529428, 49.789164 ], [ 127.503885, 49.840548 ], [ 127.531374, 49.919718 ], [ 127.487764, 49.980547 ], [ 127.488314, 50.042223 ], [ 127.569719, 50.128328 ], [ 127.586069, 50.208567 ], [ 127.331385, 50.319162 ], [ 127.354158, 50.413324 ], [ 127.289431, 50.460276 ], [ 127.367754, 50.570833 ], [ 127.279985, 50.680826 ], [ 127.297213, 50.732492 ], [ 127.217485, 50.784166 ], [ 127.127199, 50.915545 ], [ 126.930544, 51.059992 ], [ 126.898615, 51.186655 ], [ 126.972765, 51.318056 ], [ 126.861101, 51.30694 ], [ 126.893335, 51.239161 ], [ 126.816095, 51.26639 ], [ 126.821383, 51.330278 ], [ 126.901934, 51.339434 ], [ 126.91527, 51.37916 ], [ 126.790545, 51.42444 ], [ 126.824709, 51.50139 ], [ 126.802469, 51.536943 ], [ 126.672762, 51.574717 ], [ 126.729158, 51.63833 ], [ 126.721369, 51.708605 ], [ 126.641375, 51.745272 ], [ 126.442202, 51.988047 ], [ 126.461649, 52.026941 ], [ 126.512209, 52.038889 ], [ 126.557215, 52.130548 ], [ 126.31888, 52.192217 ], [ 126.319719, 52.229433 ], [ 126.436373, 52.280825 ], [ 126.320269, 52.308329 ], [ 126.340273, 52.389437 ], [ 126.267488, 52.458605 ], [ 126.197748, 52.464441 ], [ 126.21361, 52.513056 ], [ 126.186098, 52.540834 ], [ 126.084719, 52.589991 ], [ 126.030825, 52.563326 ], [ 125.988588, 52.582216 ], [ 125.97304, 52.641665 ], [ 126.06415, 52.676386 ], [ 126.03554, 52.721102 ], [ 126.095545, 52.764444 ], [ 126.050814, 52.78583 ], [ 125.970545, 52.76333 ], [ 125.859156, 52.851664 ], [ 125.844713, 52.899439 ], [ 125.652483, 52.875551 ], [ 125.648615, 52.912767 ], [ 125.723879, 52.946383 ], [ 125.726091, 52.983606 ], [ 125.616091, 53.052774 ], [ 125.506105, 53.038332 ], [ 125.466089, 53.083879 ], [ 125.164995, 53.193048 ], [ 124.912203, 53.169718 ], [ 124.875528, 53.143885 ], [ 124.889978, 53.094713 ], [ 124.860811, 53.087496 ], [ 124.804979, 53.133051 ], [ 124.705835, 53.134439 ], [ 124.652773, 53.185823 ], [ 124.402208, 53.212214 ], [ 124.255259, 53.356661 ], [ 124.104433, 53.34083 ], [ 123.866381, 53.480547 ], [ 123.697481, 53.495829 ], [ 123.609995, 53.544443 ], [ 123.529428, 53.499437 ], [ 123.523882, 53.548883 ], [ 123.469149, 53.49972 ] ] ] } },
{ "type": "Feature", "properties": { "id": "00-00-f1-00", "volumeName": "FIR SHYMKENT", "icaoID": "UAII" }, "geometry": { "type": "Polygon", "coordinates": [ [ [ 67.973198, 41.144427 ], [ 68.130097, 41.130381 ], [ 68.197711, 41.088553 ], [ 68.252489, 41.133419 ], [ 68.340973, 41.100655 ], [ 68.412, 41.120642 ], [ 68.529461, 41.034697 ], [ 68.662389, 41.014073 ], [ 68.745767, 41.124262 ], [ 68.984396, 41.223783 ], [ 69.056368, 41.379435 ], [ 69.15082, 41.401659 ], [ 69.247759, 41.470545 ], [ 69.419436, 41.474993 ], [ 69.401934, 41.518602 ], [ 69.4247, 41.553606 ], [ 69.642214, 41.673326 ], [ 69.930819, 41.711664 ], [ 70.009157, 41.780268 ], [ 70.144991, 41.831377 ], [ 70.373308, 42.064127 ], [ 70.488314, 42.09997 ], [ 70.539156, 42.038019 ], [ 70.630541, 42.021631 ], [ 70.752779, 42.201075 ], [ 70.856936, 42.196352 ], [ 70.970812, 42.254671 ], [ 70.882497, 42.266746 ], [ 70.87192, 42.307474 ], [ 70.962496, 42.388308 ], [ 70.99637, 42.486635 ], [ 71.060534, 42.460802 ], [ 71.089708, 42.480799 ], [ 71.031099, 42.573587 ], [ 71.167208, 42.604143 ], [ 71.171099, 42.691355 ], [ 71.27527, 42.759142 ], [ 71.369982, 42.750528 ], [ 71.4247, 42.80414 ], [ 71.530275, 42.802195 ], [ 71.597216, 42.76359 ], [ 71.869707, 42.842745 ], [ 72.123873, 42.757189 ], [ 72.296938, 42.773577 ], [ 72.504717, 42.687738 ], [ 72.757219, 42.656069 ], [ 72.883883, 42.554132 ], [ 73.148607, 42.560785 ], [ 73.209154, 42.521341 ], [ 73.3286, 42.512461 ], [ 73.344149, 42.429125 ], [ 73.519716, 42.408007 ], [ 73.533327, 42.434397 ], [ 73.451097, 42.533297 ], [ 73.432482, 42.621065 ], [ 73.52582, 42.799967 ], [ 73.513887, 42.896357 ], [ 73.583879, 43.038576 ], [ 73.831942, 43.129129 ], [ 73.913317, 43.122736 ], [ 73.97304, 43.223848 ], [ 74.05942, 43.188013 ], [ 74.234987, 43.207186 ], [ 74.202013, 43.268503 ], [ 74.321657, 43.213854 ], [ 74.180337, 43.746249 ], [ 74.906182, 44.25071 ], [ 71.917783, 45.077848 ], [ 69.406581, 45.417919 ], [ 64.537818, 47.193194 ], [ 61.683332, 46.166666 ], [ 60.117638, 44.864667 ], [ 61.054288, 44.389895 ], [ 61.149164, 44.2111 ], [ 61.99894, 43.500034 ], [ 63.83233, 42.500028 ], [ 65.676045, 43.021832 ], [ 65.771724, 42.8636 ], [ 66.120335, 42.94548 ], [ 66.090467, 42.352241 ], [ 66.002189, 42.363151 ], [ 65.999054, 41.951979 ], [ 66.535462, 41.871724 ], [ 66.654126, 41.23866 ], [ 66.759493, 41.164835 ], [ 67.042123, 41.12473 ], [ 67.5117, 41.135378 ], [ 67.697806, 41.176647 ], [ 67.973198, 41.144427 ] ] ] } },
{ "type": "Feature", "properties": { "id": "00-00-f1-01", "volumeName": "FIR SIMFEROPOL", "icaoID": "UKFV" }, "geometry": { "type": "Polygon", "coordinates": [ [ [ 36.616667, 44.933332 ], [ 36.533335, 45.205 ], [ 36.595, 45.245 ], [ 36.595034, 45.306667 ], [ 36.683332, 45.378366 ], [ 36.683332, 45.45 ], [ 37.368368, 46.573366 ], [ 36.700003, 46.583334 ], [ 36.000002, 46.966669 ], [ 35.916667, 47.10833 ], [ 34.800001, 47.450003 ], [ 33.05, 47.73333 ], [ 32.883333, 46.766667 ], [ 32.908329, 46.124998 ], [ 30.358333, 44.875 ], [ 30.08, 44.913056 ], [ 30.4, 44.25 ], [ 30.75, 42.8 ], [ 34.0, 42.783333 ], [ 36.266668, 42.733335 ], [ 36.666666, 44.516668 ], [ 36.616667, 44.933332 ] ] ] } },
{ "type": "Feature", "properties": { "id": "00-00-f1-02", "volumeName": "FIR SINGAPORE", "icaoID": "WSJC" }, "geometry": { "type": "Polygon", "coordinates": [ [ [ 102.166668, 1.65 ], [ 102.150634, 1.258215 ], [ 102.194881, 0.954218 ], [ 102.369964, 0.524067 ], [ 102.555942, 0.264414 ], [ 102.811255, 0.02671 ], [ 103.073489, -0.130466 ], [ 103.439322, -0.265052 ], [ 103.65621, -0.298241 ], [ 104.047335, -0.28898 ], [ 104.463143, -0.170871 ], [ 104.766593, -0.000042 ], [ 105.166666, 0.0 ], [ 106.000002, -0.833332 ], [ 108.000002, 0.0 ], [ 108.999996, 0.000986 ], [ 108.99892, 0.30139 ], [ 108.91167, 0.31786 ], [ 108.94341, 0.39389 ], [ 108.9031, 0.4948 ], [ 108.92543, 0.60521 ], [ 108.839, 0.8146 ], [ 108.93945, 0.89012 ], [ 108.971544, 0.999927 ], [ 108.500002, 1.000002 ], [ 108.500002, 2.250002 ], [ 113.328141, 6.000123 ], [ 116.500002, 8.416666 ], [ 114.000002, 10.500002 ], [ 108.000002, 7.000002 ], [ 103.000002, 7.000002 ], [ 102.666666, 6.750002 ], [ 103.733335, 4.833334 ], [ 103.666666, 3.666666 ], [ 104.750002, 2.6 ], [ 104.333334, 1.333334 ], [ 104.074033, 1.329339 ], [ 104.095636, 1.39794 ], [ 104.068848, 1.43503 ], [ 103.919226, 1.423232 ], [ 103.804094, 1.477413 ], [ 103.676703, 1.433707 ], [ 103.6, 1.283333 ], [ 103.500002, 1.216665 ], [ 102.166668, 1.65 ] ] ] } },
{ "type": "Feature", "properties": { "id": "00-00-f1-05", "volumeName": "FIR SKOPJE", "icaoID": "LWSS" }, "geometry": { "type": "Polygon", "coordinates": [ [ [ 21.783333, 42.283333 ], [ 21.310556, 42.138889 ], [ 20.895556, 42.096944 ], [ 20.56068, 41.86835 ], [ 20.57234, 41.78911 ], [ 20.53213, 41.77675 ], [ 20.51399, 41.72283 ], [ 20.55766, 41.58217 ], [ 20.4597, 41.55503 ], [ 20.45242, 41.51887 ], [ 20.56002, 41.40839 ], [ 20.49106, 41.3329 ], [ 20.51573, 41.23076 ], [ 20.59443, 41.13689 ], [ 20.59564, 41.09251 ], [ 20.66972, 41.08727 ], [ 20.7317, 40.91169 ], [ 20.94642, 40.92276 ], [ 20.98057, 40.85522 ], [ 21.14349, 40.85545 ], [ 21.20683, 40.88434 ], [ 21.31361, 40.86729 ], [ 21.41709, 40.91804 ], [ 21.52486, 40.90994 ], [ 21.59294, 40.86636 ], [ 21.67106, 40.89942 ], [ 21.68417, 40.94113 ], [ 21.78803, 40.93136 ], [ 21.80036, 40.97484 ], [ 21.91375, 41.05024 ], [ 21.90938, 41.09176 ], [ 22.06189, 41.16114 ], [ 22.12955, 41.12344 ], [ 22.21601, 41.17003 ], [ 22.32349, 41.15179 ], [ 22.33251, 41.12079 ], [ 22.59038, 41.11789 ], [ 22.66636, 41.1867 ], [ 22.71141, 41.13986 ], [ 22.74775, 41.16547 ], [ 22.7684, 41.32639 ], [ 22.9641, 41.3535 ], [ 22.95254, 41.41825 ], [ 22.97943, 41.44751 ], [ 22.94813, 41.63257 ], [ 23.03397, 41.72238 ], [ 22.90191, 41.87645 ], [ 22.86556, 42.02228 ], [ 22.67518, 42.06478 ], [ 22.52834, 42.1399 ], [ 22.365785, 42.324139 ], [ 21.783333, 42.283333 ] ] ] } },
{ "type": "Feature", "properties": { "id": "00-00-f1-06", "volumeName": "FIR SOFIA", "icaoID": "LBSR" }, "geometry": { "type": "Polygon", "coordinates": [ [ [ 22.365785, 42.324139 ], [ 22.52834, 42.1399 ], [ 22.67518, 42.06478 ], [ 22.86606, 42.02168 ], [ 22.90191, 41.87645 ], [ 23.03397, 41.72238 ], [ 22.94813, 41.63257 ], [ 22.97943, 41.44751 ], [ 22.938058, 41.341665 ], [ 23.180834, 41.322779 ], [ 23.294722, 41.406107 ], [ 23.344446, 41.36944 ], [ 23.440554, 41.409441 ], [ 23.635832, 41.378054 ], [ 23.674723, 41.409998 ], [ 23.769445, 41.402773 ], [ 23.913332, 41.480272 ], [ 23.974443, 41.440554 ], [ 24.019445, 41.470552 ], [ 24.05361, 41.456385 ], [ 24.097502, 41.551111 ], [ 24.184721, 41.516665 ], [ 24.269445, 41.570002 ], [ 24.317778, 41.519442 ], [ 24.460001, 41.529718 ], [ 24.52611, 41.572222 ], [ 24.612501, 41.430277 ], [ 24.712221, 41.423334 ], [ 24.809446, 41.352221 ], [ 24.819445, 41.405001 ], [ 24.903891, 41.411943 ], [ 25.118891, 41.346102 ], [ 25.285002, 41.243052 ], [ 25.528334, 41.284433 ], [ 25.567778, 41.322222 ], [ 25.70944, 41.297213 ], [ 25.829996, 41.34749 ], [ 25.886663, 41.309168 ], [ 26.139997, 41.354715 ], [ 26.198053, 41.43944 ], [ 26.160555, 41.479158 ], [ 26.183886, 41.536943 ], [ 26.148333, 41.56222 ], [ 26.134722, 41.632212 ], [ 26.068605, 41.660273 ], [ 26.074446, 41.711939 ], [ 26.231421, 41.749964 ], [ 26.277224, 41.709993 ], [ 26.361097, 41.711054 ], [ 26.331945, 41.74888 ], [ 26.374723, 41.819155 ], [ 26.542219, 41.828051 ], [ 26.625277, 41.983332 ], [ 26.843328, 41.972216 ], [ 26.966108, 42.005274 ], [ 27.043055, 42.085833 ], [ 27.201666, 42.060556 ], [ 27.233053, 42.109995 ], [ 27.361666, 42.064997 ], [ 27.410002, 41.995829 ], [ 27.572222, 41.907221 ], [ 27.575556, 41.93638 ], [ 27.705832, 41.977488 ], [ 27.834997, 41.947779 ], [ 27.830275, 42.00139 ], [ 28.013056, 41.982218 ], [ 29.000002, 42.116667 ], [ 30.750002, 42.800001 ], [ 30.533329, 43.683333 ], [ 29.033335, 43.733335 ], [ 29.000002, 43.666666 ], [ 28.583246, 43.747766 ], [ 28.257772, 43.764437 ], [ 28.001944, 43.853601 ], [ 27.927774, 44.002771 ], [ 27.736383, 43.959719 ], [ 27.656111, 44.042498 ], [ 27.4, 44.021936 ], [ 27.290552, 44.088053 ], [ 27.272715, 44.132151 ], [ 27.029985, 44.148149 ], [ 26.144163, 43.986383 ], [ 25.786943, 43.713053 ], [ 25.567801, 43.645899 ], [ 25.375277, 43.622766 ], [ 25.261946, 43.678057 ], [ 24.985277, 43.727495 ], [ 24.705557, 43.715273 ], [ 24.506388, 43.762217 ], [ 24.352499, 43.695551 ], [ 24.179998, 43.684717 ], [ 23.744394, 43.805101 ], [ 23.612501, 43.796106 ], [ 23.427149, 43.855234 ], [ 23.071459, 43.802179 ], [ 22.875277, 43.842501 ], [ 22.840689, 43.888285 ], [ 22.879721, 43.981668 ], [ 23.003408, 44.017801 ], [ 23.044168, 44.076113 ], [ 22.67639, 44.224718 ], [ 22.616667, 44.172777 ], [ 22.622499, 44.070833 ], [ 22.416945, 44.006945 ], [ 22.359446, 43.816942 ], [ 22.4275, 43.688608 ], [ 22.495554, 43.645555 ], [ 22.495554, 43.570276 ], [ 22.543333, 43.472498 ], [ 22.766668, 43.385828 ], [ 22.904444, 43.230829 ], [ 23.007223, 43.196108 ], [ 22.966391, 43.101664 ], [ 22.790834, 42.985277 ], [ 22.745554, 42.89361 ], [ 22.525, 42.878611 ], [ 22.442221, 42.821665 ], [ 22.50139, 42.739168 ], [ 22.461111, 42.692499 ], [ 22.438612, 42.574717 ], [ 22.558054, 42.479166 ], [ 22.456388, 42.340273 ], [ 22.365785, 42.324139 ] ] ] } },
{ "type": "Feature", "properties": { "id": "00-00-f1-07", "volumeName": "FIR NUUK", "icaoID": "BGGL" }, "geometry": { "type": "Polygon", "coordinates": [ [ [ -43.0, 58.5 ], [ -42.170229, 59.682235 ], [ -40.77805, 61.483393 ], [ -40.188762, 62.183892 ], [ -39.0, 63.500002 ], [ -36.823186, 64.569024 ], [ -34.501785, 65.594252 ], [ -32.060331, 66.563422 ], [ -30.022865, 67.286711 ], [ -28.019971, 67.933785 ], [ -26.071573, 68.508211 ], [ -24.198185, 69.013897 ], [ -22.056065, 69.541003 ], [ -20.0, 70.000002 ], [ -20.0, 73.000002 ], [ 0.0, 73.000002 ], [ 0.0, 82.000002 ], [ 30.000002, 82.000002 ], [ 30.000002, 90.0 ], [ -60.0, 90.0 ], [ -60.0, 82.000002 ], [ -63.855317, 81.301258 ], [ -65.718099, 80.902993 ], [ -68.013925, 80.344849 ], [ -69.924443, 79.813066 ], [ -71.762374, 79.232052 ], [ -73.09973, 78.758983 ], [ -75.0, 78.000002 ], [ -75.48209, 77.111623 ], [ -75.999999, 76.000002 ], [ -74.254913, 75.429155 ], [ -72.928515, 74.954673 ], [ -71.501566, 74.400061 ], [ -70.168978, 73.836017 ], [ -68.843316, 73.225297 ], [ -67.759482, 72.684933 ], [ -66.251156, 71.863709 ], [ -64.87087, 71.032214 ], [ -63.333333, 70.0 ], [ -61.975731, 68.986107 ], [ -60.773099, 67.991666 ], [ -59.948225, 67.250486 ], [ -58.760003, 66.08771 ], [ -57.75, 65.000002 ], [ -55.665042, 63.500131 ], [ -54.657127, 62.736854 ], [ -53.058618, 61.423632 ], [ -51.589846, 60.092907 ], [ -50.0, 58.500002 ], [ -43.0, 58.5 ] ] ] } },
{ "type": "Feature", "properties": { "id": "00-00-f1-08", "volumeName": "FIR SWEDEN", "icaoID": "ESAA" }, "geometry": { "type": "Polygon", "coordinates": [ [ [ 21.315279, 68.752779 ], [ 21.081388, 68.866655 ], [ 20.895277, 68.893602 ], [ 20.888887, 68.925829 ], [ 20.93889, 68.95833 ], [ 20.846388, 69.011934 ], [ 20.548611, 69.06 ], [ 20.096945, 69.042223 ], [ 20.314722, 68.928331 ], [ 20.350279, 68.786654 ], [ 20.202501, 68.662218 ], [ 19.956388, 68.543886 ], [ 20.211111, 68.48221 ], [ 19.948057, 68.340822 ], [ 18.952223, 68.48778 ], [ 18.611944, 68.475267 ], [ 18.358057, 68.539156 ], [ 18.090834, 68.507769 ], [ 18.045832, 68.409441 ], [ 18.155279, 68.166109 ], [ 17.884165, 67.945543 ], [ 17.273611, 68.090548 ], [ 17.188334, 68.030275 ], [ 16.726946, 67.899157 ], [ 16.576944, 67.665545 ], [ 16.508333, 67.609163 ], [ 16.382502, 67.515551 ], [ 16.192221, 67.500002 ], [ 16.085833, 67.411654 ], [ 16.361387, 67.23778 ], [ 16.405832, 67.163332 ], [ 16.353888, 67.017778 ], [ 16.01, 66.890825 ], [ 15.625834, 66.605822 ], [ 15.36278, 66.479998 ], [ 15.468054, 66.283876 ], [ 15.025278, 66.149996 ], [ 14.504999, 66.132494 ], [ 14.634722, 65.826937 ], [ 14.535002, 65.702776 ], [ 14.500555, 65.585833 ], [ 14.493055, 65.313601 ], [ 14.368891, 65.24666 ], [ 14.268057, 65.071657 ], [ 13.6625, 64.582766 ], [ 13.862223, 64.512499 ], [ 14.116388, 64.470552 ], [ 14.154722, 64.185823 ], [ 13.988333, 64.018053 ], [ 13.230001, 64.09305 ], [ 12.938055, 64.053331 ], [ 12.667776, 63.963335 ], [ 12.274721, 63.65333 ], [ 12.139444, 63.584162 ], [ 12.195002, 63.485277 ], [ 11.936388, 63.272219 ], [ 12.168612, 63.015833 ], [ 12.028891, 62.892496 ], [ 12.089445, 62.749445 ], [ 12.011946, 62.601389 ], [ 12.047777, 62.59083 ], [ 12.295832, 62.261667 ], [ 12.124445, 61.728609 ], [ 12.406668, 61.573328 ], [ 12.530001, 61.566111 ], [ 12.856112, 61.362497 ], [ 12.772223, 61.20083 ], [ 12.655001, 61.062494 ], [ 12.407778, 61.053888 ], [ 12.210001, 61.002497 ], [ 12.319166, 60.884165 ], [ 12.38611, 60.750834 ], [ 12.499166, 60.64583 ], [ 12.510557, 60.589441 ], [ 12.594446, 60.516939 ], [ 12.597502, 60.424997 ], [ 12.48778, 60.295275 ], [ 12.507502, 60.169443 ], [ 12.461943, 60.063608 ], [ 12.140001, 59.88833 ], [ 11.956945, 59.896944 ], [ 11.815279, 59.845835 ], [ 11.891111, 59.794718 ], [ 11.902777, 59.707773 ], [ 11.66625, 59.595484 ], [ 11.798334, 59.245279 ], [ 11.754446, 59.188051 ], [ 11.751112, 59.090273 ], [ 11.681391, 59.025278 ], [ 11.626665, 58.909166 ], [ 11.431944, 58.888613 ], [ 11.429193, 58.987642 ], [ 11.315001, 59.101389 ], [ 11.166388, 59.06444 ], [ 11.115, 58.991945 ], [ 11.183054, 58.984446 ], [ 11.106943, 58.949999 ], [ 10.638889, 58.892222 ], [ 10.500002, 58.500002 ], [ 11.459438, 57.365321 ], [ 12.368056, 56.214722 ], [ 12.6625, 56.004168 ], [ 12.710279, 55.822779 ], [ 12.897501, 55.638891 ], [ 12.612223, 55.427225 ], [ 12.85, 54.916666 ], [ 14.3575, 54.916667 ], [ 14.52813, 54.829424 ], [ 14.777313, 54.798423 ], [ 14.964099, 54.828803 ], [ 15.134782, 54.916666 ], [ 15.866667, 54.916666 ], [ 17.550001, 55.85 ], [ 19.833334, 57.000002 ], [ 21.000002, 59.000002 ], [ 19.983335, 59.566668 ], [ 19.083334, 60.200003 ], [ 19.133329, 60.300001 ], [ 19.500002, 61.666666 ], [ 20.166666, 63.166666 ], [ 20.666667, 63.475 ], [ 21.500002, 63.616667 ], [ 22.9, 64.683332 ], [ 24.133333, 65.516668 ], [ 24.166666, 65.830553 ], [ 23.925554, 66.140001 ], [ 23.722223, 66.200274 ], [ 23.639166, 66.430544 ], [ 23.725279, 66.500826 ], [ 23.878611, 66.557222 ], [ 23.890001, 66.743044 ], [ 24.007776, 66.800554 ], [ 23.571665, 67.156664 ], [ 23.610277, 67.201662 ], [ 23.584444, 67.223879 ], [ 23.605555, 67.259432 ], [ 23.773333, 67.31444 ], [ 23.744722, 67.368334 ], [ 23.767778, 67.416109 ], [ 23.549166, 67.453325 ], [ 23.486944, 67.438051 ], [ 23.428888, 67.475832 ], [ 23.471945, 67.556383 ], [ 23.55361, 67.587496 ], [ 23.480833, 67.726656 ], [ 23.483332, 67.863054 ], [ 23.666113, 67.941668 ], [ 23.394445, 68.042498 ], [ 23.307222, 68.139162 ], [ 23.151388, 68.122774 ], [ 23.142221, 68.229998 ], [ 22.82361, 68.388048 ], [ 22.334723, 68.472765 ], [ 22.050554, 68.479158 ], [ 21.897223, 68.569994 ], [ 21.735556, 68.583605 ], [ 21.623056, 68.649431 ], [ 21.465555, 68.678057 ], [ 21.406668, 68.743608 ], [ 21.315279, 68.752779 ] ] ] } },
{ "type": "Feature", "properties": { "id": "00-00-f1-09", "volumeName": "FIR SWITZERLAND", "icaoID": "LSAS" }, "geometry": { "type": "Polygon", "coordinates": [ [ [ 9.608814, 47.062209 ], [ 9.635036, 47.128079 ], [ 9.56486, 47.170402 ], [ 9.584617, 47.205353 ], [ 9.531257, 47.270159 ], [ 9.605276, 47.359995 ], [ 9.67, 47.387774 ], [ 9.65111, 47.45833 ], [ 9.567499, 47.491106 ], [ 9.566725, 47.540453 ], [ 9.233333, 47.658333 ], [ 9.233333, 47.791667 ], [ 8.866667, 47.783335 ], [ 8.85, 47.883333 ], [ 7.683332, 47.566668 ], [ 7.66538, 47.61246 ], [ 7.557222, 47.581385 ], [ 7.498613, 47.548052 ], [ 7.524168, 47.536943 ], [ 7.496946, 47.494997 ], [ 7.431944, 47.496111 ], [ 7.45278, 47.469995 ], [ 7.382502, 47.432497 ], [ 7.24111, 47.421946 ], [ 7.178335, 47.445833 ], [ 7.198057, 47.495279 ], [ 7.025, 47.508051 ], [ 6.990557, 47.497217 ], [ 7.005556, 47.451387 ], [ 6.943609, 47.434443 ], [ 6.879999, 47.360277 ], [ 7.023058, 47.371668 ], [ 7.053335, 47.335001 ], [ 6.948336, 47.291941 ], [ 6.941389, 47.2325 ], [ 6.705, 47.086107 ], [ 6.70278, 47.038607 ], [ 6.435556, 46.930552 ], [ 6.465555, 46.878611 ], [ 6.434168, 46.809168 ], [ 6.45278, 46.774439 ], [ 6.129999, 46.593332 ], [ 6.162733, 46.558596 ], [ 6.07889, 46.475832 ], [ 6.071112, 46.426386 ], [ 6.158609, 46.369997 ], [ 6.106112, 46.297495 ], [ 6.117224, 46.260553 ], [ 5.968054, 46.212496 ], [ 6.004694, 46.17415 ], [ 5.968378, 46.139742 ], [ 6.152224, 46.153612 ], [ 6.303057, 46.245829 ], [ 6.225557, 46.322496 ], [ 6.295557, 46.394167 ], [ 6.633612, 46.464167 ], [ 6.803057, 46.427774 ], [ 6.7675, 46.352495 ], [ 6.844446, 46.271387 ], [ 6.796946, 46.221666 ], [ 6.783892, 46.14805 ], [ 6.884447, 46.126108 ], [ 6.866667, 46.053606 ], [ 6.929167, 46.065279 ], [ 7.099447, 45.883608 ], [ 7.393332, 45.916109 ], [ 7.55028, 45.990831 ], [ 7.653055, 45.979998 ], [ 7.724722, 45.926943 ], [ 7.855742, 45.919054 ], [ 7.881945, 45.977777 ], [ 8.008612, 46.008333 ], [ 8.042501, 46.098055 ], [ 8.14889, 46.149439 ], [ 8.158335, 46.18889 ], [ 8.090834, 46.256388 ], [ 8.105276, 46.278055 ], [ 8.295832, 46.375277 ], [ 8.306112, 46.424723 ], [ 8.436388, 46.463335 ], [ 8.466665, 46.396387 ], [ 8.445555, 46.245829 ], [ 8.530001, 46.216944 ], [ 8.617777, 46.120279 ], [ 8.826113, 46.096666 ], [ 8.852499, 46.05694 ], [ 8.785276, 45.99 ], [ 8.895555, 45.955828 ], [ 8.936388, 45.87694 ], [ 8.917223, 45.83333 ], [ 9.031668, 45.823885 ], [ 9.085554, 45.901941 ], [ 8.996668, 45.97333 ], [ 9.033506, 46.001505 ], [ 9.009443, 46.039164 ], [ 9.074999, 46.066385 ], [ 9.083334, 46.121111 ], [ 9.24341, 46.236712 ], [ 9.297499, 46.348886 ], [ 9.250002, 46.440279 ], [ 9.288889, 46.500277 ], [ 9.372778, 46.507502 ], [ 9.407778, 46.472773 ], [ 9.459166, 46.508051 ], [ 9.456667, 46.387774 ], [ 9.581945, 46.296946 ], [ 9.708334, 46.298334 ], [ 9.737597, 46.357828 ], [ 9.949999, 46.379168 ], [ 9.991945, 46.357775 ], [ 9.995001, 46.291666 ], [ 10.072779, 46.220278 ], [ 10.177221, 46.272501 ], [ 10.106668, 46.337496 ], [ 10.1625, 46.414995 ], [ 10.045, 46.449167 ], [ 10.05028, 46.539995 ], [ 10.105276, 46.611383 ], [ 10.233332, 46.640001 ], [ 10.247499, 46.583887 ], [ 10.305555, 46.553888 ], [ 10.471109, 46.551668 ], [ 10.486387, 46.61944 ], [ 10.405279, 46.644442 ], [ 10.385, 46.684717 ], [ 10.4475, 46.763056 ], [ 10.430555, 46.799723 ], [ 10.488913, 46.934214 ], [ 10.429998, 46.984163 ], [ 10.357222, 46.997217 ], [ 10.313055, 46.92972 ], [ 10.243055, 46.932222 ], [ 10.23139, 46.878885 ], [ 10.109446, 46.850275 ], [ 9.879446, 46.939157 ], [ 9.875555, 47.022493 ], [ 9.608814, 47.062209 ] ] ] } },
{ "type": "Feature", "properties": { "id": "00-00-f1-0a", "volumeName": "FIR SYKTYVKAR", "icaoID": "UUYY" }, "geometry": { "type": "Polygon", "coordinates": [ [ [ 65.424455, 67.001745 ], [ 67.033355, 67.4 ], [ 68.000023, 68.433333 ], [ 66.783356, 68.866667 ], [ 66.251121, 69.850934 ], [ 65.666692, 70.833334 ], [ 66.283359, 71.500001 ], [ 57.650023, 71.166668 ], [ 57.600023, 70.716669 ], [ 58.566688, 69.466668 ], [ 59.316688, 68.966668 ], [ 59.700021, 68.466668 ], [ 57.966667, 67.0 ], [ 55.133352, 67.033335 ], [ 51.883333, 66.783333 ], [ 50.0, 65.816667 ], [ 50.266667, 64.833333 ], [ 48.450927, 63.927383 ], [ 46.750014, 63.000002 ], [ 48.166681, 62.000001 ], [ 48.66668, 60.333334 ], [ 50.000014, 60.000001 ], [ 52.000014, 60.000001 ], [ 55.7, 60.716667 ], [ 57.216667, 61.166667 ], [ 59.5, 62.0 ], [ 59.716667, 63.2 ], [ 60.066687, 64.466667 ], [ 61.685692, 65.476072 ], [ 63.433333, 66.466667 ], [ 65.424455, 67.001745 ] ] ] } },
{ "type": "Feature", "properties": { "id": "00-00-f1-0b", "volumeName": "FIR TAHITI", "icaoID": "NTTT" }, "geometry": { "type": "Polygon", "coordinates": [ [ [ -120.0, -15.0 ], [ -120.0, 3.500002 ], [ -145.0, 3.500002 ], [ -155.0, -5.0 ], [ -157.0, -5.0 ], [ -157.0, -30.0 ], [ -120.0, -30.0 ], [ -120.0, -15.0 ] ] ] } },
{ "type": "Feature", "properties": { "id": "00-00-f1-0c", "volumeName": "FIR TAIPEI", "icaoID": "RCAA" }, "geometry": { "type": "Polygon", "coordinates": [ [ [ 121.500002, 21.000002 ], [ 124.000002, 23.500002 ], [ 124.000002, 29.000002 ], [ 120.000002, 25.000002 ], [ 117.500002, 23.000002 ], [ 117.500002, 21.000002 ], [ 121.500002, 21.000002 ] ] ] } },
{ "type": "Feature", "properties": { "id": "00-00-f1-0d", "volumeName": "FIR TALLINN", "icaoID": "EETT" }, "geometry": { "type": "Polygon", "coordinates": [ [ [ 28.121851, 59.288694 ], [ 28.179323, 59.328238 ], [ 28.195276, 59.36944 ], [ 28.170275, 59.397776 ], [ 27.636667, 59.611667 ], [ 25.866667, 59.883333 ], [ 25.333334, 59.916666 ], [ 24.883333, 59.883333 ], [ 21.000002, 59.000002 ], [ 20.642733, 58.413301 ], [ 21.483335, 58.116667 ], [ 21.613302, 57.895033 ], [ 21.716669, 57.786634 ], [ 21.916101, 57.749434 ], [ 22.143335, 57.779169 ], [ 22.583635, 57.927469 ], [ 22.707502, 57.940832 ], [ 23.180868, 57.586435 ], [ 23.406099, 57.593935 ], [ 23.58227, 57.669767 ], [ 23.648634, 57.782766 ], [ 23.601103, 57.899134 ], [ 24.261103, 57.917269 ], [ 24.314981, 57.871828 ], [ 24.402498, 57.870546 ], [ 24.542776, 57.951662 ], [ 24.706942, 57.955828 ], [ 24.754168, 58.000834 ], [ 24.839167, 57.982492 ], [ 25.091665, 58.071665 ], [ 25.17972, 58.070276 ], [ 25.247217, 57.992495 ], [ 25.300001, 58.014162 ], [ 25.263056, 58.069162 ], [ 25.295, 58.084436 ], [ 25.348333, 58.036661 ], [ 25.421663, 58.035555 ], [ 25.466108, 57.99222 ], [ 25.576387, 57.966936 ], [ 25.622774, 57.916384 ], [ 25.749163, 57.931108 ], [ 25.80139, 57.865831 ], [ 26.031389, 57.85 ], [ 26.033609, 57.7875 ], [ 26.180277, 57.721933 ], [ 26.299166, 57.611383 ], [ 26.460276, 57.570551 ], [ 26.511389, 57.526102 ], [ 26.829165, 57.582499 ], [ 26.898333, 57.633883 ], [ 27.01861, 57.611383 ], [ 27.080553, 57.563608 ], [ 27.346945, 57.522219 ], [ 27.372061, 57.535639 ], [ 27.348055, 57.595545 ], [ 27.414164, 57.632769 ], [ 27.400831, 57.678049 ], [ 27.526667, 57.722765 ], [ 27.51639, 57.773325 ], [ 27.572775, 57.802774 ], [ 27.545832, 57.817774 ], [ 27.753054, 57.839159 ], [ 27.823053, 57.87388 ], [ 27.683886, 57.926386 ], [ 27.697218, 58.000834 ], [ 27.642221, 58.02083 ], [ 27.677221, 58.074167 ], [ 27.554167, 58.132769 ], [ 27.474165, 58.213884 ], [ 27.46472, 58.297777 ], [ 27.539165, 58.361663 ], [ 27.542498, 58.413881 ], [ 27.426107, 58.813608 ], [ 27.493608, 58.881937 ], [ 27.724997, 58.987772 ], [ 27.912539, 59.271822 ], [ 28.121851, 59.288694 ] ] ] } },
{ "type": "Feature", "properties": { "id": "00-00-f1-0e", "volumeName": "FIR TARKO-SALE", "icaoID": "USDS" }, "geometry": { "type": "Polygon", "coordinates": [ [ [ 81.665834, 67.399899 ], [ 78.216689, 66.999998 ], [ 73.960022, 67.301666 ], [ 73.501728, 65.40254 ], [ 72.333353, 64.833332 ], [ 71.533352, 63.449999 ], [ 72.866686, 63.499999 ], [ 75.833353, 63.999998 ], [ 77.50002, 63.349998 ], [ 84.611447, 63.202729 ], [ 84.800001, 63.450003 ], [ 84.036494, 64.712763 ], [ 83.198495, 65.970995 ], [ 82.783335, 66.550001 ], [ 81.665834, 67.399899 ] ] ] } },
{ "type": "Feature", "properties": { "id": "00-00-f1-0f", "volumeName": "FIR TASHKENT", "icaoID": "UTTR" }, "geometry": { "type": "Polygon", "coordinates": [ [ [ 67.973198, 41.144427 ], [ 67.697806, 41.176647 ], [ 67.5117, 41.135378 ], [ 67.042123, 41.12473 ], [ 66.759493, 41.164835 ], [ 66.654126, 41.23866 ], [ 66.535462, 41.871724 ], [ 65.999054, 41.951979 ], [ 66.002189, 42.363151 ], [ 66.090467, 42.352241 ], [ 66.120335, 42.94548 ], [ 65.771724, 42.8636 ], [ 65.676045, 43.021832 ], [ 63.833334, 42.500002 ], [ 63.617566, 42.617169 ], [ 62.99898, 42.378352 ], [ 62.998993, 41.558333 ], [ 66.000002, 41.000002 ], [ 67.800001, 40.116667 ], [ 67.476667, 39.547839 ], [ 67.512148, 39.591943 ], [ 67.792909, 39.657838 ], [ 68.160768, 39.558147 ], [ 68.554974, 39.567894 ], [ 68.599091, 39.638366 ], [ 68.608831, 39.758688 ], [ 68.773844, 39.900209 ], [ 68.850047, 39.849789 ], [ 68.902187, 39.880729 ], [ 68.838016, 40.068086 ], [ 68.920521, 40.07095 ], [ 68.977816, 40.122516 ], [ 68.92052, 40.156319 ], [ 68.678159, 40.097307 ], [ 68.632894, 40.108191 ], [ 68.631177, 40.140277 ], [ 68.911352, 40.221065 ], [ 69.399513, 40.233669 ], [ 69.239085, 40.391807 ], [ 69.208719, 40.517857 ], [ 69.283204, 40.725268 ], [ 69.378313, 40.814076 ], [ 69.438476, 40.81866 ], [ 69.613801, 40.714954 ], [ 69.709484, 40.708079 ], [ 70.377552, 40.921792 ], [ 70.513343, 41.028934 ], [ 70.564338, 41.02779 ], [ 70.719609, 40.818661 ], [ 70.751122, 40.685733 ], [ 70.375835, 40.481187 ], [ 70.370677, 40.43535 ], [ 70.562044, 40.354563 ], [ 70.629653, 40.199866 ], [ 70.932262, 40.237441 ], [ 70.995773, 40.193562 ], [ 70.688094, 40.106472 ], [ 70.549184, 40.033358 ], [ 70.783335, 40.1 ], [ 71.950003, 40.200003 ], [ 72.533335, 40.516668 ], [ 72.583334, 40.66667 ], [ 72.116667, 41.133333 ], [ 71.566668, 41.250002 ], [ 71.066668, 41.583334 ], [ 70.933332, 42.000002 ], [ 70.970812, 42.254671 ], [ 70.856936, 42.196352 ], [ 70.752779, 42.201075 ], [ 70.630541, 42.021631 ], [ 70.539156, 42.038019 ], [ 70.488314, 42.09997 ], [ 70.373308, 42.064127 ], [ 70.144991, 41.831377 ], [ 70.009157, 41.780268 ], [ 69.930819, 41.711664 ], [ 69.642214, 41.673326 ], [ 69.4247, 41.553606 ], [ 69.401934, 41.518602 ], [ 69.419436, 41.474993 ], [ 69.247759, 41.470545 ], [ 69.15082, 41.401659 ], [ 69.056368, 41.379435 ], [ 68.984396, 41.223783 ], [ 68.745767, 41.124262 ], [ 68.662389, 41.014073 ], [ 68.529461, 41.034697 ], [ 68.412261, 41.120535 ], [ 68.340381, 41.100589 ], [ 68.252489, 41.133419 ], [ 68.198446, 41.08857 ], [ 68.130983, 41.130347 ], [ 67.973198, 41.144427 ] ] ] } },
{ "type": "Feature", "properties": { "id": "00-00-f1-10", "volumeName": "FIR TBILISI", "icaoID": "UGGG" }, "geometry": { "type": "Polygon", "coordinates": [ [ [ 46.229724, 41.605918 ], [ 46.192254, 41.627295 ], [ 46.207412, 41.660954 ], [ 46.17795, 41.713199 ], [ 46.203857, 41.771352 ], [ 46.300016, 41.775297 ], [ 46.446383, 41.904428 ], [ 46.394152, 41.940538 ], [ 46.319986, 41.938883 ], [ 46.239985, 42.00139 ], [ 46.103884, 41.994158 ], [ 46.078051, 42.034159 ], [ 46.01082, 42.043055 ], [ 45.960543, 42.023874 ], [ 45.910273, 42.104998 ], [ 45.647486, 42.204714 ], [ 45.756945, 42.482203 ], [ 45.552774, 42.550264 ], [ 45.351664, 42.529428 ], [ 45.151651, 42.707766 ], [ 45.060266, 42.692492 ], [ 44.88666, 42.760279 ], [ 44.797213, 42.615824 ], [ 44.684435, 42.739428 ], [ 44.527208, 42.756655 ], [ 44.37694, 42.708879 ], [ 44.286654, 42.71277 ], [ 44.220819, 42.636934 ], [ 44.053598, 42.618052 ], [ 43.9611, 42.557772 ], [ 43.735552, 42.639154 ], [ 43.8361, 42.72777 ], [ 43.827211, 42.75139 ], [ 43.670832, 42.791101 ], [ 43.560549, 42.860826 ], [ 43.20083, 42.936373 ], [ 43.01082, 43.056658 ], [ 43.021105, 43.104441 ], [ 42.857218, 43.177485 ], [ 42.701097, 43.182489 ], [ 42.625826, 43.143045 ], [ 42.41527, 43.239161 ], [ 42.181108, 43.235552 ], [ 42.057772, 43.186106 ], [ 41.939714, 43.217485 ], [ 41.589708, 43.222757 ], [ 41.393328, 43.346102 ], [ 41.295542, 43.3361 ], [ 41.168055, 43.387217 ], [ 41.044161, 43.374987 ], [ 40.676104, 43.546656 ], [ 40.543055, 43.508608 ], [ 40.253389, 43.582521 ], [ 40.089991, 43.558329 ], [ 39.91667, 43.183332 ], [ 40.333334, 41.9 ], [ 41.633317, 41.486873 ], [ 41.709289, 41.496296 ], [ 41.823252, 41.430718 ], [ 41.962806, 41.524718 ], [ 42.038254, 41.493901 ], [ 42.177711, 41.514865 ], [ 42.51992, 41.436609 ], [ 42.513613, 41.467501 ], [ 42.572657, 41.510007 ], [ 42.599625, 41.583539 ], [ 42.830213, 41.587246 ], [ 42.802073, 41.495417 ], [ 42.850993, 41.470234 ], [ 42.900768, 41.500602 ], [ 43.018701, 41.375562 ], [ 43.213486, 41.305799 ], [ 43.128466, 41.253585 ], [ 43.1944, 41.253882 ], [ 43.231015, 41.173094 ], [ 43.371902, 41.202492 ], [ 43.448304, 41.176091 ], [ 43.465663, 41.121236 ], [ 43.5684, 41.144982 ], [ 43.750921, 41.109153 ], [ 43.837049, 41.160192 ], [ 44.159329, 41.189106 ], [ 44.178182, 41.248335 ], [ 44.326831, 41.20391 ], [ 44.355742, 41.231781 ], [ 44.467294, 41.180828 ], [ 44.534295, 41.226493 ], [ 44.542949, 41.191112 ], [ 44.578502, 41.212627 ], [ 44.594556, 41.192766 ], [ 44.610886, 41.240894 ], [ 44.68778, 41.240704 ], [ 44.726434, 41.203308 ], [ 44.795295, 41.230042 ], [ 44.883972, 41.203997 ], [ 44.806085, 41.250144 ], [ 44.818212, 41.300597 ], [ 44.960039, 41.256362 ], [ 45.174848, 41.422226 ], [ 45.309441, 41.472921 ], [ 45.39171, 41.427377 ], [ 45.464718, 41.454145 ], [ 45.576849, 41.375924 ], [ 45.76079, 41.351343 ], [ 45.700363, 41.29791 ], [ 45.741084, 41.258705 ], [ 45.951814, 41.177779 ], [ 46.097238, 41.171923 ], [ 46.147605, 41.205685 ], [ 46.279277, 41.190199 ], [ 46.369538, 41.105122 ], [ 46.457623, 41.098318 ], [ 46.494044, 41.054945 ], [ 46.550268, 41.112633 ], [ 46.649859, 41.11122 ], [ 46.656859, 41.202567 ], [ 46.736124, 41.285008 ], [ 46.697952, 41.29648 ], [ 46.703533, 41.326573 ], [ 46.650107, 41.349707 ], [ 46.660029, 41.369947 ], [ 46.624847, 41.358905 ], [ 46.65052, 41.373323 ], [ 46.631738, 41.390342 ], [ 46.508954, 41.412511 ], [ 46.333365, 41.499844 ], [ 46.297605, 41.572949 ], [ 46.344182, 41.569383 ], [ 46.321651, 41.608055 ], [ 46.279277, 41.600303 ], [ 46.268115, 41.607107 ], [ 46.279552, 41.614015 ], [ 46.263292, 41.633204 ], [ 46.229724, 41.605918 ] ] ] } },
{ "type": "Feature", "properties": { "id": "00-00-f1-11", "volumeName": "FIR TIRANA", "icaoID": "LAAA" }, "geometry": { "type": "Polygon", "coordinates": [ [ [ 20.497598, 41.339307 ], [ 20.56115, 41.40283 ], [ 20.45374, 41.51463 ], [ 20.45672, 41.55305 ], [ 20.55766, 41.58217 ], [ 20.51506, 41.73185 ], [ 20.57234, 41.78911 ], [ 20.55945, 41.86476 ], [ 20.593968, 41.877063 ], [ 20.58111, 41.918886 ], [ 20.623888, 41.963335 ], [ 20.52611, 42.211664 ], [ 20.347776, 42.326387 ], [ 20.244722, 42.328608 ], [ 20.168612, 42.506945 ], [ 20.077501, 42.558329 ], [ 19.825277, 42.470278 ], [ 19.746668, 42.543055 ], [ 19.773611, 42.593607 ], [ 19.753332, 42.642221 ], [ 19.713057, 42.660555 ], [ 19.657221, 42.628328 ], [ 19.282499, 42.185556 ], [ 19.400278, 42.105272 ], [ 19.368334, 42.029718 ], [ 19.383055, 41.968332 ], [ 19.348333, 41.959719 ], [ 19.340555, 41.904444 ], [ 19.374166, 41.88833 ], [ 19.372017, 41.85308 ], [ 18.866667, 41.129999 ], [ 19.000002, 40.750002 ], [ 19.000002, 40.4167 ], [ 19.649777, 39.983482 ], [ 19.766667, 39.983333 ], [ 19.966574, 39.850061 ], [ 20.000019, 39.687861 ], [ 20.199167, 39.644724 ], [ 20.264444, 39.669168 ], [ 20.320833, 39.733606 ], [ 20.291388, 39.806665 ], [ 20.381388, 39.787218 ], [ 20.414446, 39.824442 ], [ 20.316111, 39.993334 ], [ 20.394167, 39.999163 ], [ 20.449999, 40.072496 ], [ 20.671946, 40.098055 ], [ 20.67861, 40.185274 ], [ 20.721109, 40.223055 ], [ 20.713057, 40.27833 ], [ 20.789721, 40.360834 ], [ 20.788889, 40.428331 ], [ 20.84889, 40.479166 ], [ 20.948889, 40.468889 ], [ 21.041388, 40.561945 ], [ 21.053057, 40.618608 ], [ 21.046667, 40.685831 ], [ 20.961943, 40.771662 ], [ 20.97902, 40.89787 ], [ 20.84715, 40.93734 ], [ 20.81067, 40.89682 ], [ 20.7317, 40.91169 ], [ 20.66972, 41.08727 ], [ 20.59564, 41.09251 ], [ 20.59443, 41.13689 ], [ 20.51573, 41.23076 ], [ 20.497598, 41.339307 ] ] ] } },
{ "type": "Feature", "properties": { "id": "00-00-f1-12", "volumeName": "FIR TORONTO", "icaoID": "CZYZ" }, "geometry": { "type": "Polygon", "coordinates": [ [ [ -78.954936, 47.75761 ], [ -79.177961, 47.787305 ], [ -79.364857, 47.869549 ], [ -79.494508, 47.982424 ], [ -79.558934, 48.124734 ], [ -79.541026, 48.289053 ], [ -79.432885, 48.430524 ], [ -79.248104, 48.532472 ], [ -79.0, 48.587312 ], [ -79.0, 49.000002 ], [ -79.373993, 50.774259 ], [ -80.0, 53.466669 ], [ -81.604029, 52.740586 ], [ -83.141666, 52.000002 ], [ -84.778504, 50.984411 ], [ -87.0, 49.533335 ], [ -86.999468, 47.774591 ], [ -84.860138, 46.888916 ], [ -84.762436, 46.63397 ], [ -84.556973, 46.460923 ], [ -84.475629, 46.452874 ], [ -84.421254, 46.50053 ], [ -84.276253, 46.492943 ], [ -84.225891, 46.534054 ], [ -84.128998, 46.530499 ], [ -84.111137, 46.504223 ], [ -84.146057, 46.418777 ], [ -84.108253, 46.241444 ], [ -84.005974, 46.149445 ], [ -83.955475, 46.056751 ], [ -83.826332, 46.118862 ], [ -83.571945, 46.105778 ], [ -83.433777, 45.998165 ], [ -83.597168, 45.821278 ], [ -82.518608, 45.338638 ], [ -82.122832, 43.591323 ], [ -82.455307, 42.92675 ], [ -82.467361, 42.762417 ], [ -82.518944, 42.61375 ], [ -82.590942, 42.550026 ], [ -82.66217, 42.541473 ], [ -82.828194, 42.373417 ], [ -83.079498, 42.308723 ], [ -83.127998, 42.238693 ], [ -83.149242, 42.04 ], [ -83.067588, 41.862849 ], [ -82.6825, 41.677778 ], [ -82.398613, 41.676556 ], [ -81.243261, 42.207946 ], [ -80.080097, 42.39353 ], [ -78.935387, 42.828304 ], [ -78.9095, 42.933693 ], [ -79.020195, 42.994835 ], [ -79.007416, 43.065918 ], [ -79.074121, 43.077888 ], [ -79.042336, 43.143665 ], [ -79.055923, 43.254556 ], [ -79.200386, 43.450066 ], [ -78.690141, 43.631138 ], [ -76.796739, 43.631138 ], [ -76.441703, 44.099627 ], [ -76.291962, 44.196833 ], [ -76.191082, 44.2204 ], [ -76.266699, 45.8375 ], [ -76.927778, 45.961111 ], [ -77.25, 46.133333 ], [ -77.25, 46.947222 ], [ -77.556901, 47.119751 ], [ -78.109652, 47.548187 ], [ -78.566944, 47.841481 ], [ -78.753516, 47.778981 ], [ -78.954936, 47.75761 ] ] ] } },
{ "type": "Feature", "properties": { "id": "00-00-f1-14", "volumeName": "FIR TURKMENBASHI", "icaoID": "UTAK" }, "geometry": { "type": "Polygon", "coordinates": [ [ [ 55.454091, 38.087811 ], [ 55.566668, 39.283335 ], [ 56.4517, 40.055002 ], [ 57.616667, 40.316668 ], [ 55.999299, 41.328261 ], [ 55.903879, 41.333605 ], [ 55.652491, 41.267214 ], [ 55.456942, 41.286661 ], [ 55.394716, 41.387217 ], [ 55.289164, 41.439714 ], [ 54.971659, 41.802217 ], [ 54.956659, 41.912493 ], [ 54.76111, 42.058886 ], [ 54.198603, 42.332499 ], [ 53.995546, 42.348604 ], [ 53.46277, 42.271379 ], [ 53.015001, 42.138887 ], [ 52.440073, 41.740938 ], [ 51.500002, 42.000002 ], [ 51.500002, 37.866667 ], [ 53.899618, 37.348446 ], [ 54.244572, 37.32003 ], [ 54.285265, 37.35176 ], [ 54.397465, 37.360786 ], [ 54.586504, 37.459901 ], [ 54.695328, 37.449773 ], [ 54.799094, 37.522533 ], [ 54.821942, 37.601701 ], [ 54.784005, 37.635084 ], [ 54.851846, 37.75742 ], [ 54.999985, 37.827355 ], [ 55.127894, 37.948674 ], [ 55.200999, 37.947313 ], [ 55.454091, 38.087811 ] ] ] } },
{ "type": "Feature", "properties": { "id": "00-00-f1-15", "volumeName": "FIR TYUMEN ROSCHINO", "icaoID": "USTR" }, "geometry": { "type": "Polygon", "coordinates": [ [ [ 72.333353, 64.833332 ], [ 64.166686, 64.9 ], [ 60.066687, 64.466667 ], [ 59.716667, 63.2 ], [ 59.5, 62.0 ], [ 63.2, 62.083333 ], [ 63.666667, 61.283333 ], [ 63.7, 60.75 ], [ 64.133333, 59.5 ], [ 63.733333, 59.033333 ], [ 64.133333, 57.816667 ], [ 63.75, 57.383333 ], [ 63.75, 57.0 ], [ 65.033333, 56.866667 ], [ 68.333333, 55.816667 ], [ 69.215525, 55.666746 ], [ 71.16667, 57.700003 ], [ 72.800001, 58.16667 ], [ 73.875459, 59.004578 ], [ 76.48224, 60.350556 ], [ 77.05, 60.716667 ], [ 77.033351, 60.849998 ], [ 77.383333, 60.95 ], [ 80.16667, 60.66667 ], [ 83.000002, 60.91667 ], [ 83.858421, 62.181153 ], [ 84.611447, 63.202729 ], [ 77.50002, 63.349998 ], [ 75.833353, 63.999998 ], [ 72.866686, 63.499999 ], [ 71.533352, 63.449999 ], [ 72.333353, 64.833332 ] ] ] } },
{ "type": "Feature", "properties": { "id": "00-00-f1-16", "volumeName": "FIR UJUNG PANDANG", "icaoID": "WAAF" }, "geometry": { "type": "Polygon", "coordinates": [ [ [ 116.58442, 4.38034 ], [ 116.5668, 4.40789 ], [ 116.53583, 4.32807 ], [ 116.48728, 4.33287 ], [ 116.43737, 4.28829 ], [ 116.35095, 4.3909 ], [ 116.26842, 4.36307 ], [ 116.165889, 4.388659 ], [ 116.080101, 4.277685 ], [ 116.003364, 4.346749 ], [ 115.878814, 4.39161 ], [ 115.87055, 4.287917 ], [ 115.824704, 4.261944 ], [ 115.82923, 4.234595 ], [ 115.766266, 4.248368 ], [ 115.702515, 4.192488 ], [ 115.639158, 3.961686 ], [ 115.560847, 3.917218 ], [ 115.616727, 3.875505 ], [ 115.570488, 3.652377 ], [ 115.65703, 3.44005 ], [ 115.627075, 3.409038 ], [ 115.584432, 3.464014 ], [ 115.54461, 3.364633 ], [ 115.517474, 3.205694 ], [ 115.554477, 3.146841 ], [ 115.498091, 3.031954 ], [ 115.403644, 2.984378 ], [ 115.330694, 2.975215 ], [ 115.284713, 3.048311 ], [ 115.248769, 2.964899 ], [ 115.163292, 2.927406 ], [ 115.152113, 2.870135 ], [ 115.093983, 2.823528 ], [ 115.154521, 2.789475 ], [ 115.086759, 2.698839 ], [ 115.119608, 2.652059 ], [ 115.092607, 2.604076 ], [ 115.134055, 2.585157 ], [ 115.176191, 2.610611 ], [ 115.248597, 2.508796 ], [ 115.205256, 2.472852 ], [ 115.144374, 2.476291 ], [ 115.10327, 2.406982 ], [ 115.049955, 2.404574 ], [ 115.028629, 2.363642 ], [ 114.961039, 2.363814 ], [ 114.963618, 2.285045 ], [ 114.913227, 2.253228 ], [ 114.817604, 2.263375 ], [ 114.75225, 2.190625 ], [ 114.738491, 2.142126 ], [ 114.786819, 2.140234 ], [ 114.801609, 2.023629 ], [ 114.859052, 2.044783 ], [ 114.889149, 2.022597 ], [ 114.85053, 1.961637 ], [ 114.882549, 1.913724 ], [ 114.79467, 1.849217 ], [ 114.719411, 1.856462 ], [ 114.713101, 1.658967 ], [ 114.609562, 1.575061 ], [ 114.582684, 1.441138 ], [ 114.534771, 1.437165 ], [ 114.407158, 1.521305 ], [ 114.204521, 1.409352 ], [ 114.142818, 1.465445 ], [ 113.974538, 1.449318 ], [ 113.820749, 1.373592 ], [ 113.803921, 1.301372 ], [ 113.703187, 1.265846 ], [ 113.667194, 1.219102 ], [ 113.616381, 1.25139 ], [ 110.383333, -3.0 ], [ 110.383333, -8.333332 ], [ 114.500002, -12.0 ], [ 123.333334, -12.0 ], [ 126.833334, -9.333332 ], [ 135.000002, -7.0 ], [ 139.666666, -9.833332 ], [ 141.000002, -9.833332 ], [ 141.000002, 3.500002 ], [ 133.000002, 3.500002 ], [ 132.533333, 4.0 ], [ 118.0, 4.0 ], [ 117.890108, 4.179086 ], [ 117.608604, 4.144395 ], [ 117.46725, 4.176831 ], [ 117.244342, 4.373877 ], [ 117.183218, 4.326336 ], [ 117.14415, 4.3533 ], [ 117.01456, 4.32047 ], [ 116.90615, 4.36982 ], [ 116.83448, 4.3279 ], [ 116.74703, 4.38993 ], [ 116.69958, 4.33834 ], [ 116.628993, 4.337273 ], [ 116.58442, 4.38034 ] ] ] } },
{ "type": "Feature", "properties": { "id": "00-00-f1-17", "volumeName": "FIR ULAANBAATAR", "icaoID": "ZMUB" }, "geometry": { "type": "Polygon", "coordinates": [ [ [ 99.605547, 51.896387 ], [ 99.323046, 51.948046 ], [ 99.258333, 52.001665 ], [ 99.026934, 52.061106 ], [ 98.995531, 52.113886 ], [ 98.921648, 52.141939 ], [ 98.70804, 51.828051 ], [ 98.624422, 51.779993 ], [ 98.315264, 51.704165 ], [ 98.248034, 51.58111 ], [ 98.259996, 51.515833 ], [ 98.232347, 51.459894 ], [ 98.053072, 51.460955 ], [ 97.937761, 51.312494 ], [ 97.958605, 51.223322 ], [ 97.827776, 51.001108 ], [ 97.877474, 50.92972 ], [ 98.013048, 50.855829 ], [ 97.963884, 50.77833 ], [ 98.063311, 50.630548 ], [ 98.315264, 50.531939 ], [ 98.292208, 50.298609 ], [ 98.10721, 50.048883 ], [ 97.863878, 49.932772 ], [ 97.786104, 49.969156 ], [ 97.594149, 49.927492 ], [ 97.586382, 49.843607 ], [ 97.340822, 49.734438 ], [ 97.169436, 49.761667 ], [ 96.996935, 49.894159 ], [ 96.72249, 49.921106 ], [ 96.592485, 49.865 ], [ 96.547487, 49.925829 ], [ 96.379152, 49.89361 ], [ 96.294436, 49.946657 ], [ 96.074434, 50.006945 ], [ 95.960268, 49.944155 ], [ 95.907213, 50.014162 ], [ 95.817217, 50.021936 ], [ 95.742205, 49.957216 ], [ 95.591936, 49.940828 ], [ 95.529436, 49.893328 ], [ 95.422487, 49.956102 ], [ 95.066088, 49.961939 ], [ 94.976091, 50.056101 ], [ 94.635271, 50.024439 ], [ 94.51082, 50.164995 ], [ 94.389986, 50.214441 ], [ 94.352205, 50.414995 ], [ 94.274996, 50.569445 ], [ 93.558321, 50.589716 ], [ 93.44887, 50.622492 ], [ 93.033327, 50.608606 ], [ 92.971025, 50.666491 ], [ 92.999147, 50.75139 ], [ 92.974993, 50.791109 ], [ 92.802767, 50.793612 ], [ 92.760271, 50.712496 ], [ 92.660814, 50.681665 ], [ 92.57361, 50.757776 ], [ 92.472765, 50.785273 ], [ 92.383608, 50.874712 ], [ 92.326937, 50.854998 ], [ 92.294985, 50.753611 ], [ 92.221376, 50.705553 ], [ 91.787493, 50.694712 ], [ 91.668871, 50.644159 ], [ 91.606936, 50.573053 ], [ 91.46776, 50.526941 ], [ 91.447481, 50.471102 ], [ 91.029711, 50.433054 ], [ 90.870256, 50.326387 ], [ 90.748598, 50.297495 ], [ 90.698595, 50.219439 ], [ 90.509722, 50.224436 ], [ 90.244432, 50.120272 ], [ 90.051378, 50.082499 ], [ 89.985262, 49.972216 ], [ 89.673037, 49.924715 ], [ 89.637499, 49.854998 ], [ 89.671373, 49.820833 ], [ 89.654436, 49.789995 ], [ 89.736101, 49.74888 ], [ 89.71805, 49.717493 ], [ 89.459719, 49.649996 ], [ 89.37221, 49.579721 ], [ 89.226656, 49.63833 ], [ 89.197756, 49.604998 ], [ 89.239702, 49.550547 ], [ 89.181932, 49.506945 ], [ 89.003054, 49.462496 ], [ 88.913607, 49.548883 ], [ 88.879427, 49.529718 ], [ 88.899996, 49.443323 ], [ 88.730822, 49.45083 ], [ 88.65082, 49.500551 ], [ 88.207491, 49.456102 ], [ 88.131929, 49.368326 ], [ 88.162203, 49.272219 ], [ 87.988588, 49.177217 ], [ 87.8407, 49.172953 ], [ 87.868044, 49.113611 ], [ 87.841372, 49.045549 ], [ 87.899431, 49.002222 ], [ 87.873034, 48.951937 ], [ 87.776094, 48.924166 ], [ 87.759432, 48.881662 ], [ 87.820543, 48.846941 ], [ 87.841097, 48.795 ], [ 88.000551, 48.763056 ], [ 88.088594, 48.706385 ], [ 87.969439, 48.6075 ], [ 87.973314, 48.576944 ], [ 88.320269, 48.47999 ], [ 88.437761, 48.401934 ], [ 88.523317, 48.403048 ], [ 88.594988, 48.344156 ], [ 88.59749, 48.232767 ], [ 88.653322, 48.182772 ], [ 88.719149, 48.179163 ], [ 88.833879, 48.110277 ], [ 88.941362, 48.113054 ], [ 89.092775, 47.991938 ], [ 89.233873, 47.981653 ], [ 89.378862, 48.045832 ], [ 89.557756, 48.041666 ], [ 89.781939, 47.828432 ], [ 89.938875, 47.836542 ], [ 89.971376, 47.890162 ], [ 90.067492, 47.889437 ], [ 90.090822, 47.781664 ], [ 90.143877, 47.730547 ], [ 90.376375, 47.659716 ], [ 90.351091, 47.618883 ], [ 90.468599, 47.495546 ], [ 90.466661, 47.415545 ], [ 90.515001, 47.379717 ], [ 90.489977, 47.321939 ], [ 90.544146, 47.24444 ], [ 90.76111, 46.99972 ], [ 90.910265, 46.956385 ], [ 90.961657, 46.877489 ], [ 90.946642, 46.822771 ], [ 91.044146, 46.722216 ], [ 91.020266, 46.6 ], [ 91.072222, 46.573328 ], [ 90.920259, 46.302774 ], [ 91.022219, 46.130548 ], [ 91.028597, 46.018602 ], [ 90.719439, 45.735552 ], [ 90.681932, 45.579721 ], [ 90.6747, 45.494997 ], [ 90.777208, 45.43638 ], [ 90.815538, 45.300547 ], [ 90.895266, 45.258608 ], [ 90.889986, 45.196939 ], [ 91.134157, 45.214159 ], [ 91.278322, 45.135271 ], [ 91.383043, 45.118601 ], [ 91.462206, 45.158602 ], [ 91.559145, 45.076662 ], [ 91.700823, 45.061937 ], [ 92.067492, 45.083055 ], [ 92.239428, 45.01639 ], [ 92.488878, 45.003054 ], [ 92.882753, 45.045832 ], [ 92.990267, 45.009722 ], [ 93.17943, 45.01639 ], [ 93.530825, 44.962214 ], [ 94.214434, 44.664156 ], [ 94.363314, 44.518885 ], [ 94.459154, 44.51333 ], [ 94.606936, 44.450548 ], [ 94.724428, 44.349161 ], [ 95.02054, 44.256945 ], [ 95.411104, 44.296389 ], [ 95.350267, 44.177774 ], [ 95.336107, 44.02083 ], [ 95.53998, 43.992769 ], [ 95.74637, 43.584993 ], [ 95.863039, 43.420832 ], [ 95.881365, 43.279161 ], [ 96.356936, 42.906939 ], [ 96.383043, 42.731104 ], [ 96.998598, 42.761385 ], [ 97.171648, 42.797495 ], [ 98.221376, 42.64583 ], [ 99.498598, 42.570833 ], [ 99.986376, 42.653605 ], [ 100.254992, 42.641108 ], [ 100.314989, 42.691103 ], [ 100.835543, 42.678049 ], [ 101.814699, 42.509722 ], [ 102.077211, 42.233332 ], [ 102.442469, 42.151102 ], [ 102.712488, 42.161379 ], [ 103.416384, 41.887217 ], [ 103.849428, 41.802492 ], [ 104.069427, 41.804295 ], [ 104.526659, 41.877214 ], [ 104.524149, 41.663881 ], [ 104.930544, 41.651934 ], [ 105.012474, 41.581792 ], [ 105.226931, 41.750002 ], [ 105.572771, 41.88666 ], [ 106.781939, 42.295549 ], [ 107.262499, 42.359995 ], [ 107.277208, 42.410547 ], [ 107.471918, 42.466105 ], [ 107.571115, 42.410273 ], [ 107.907763, 42.408327 ], [ 108.248598, 42.46277 ], [ 108.299425, 42.437212 ], [ 108.527773, 42.442217 ], [ 108.848604, 42.399996 ], [ 109.000002, 42.45833 ], [ 109.313601, 42.429995 ], [ 109.51401, 42.456522 ], [ 109.703135, 42.560787 ], [ 109.942236, 42.640836 ], [ 110.107478, 42.645536 ], [ 110.44054, 42.777776 ], [ 111.005303, 43.325006 ], [ 111.638603, 43.543327 ], [ 111.783894, 43.672506 ], [ 111.958401, 43.692222 ], [ 111.959719, 43.835268 ], [ 111.879464, 43.938872 ], [ 111.67499, 44.051104 ], [ 111.556932, 44.174715 ], [ 111.508043, 44.300272 ], [ 111.429705, 44.328608 ], [ 111.421373, 44.382494 ], [ 111.561098, 44.577776 ], [ 111.568048, 44.679163 ], [ 111.78499, 45.000551 ], [ 111.980822, 45.091661 ], [ 112.427202, 45.080553 ], [ 112.607485, 44.926386 ], [ 112.853045, 44.846102 ], [ 113.633104, 44.746241 ], [ 113.916933, 44.92277 ], [ 114.080278, 44.941103 ], [ 114.178591, 45.042223 ], [ 114.462198, 45.211664 ], [ 114.541094, 45.322771 ], [ 114.545259, 45.389437 ], [ 114.736101, 45.442217 ], [ 114.938028, 45.382769 ], [ 115.392214, 45.398882 ], [ 115.701929, 45.458605 ], [ 116.031374, 45.685549 ], [ 116.1122, 45.681108 ], [ 116.21277, 45.723879 ], [ 116.281664, 45.806658 ], [ 116.234156, 45.887774 ], [ 116.29027, 45.990831 ], [ 116.384165, 46.112497 ], [ 116.566385, 46.246386 ], [ 116.585543, 46.295832 ], [ 116.758615, 46.33111 ], [ 116.841661, 46.39361 ], [ 117.09305, 46.359438 ], [ 117.370821, 46.364443 ], [ 117.391939, 46.478327 ], [ 117.443865, 46.527773 ], [ 117.421099, 46.578333 ], [ 117.598879, 46.61194 ], [ 117.632753, 46.551104 ], [ 117.716661, 46.513887 ], [ 117.844149, 46.534441 ], [ 117.933596, 46.61944 ], [ 118.310259, 46.73694 ], [ 118.464998, 46.693048 ], [ 118.630816, 46.715548 ], [ 118.765551, 46.682772 ], [ 118.869432, 46.772768 ], [ 118.917765, 46.720545 ], [ 118.990541, 46.750277 ], [ 119.070604, 46.672663 ], [ 119.296656, 46.621378 ], [ 119.46277, 46.639162 ], [ 119.648615, 46.626383 ], [ 119.691362, 46.597773 ], [ 119.817209, 46.673883 ], [ 119.89081, 46.671694 ], [ 119.934984, 46.719988 ], [ 119.908602, 46.765001 ], [ 119.925539, 46.908884 ], [ 119.87137, 46.920549 ], [ 119.801378, 46.993883 ], [ 119.787775, 47.092768 ], [ 119.724993, 47.168886 ], [ 119.309404, 47.421984 ], [ 119.339159, 47.482767 ], [ 119.149431, 47.533884 ], [ 119.124971, 47.664988 ], [ 118.76729, 47.772776 ], [ 118.539339, 47.994753 ], [ 118.166658, 48.039438 ], [ 118.019152, 48.005274 ], [ 117.801088, 48.010553 ], [ 117.372194, 47.653597 ], [ 117.111078, 47.813601 ], [ 116.874689, 47.888048 ], [ 116.470263, 47.839159 ], [ 116.258333, 47.878603 ], [ 116.115541, 47.821939 ], [ 115.936899, 47.687212 ], [ 115.592196, 47.919443 ], [ 115.542482, 48.141665 ], [ 115.835825, 48.252497 ], [ 115.811098, 48.520548 ], [ 116.084154, 48.815828 ], [ 116.061655, 48.872766 ], [ 116.711382, 49.830469 ], [ 116.615541, 49.931383 ], [ 116.246096, 50.027491 ], [ 116.069719, 50.002779 ], [ 115.754709, 49.884439 ], [ 115.414705, 49.898333 ], [ 115.221369, 49.988329 ], [ 115.03998, 50.141939 ], [ 114.854158, 50.228327 ], [ 114.675814, 50.264162 ], [ 114.443865, 50.245272 ], [ 114.313028, 50.284166 ], [ 114.176378, 50.248331 ], [ 113.874689, 50.086939 ], [ 113.782495, 50.086939 ], [ 113.556932, 50.00194 ], [ 113.192469, 49.801104 ], [ 113.098604, 49.673609 ], [ 113.090822, 49.598604 ], [ 112.988588, 49.588602 ], [ 112.781664, 49.503885 ], [ 112.491655, 49.541384 ], [ 111.963884, 49.406939 ], [ 111.682215, 49.406656 ], [ 111.498034, 49.349161 ], [ 111.37137, 49.374163 ], [ 110.955553, 49.191103 ], [ 110.73749, 49.14361 ], [ 110.460825, 49.206942 ], [ 110.401094, 49.254999 ], [ 110.236925, 49.169443 ], [ 109.850275, 49.189989 ], [ 109.739435, 49.234995 ], [ 109.544146, 49.232492 ], [ 109.351931, 49.336939 ], [ 109.206942, 49.360277 ], [ 109.074999, 49.334436 ], [ 108.950548, 49.357775 ], [ 108.533602, 49.342768 ], [ 108.358873, 49.445269 ], [ 108.271929, 49.535555 ], [ 108.071932, 49.589991 ], [ 108.030275, 49.62166 ], [ 108.031939, 49.674715 ], [ 107.949144, 49.678049 ], [ 107.989153, 49.744997 ], [ 107.955263, 49.851664 ], [ 107.977129, 49.943628 ], [ 107.813311, 49.948603 ], [ 107.74721, 49.980822 ], [ 107.408602, 49.979433 ], [ 107.318605, 50.022493 ], [ 107.271929, 50.000551 ], [ 107.182215, 50.024164 ], [ 107.078325, 50.084993 ], [ 107.005548, 50.201105 ], [ 106.794985, 50.308046 ], [ 106.663042, 50.338602 ], [ 106.253328, 50.298334 ], [ 106.07831, 50.341631 ], [ 106.069429, 50.375269 ], [ 105.989153, 50.410547 ], [ 105.644442, 50.424715 ], [ 105.335543, 50.483606 ], [ 105.132204, 50.398333 ], [ 104.966661, 50.40484 ], [ 104.625528, 50.318308 ], [ 104.425539, 50.311373 ], [ 104.250269, 50.184885 ], [ 104.101931, 50.14992 ], [ 103.820543, 50.201181 ], [ 103.657213, 50.136103 ], [ 103.4536, 50.206385 ], [ 103.323885, 50.197489 ], [ 103.281939, 50.21805 ], [ 103.245531, 50.302774 ], [ 102.918589, 50.315271 ], [ 102.779711, 50.387217 ], [ 102.613039, 50.413607 ], [ 102.536654, 50.513056 ], [ 102.327768, 50.569719 ], [ 102.293871, 50.642771 ], [ 102.356371, 50.72249 ], [ 102.232759, 50.825556 ], [ 102.265001, 50.893328 ], [ 102.258043, 50.980547 ], [ 102.168261, 51.120432 ], [ 102.154161, 51.244997 ], [ 102.224993, 51.306383 ], [ 102.218874, 51.333605 ], [ 102.077211, 51.390833 ], [ 101.601091, 51.484163 ], [ 101.377474, 51.452776 ], [ 101.273882, 51.521105 ], [ 101.142763, 51.535273 ], [ 100.553591, 51.735826 ], [ 99.969988, 51.746103 ], [ 99.735262, 51.888048 ], [ 99.605547, 51.896387 ] ] ] } },
{ "type": "Feature", "properties": { "id": "00-00-f1-18", "volumeName": "FIR URUMQI", "icaoID": "ZWUQ" }, "geometry": { "type": "Polygon", "coordinates": [ [ [ 77.779921, 35.498229 ], [ 77.812649, 35.522138 ], [ 77.9247, 35.489717 ], [ 77.97249, 35.574167 ], [ 78.136934, 35.543329 ], [ 78.172213, 35.61944 ], [ 78.29915, 35.701937 ], [ 78.625536, 35.816668 ], [ 78.74193, 35.920275 ], [ 78.93442, 35.892496 ], [ 79.328325, 35.986383 ], [ 79.438036, 35.96055 ], [ 79.461931, 35.858049 ], [ 79.581102, 35.869715 ], [ 79.658876, 35.819162 ], [ 79.634432, 35.759165 ], [ 79.69359, 35.650827 ], [ 79.813036, 35.629435 ], [ 79.858873, 35.566103 ], [ 79.919146, 35.617495 ], [ 79.964159, 35.595827 ], [ 80.057482, 35.40777 ], [ 80.147768, 35.457216 ], [ 80.206652, 35.561937 ], [ 80.297762, 35.503328 ], [ 80.387209, 35.506388 ], [ 80.379152, 35.411661 ], [ 80.279985, 35.315546 ], [ 80.292208, 35.193605 ], [ 80.190264, 35.087648 ], [ 80.201662, 34.893885 ], [ 80.10248, 34.774714 ], [ 80.071383, 34.669443 ], [ 79.887499, 34.662767 ], [ 79.843874, 34.574442 ], [ 79.724703, 34.529993 ], [ 79.763613, 34.454996 ], [ 79.722765, 34.420549 ], [ 79.539156, 34.429995 ], [ 79.578051, 34.208605 ], [ 79.51166, 34.190271 ], [ 79.524706, 34.118052 ], [ 79.429155, 34.021662 ], [ 78.967211, 34.01639 ], [ 78.90526, 33.96055 ], [ 78.949419, 33.832216 ], [ 79.019442, 33.754442 ], [ 79.040819, 33.639437 ], [ 78.915819, 33.629435 ], [ 78.941362, 33.391939 ], [ 78.99637, 33.314997 ], [ 79.091372, 33.274996 ], [ 79.103594, 33.219713 ], [ 79.163042, 33.23527 ], [ 79.406374, 33.161661 ], [ 79.354433, 32.972216 ], [ 79.450274, 32.882212 ], [ 79.470827, 32.793886 ], [ 79.530275, 32.754168 ], [ 79.514437, 32.67222 ], [ 79.313875, 32.49666 ], [ 79.253176, 32.516001 ], [ 79.165545, 32.493052 ], [ 79.124697, 32.466936 ], [ 79.099154, 32.376383 ], [ 78.971102, 32.350832 ], [ 78.780275, 32.478876 ], [ 78.760546, 32.635553 ], [ 78.704439, 32.631105 ], [ 78.638597, 32.577776 ], [ 78.496096, 32.582499 ], [ 78.395266, 32.53805 ], [ 78.477205, 32.424715 ], [ 78.449709, 32.386942 ], [ 78.478319, 32.35 ], [ 78.474993, 32.236109 ], [ 78.54471, 32.209436 ], [ 78.680544, 32.035273 ], [ 78.771105, 31.981108 ], [ 78.692476, 31.774168 ], [ 78.750002, 31.676664 ], [ 78.786104, 31.678053 ], [ 78.843874, 31.609999 ], [ 78.71277, 31.509722 ], [ 78.792757, 31.443331 ], [ 78.77054, 31.304998 ], [ 78.877657, 31.291628 ], [ 78.941927, 31.359999 ], [ 79.005556, 31.325556 ], [ 79.018602, 31.411386 ], [ 79.092485, 31.437498 ], [ 79.217485, 31.340834 ], [ 79.303865, 31.14583 ], [ 79.398333, 31.098608 ], [ 79.422487, 31.027498 ], [ 79.494143, 31.024168 ], [ 79.599428, 30.935553 ], [ 79.748873, 30.989717 ], [ 79.865816, 30.964998 ], [ 79.923601, 30.888887 ], [ 80.041933, 30.846945 ], [ 80.094149, 30.786665 ], [ 80.19359, 30.792498 ], [ 80.25638, 30.729719 ], [ 80.187487, 30.675829 ], [ 80.22777, 30.621943 ], [ 80.2036, 30.565001 ], [ 80.310534, 30.567499 ], [ 80.538881, 30.464441 ], [ 80.606936, 30.474718 ], [ 80.75194, 30.394999 ], [ 80.803865, 30.326666 ], [ 80.998873, 30.261946 ], [ 81.108444, 30.027012 ], [ 81.235225, 30.01253 ], [ 81.247484, 30.056387 ], [ 81.301928, 30.083609 ], [ 81.290819, 30.130552 ], [ 81.383883, 30.178331 ], [ 81.411379, 30.380831 ], [ 81.460898, 30.364458 ], [ 81.623308, 30.424997 ], [ 84.055, 32.301667 ], [ 87.383333, 36.416667 ], [ 92.169958, 39.779569 ], [ 95.133333, 41.800001 ], [ 96.356936, 42.906939 ], [ 95.910814, 43.239992 ], [ 95.870821, 43.309717 ], [ 95.863039, 43.420832 ], [ 95.74637, 43.584993 ], [ 95.53998, 43.992769 ], [ 95.336107, 44.02083 ], [ 95.350267, 44.177774 ], [ 95.411104, 44.296389 ], [ 95.02054, 44.256945 ], [ 94.724428, 44.349161 ], [ 94.606936, 44.450548 ], [ 94.459154, 44.51333 ], [ 94.363314, 44.518885 ], [ 94.214434, 44.664156 ], [ 93.530825, 44.962214 ], [ 93.17943, 45.01639 ], [ 92.990267, 45.009722 ], [ 92.882753, 45.045832 ], [ 92.488878, 45.003054 ], [ 92.239428, 45.01639 ], [ 92.067492, 45.083055 ], [ 91.700823, 45.061937 ], [ 91.559145, 45.076662 ], [ 91.462206, 45.158602 ], [ 91.383043, 45.118601 ], [ 91.278322, 45.135271 ], [ 91.134157, 45.214159 ], [ 90.889986, 45.196939 ], [ 90.895266, 45.258608 ], [ 90.815538, 45.300547 ], [ 90.777208, 45.43638 ], [ 90.6747, 45.494997 ], [ 90.681932, 45.579721 ], [ 90.719439, 45.735552 ], [ 91.028597, 46.018602 ], [ 91.022219, 46.130548 ], [ 90.920259, 46.302774 ], [ 91.072222, 46.573328 ], [ 91.020266, 46.6 ], [ 91.044146, 46.722216 ], [ 90.946642, 46.822771 ], [ 90.961657, 46.877489 ], [ 90.910265, 46.956385 ], [ 90.76111, 46.99972 ], [ 90.544146, 47.24444 ], [ 90.489977, 47.321939 ], [ 90.515001, 47.379717 ], [ 90.466661, 47.415545 ], [ 90.468599, 47.495546 ], [ 90.351091, 47.618883 ], [ 90.372484, 47.663881 ], [ 90.143877, 47.730547 ], [ 90.090822, 47.781664 ], [ 90.067492, 47.889437 ], [ 89.971376, 47.890162 ], [ 89.938875, 47.836542 ], [ 89.781939, 47.828432 ], [ 89.557756, 48.041666 ], [ 89.378862, 48.045832 ], [ 89.233873, 47.981653 ], [ 89.077501, 47.995546 ], [ 88.941362, 48.113054 ], [ 88.833879, 48.110277 ], [ 88.618319, 48.206102 ], [ 88.584429, 48.278048 ], [ 88.594988, 48.344156 ], [ 88.523317, 48.403048 ], [ 88.437761, 48.401934 ], [ 88.320269, 48.47999 ], [ 87.983324, 48.569445 ], [ 87.969439, 48.6075 ], [ 88.088594, 48.706385 ], [ 88.000551, 48.763056 ], [ 87.841097, 48.795 ], [ 87.820543, 48.846941 ], [ 87.759432, 48.881662 ], [ 87.776094, 48.924166 ], [ 87.873034, 48.951937 ], [ 87.899431, 49.002222 ], [ 87.841372, 49.045549 ], [ 87.868044, 49.113611 ], [ 87.8407, 49.172953 ], [ 87.52527, 49.12916 ], [ 87.446642, 49.077494 ], [ 87.167482, 49.133051 ], [ 86.998873, 49.099436 ], [ 86.874697, 49.110826 ], [ 86.730547, 48.972216 ], [ 86.752779, 48.90027 ], [ 86.821383, 48.846659 ], [ 86.759432, 48.793612 ], [ 86.783327, 48.72777 ], [ 86.644991, 48.616388 ], [ 86.596102, 48.536112 ], [ 86.46361, 48.493608 ], [ 86.344149, 48.495272 ], [ 86.230822, 48.425272 ], [ 85.86249, 48.425272 ], [ 85.759157, 48.387774 ], [ 85.613878, 48.158327 ], [ 85.537767, 47.959993 ], [ 85.62221, 47.621103 ], [ 85.603594, 47.519442 ], [ 85.700548, 47.383883 ], [ 85.705553, 47.283609 ], [ 85.686647, 47.211939 ], [ 85.57332, 47.176943 ], [ 85.529314, 47.060167 ], [ 85.257769, 47.051104 ], [ 84.96361, 46.864161 ], [ 84.759432, 46.826387 ], [ 84.735262, 46.836939 ], [ 84.778872, 46.931665 ], [ 84.678041, 46.993608 ], [ 84.531939, 46.975267 ], [ 84.29471, 47.007502 ], [ 83.922487, 46.973879 ], [ 83.564989, 47.061106 ], [ 83.162493, 47.223604 ], [ 83.040545, 47.212214 ], [ 83.014711, 46.960276 ], [ 82.873873, 46.763605 ], [ 82.708879, 46.354158 ], [ 82.57332, 46.173044 ], [ 82.51082, 45.901926 ], [ 82.317766, 45.570536 ], [ 82.3622, 45.495531 ], [ 82.649431, 45.430262 ], [ 82.635546, 45.240534 ], [ 82.561647, 45.129419 ], [ 82.481661, 45.127474 ], [ 82.296938, 45.237757 ], [ 81.94803, 45.15748 ], [ 81.815813, 45.200533 ], [ 81.797762, 45.305811 ], [ 81.688311, 45.350817 ], [ 81.05443, 45.166086 ], [ 80.469149, 45.111094 ], [ 80.391665, 45.04915 ], [ 80.12137, 45.039423 ], [ 79.871096, 44.904978 ], [ 79.875811, 44.865534 ], [ 80.001665, 44.797762 ], [ 80.262209, 44.824427 ], [ 80.52083, 44.732477 ], [ 80.516665, 44.707201 ], [ 80.374987, 44.656076 ], [ 80.407213, 44.602198 ], [ 80.348879, 44.450251 ], [ 80.399996, 44.25831 ], [ 80.362764, 44.125246 ], [ 80.431368, 44.053026 ], [ 80.441927, 43.986361 ], [ 80.736376, 43.478571 ], [ 80.731936, 43.423296 ], [ 80.66054, 43.328852 ], [ 80.769152, 43.288858 ], [ 80.817217, 43.156069 ], [ 80.778597, 43.110247 ], [ 80.646379, 43.141352 ], [ 80.383608, 43.033579 ], [ 80.390276, 42.992739 ], [ 80.561373, 42.926355 ], [ 80.5786, 42.891077 ], [ 80.260653, 42.819407 ], [ 80.171923, 42.660509 ], [ 80.182207, 42.568018 ], [ 80.242479, 42.490511 ], [ 80.217211, 42.45051 ], [ 80.238314, 42.363291 ], [ 80.293871, 42.252184 ], [ 80.281099, 42.212175 ], [ 80.23221, 42.194117 ], [ 80.281099, 42.091898 ], [ 80.262499, 42.048845 ], [ 79.879427, 42.016352 ], [ 79.778597, 41.887178 ], [ 79.654985, 41.882174 ], [ 79.431932, 41.782167 ], [ 79.30942, 41.791338 ], [ 79.207491, 41.728281 ], [ 78.670824, 41.531893 ], [ 78.639986, 41.483004 ], [ 78.531099, 41.463839 ], [ 78.375536, 41.378832 ], [ 78.373598, 41.275507 ], [ 78.288317, 41.227724 ], [ 78.188875, 41.101343 ], [ 78.080828, 41.040789 ], [ 77.854708, 41.069399 ], [ 77.68471, 41.001894 ], [ 77.543596, 40.986612 ], [ 77.377474, 41.028002 ], [ 77.138048, 41.016054 ], [ 77.058321, 41.049112 ], [ 76.873873, 41.014109 ], [ 76.781939, 40.940775 ], [ 76.793596, 40.862444 ], [ 76.649721, 40.744944 ], [ 76.639437, 40.608553 ], [ 76.553041, 40.544107 ], [ 76.500002, 40.442438 ], [ 76.345827, 40.350222 ], [ 76.277483, 40.454386 ], [ 76.194139, 40.377993 ], [ 76.068056, 40.395777 ], [ 75.978045, 40.363276 ], [ 75.928865, 40.305498 ], [ 75.697206, 40.299112 ], [ 75.661379, 40.398279 ], [ 75.696642, 40.444941 ], [ 75.64554, 40.486605 ], [ 75.622759, 40.597994 ], [ 75.578051, 40.647997 ], [ 75.225542, 40.446886 ], [ 75.161379, 40.470217 ], [ 75.05887, 40.447718 ], [ 74.860262, 40.519388 ], [ 74.810259, 40.419802 ], [ 74.884432, 40.327715 ], [ 74.736925, 40.342432 ], [ 74.383608, 40.107714 ], [ 74.19803, 40.113825 ], [ 73.98749, 40.037989 ], [ 73.84276, 39.778818 ], [ 73.910814, 39.725206 ], [ 73.956102, 39.597712 ], [ 73.902483, 39.569658 ], [ 73.84804, 39.474932 ], [ 73.655687, 39.454828 ], [ 73.669985, 39.344095 ], [ 73.617205, 39.232149 ], [ 73.721651, 39.082438 ], [ 73.853319, 38.969095 ], [ 73.704988, 38.880762 ], [ 73.762499, 38.800768 ], [ 73.757769, 38.730211 ], [ 73.817766, 38.607714 ], [ 73.942202, 38.538828 ], [ 74.079165, 38.54355 ], [ 74.060534, 38.604654 ], [ 74.110811, 38.621599 ], [ 74.140551, 38.676325 ], [ 74.258333, 38.6541 ], [ 74.354708, 38.674379 ], [ 74.718325, 38.5291 ], [ 74.788591, 38.52743 ], [ 74.852205, 38.474649 ], [ 74.864702, 38.388826 ], [ 74.794436, 38.30604 ], [ 74.814699, 38.078829 ], [ 74.913607, 38.017717 ], [ 74.908327, 37.910494 ], [ 74.936647, 37.888834 ], [ 74.902773, 37.847162 ], [ 74.991091, 37.783831 ], [ 74.902773, 37.647158 ], [ 74.949419, 37.562983 ], [ 75.187487, 37.406588 ], [ 75.111101, 37.383532 ], [ 75.096651, 37.321856 ], [ 74.95804, 37.281839 ], [ 74.884911, 37.221415 ], [ 74.809118, 37.214748 ], [ 74.741071, 37.286131 ], [ 74.65832, 37.23442 ], [ 74.630456, 37.264564 ], [ 74.500879, 37.23926 ], [ 74.455955, 37.142884 ], [ 74.494926, 37.065266 ], [ 74.532987, 37.077255 ], [ 74.565432, 37.027819 ], [ 74.697525, 37.083972 ], [ 74.739211, 37.021651 ], [ 74.839091, 37.058565 ], [ 74.908296, 36.929443 ], [ 74.932412, 36.946341 ], [ 74.916978, 36.978518 ], [ 75.143596, 37.026887 ], [ 75.233416, 36.959053 ], [ 75.399539, 36.955057 ], [ 75.385621, 36.903415 ], [ 75.42258, 36.886362 ], [ 75.420857, 36.77338 ], [ 75.45207, 36.724236 ], [ 75.532451, 36.721376 ], [ 75.533925, 36.771433 ], [ 75.64031, 36.770331 ], [ 75.864861, 36.669734 ], [ 75.940929, 36.599248 ], [ 75.925977, 36.564659 ], [ 76.009045, 36.470677 ], [ 76.035393, 36.409113 ], [ 75.985233, 36.34164 ], [ 76.061989, 36.227332 ], [ 76.002913, 36.232224 ], [ 76.029399, 36.174295 ], [ 75.932633, 36.135624 ], [ 75.941962, 36.070839 ], [ 75.998944, 36.01899 ], [ 76.100919, 36.016182 ], [ 76.159417, 35.917136 ], [ 76.141061, 35.849698 ], [ 76.168967, 35.821104 ], [ 76.35937, 35.828166 ], [ 76.366439, 35.863565 ], [ 76.427032, 35.852523 ], [ 76.566627, 35.92518 ], [ 76.598983, 35.900169 ], [ 76.561046, 35.822516 ], [ 76.586512, 35.77556 ], [ 76.686971, 35.751633 ], [ 76.766512, 35.659873 ], [ 76.844508, 35.674549 ], [ 76.899768, 35.619118 ], [ 77.057043, 35.601978 ], [ 77.19402, 35.521846 ], [ 77.30261, 35.5456 ], [ 77.381365, 35.473494 ], [ 77.442301, 35.461832 ], [ 77.485859, 35.492879 ], [ 77.629549, 35.462297 ], [ 77.652108, 35.486774 ], [ 77.686876, 35.453254 ], [ 77.779921, 35.498229 ] ] ] } },
{ "type": "Feature", "properties": { "id": "00-00-f1-19", "volumeName": "FIR VANCOUVER", "icaoID": "CZVR" }, "geometry": { "type": "Polygon", "coordinates": [ [ [ -127.934896, 56.61455 ], [ -132.066005, 56.99995 ], [ -132.123611, 56.873665 ], [ -131.87294, 56.806026 ], [ -131.900939, 56.753481 ], [ -131.835445, 56.599584 ], [ -131.581728, 56.612249 ], [ -131.087494, 56.406082 ], [ -130.774445, 56.366106 ], [ -130.623474, 56.266945 ], [ -130.468033, 56.243111 ], [ -130.426163, 56.141613 ], [ -130.246368, 56.096474 ], [ -130.103943, 56.12286 ], [ -130.003632, 56.00811 ], [ -130.003922, 55.907471 ], [ -130.152557, 55.766335 ], [ -130.111771, 55.682945 ], [ -130.128021, 55.581085 ], [ -129.974197, 55.281944 ], [ -130.102859, 55.192612 ], [ -130.187576, 55.062862 ], [ -130.345978, 54.917751 ], [ -130.659088, 54.763084 ], [ -130.618259, 54.709791 ], [ -132.700914, 54.659237 ], [ -136.0, 54.000002 ], [ -135.0, 52.716665 ], [ -133.75, 51.000002 ], [ -130.857625, 49.731184 ], [ -128.0, 48.333334 ], [ -124.75, 48.500002 ], [ -124.010422, 48.296387 ], [ -123.536646, 48.225485 ], [ -123.248444, 48.284027 ], [ -123.115194, 48.422022 ], [ -123.218792, 48.548482 ], [ -123.267674, 48.693357 ], [ -123.008499, 48.767113 ], [ -123.00861, 48.831114 ], [ -123.322222, 49.000002 ], [ -115.501404, 48.999437 ], [ -115.137499, 49.500002 ], [ -115.145267, 50.002298 ], [ -115.236089, 50.174397 ], [ -115.432458, 50.305432 ], [ -115.641401, 50.363529 ], [ -115.868986, 50.371956 ], [ -116.087078, 50.329672 ], [ -117.714443, 52.105001 ], [ -119.0, 53.4 ], [ -120.774721, 54.544443 ], [ -123.25, 56.000002 ], [ -126.148249, 56.404115 ], [ -127.934896, 56.61455 ] ] ] } },
{ "type": "Feature", "properties": { "id": "00-00-f1-1a", "volumeName": "FIR VIENTIANE", "icaoID": "VLVT" }, "geometry": { "type": "Polygon", "coordinates": [ [ [ 101.875528, 22.383055 ], [ 101.79999, 22.489439 ], [ 101.738039, 22.496943 ], [ 101.671923, 22.446386 ], [ 101.680544, 22.379164 ], [ 101.626925, 22.281668 ], [ 101.569994, 22.279165 ], [ 101.538881, 22.244162 ], [ 101.596941, 22.161665 ], [ 101.574434, 22.109163 ], [ 101.625528, 21.971941 ], [ 101.708605, 21.928885 ], [ 101.784716, 21.824999 ], [ 101.752489, 21.72444 ], [ 101.783052, 21.650831 ], [ 101.833055, 21.621386 ], [ 101.763048, 21.578333 ], [ 101.777483, 21.515001 ], [ 101.748873, 21.481939 ], [ 101.739153, 21.316389 ], [ 101.851381, 21.249163 ], [ 101.838045, 21.211107 ], [ 101.782213, 21.206942 ], [ 101.787203, 21.144163 ], [ 101.729982, 21.139719 ], [ 101.669985, 21.19972 ], [ 101.607485, 21.180277 ], [ 101.615259, 21.228331 ], [ 101.568605, 21.247496 ], [ 101.281939, 21.180277 ], [ 101.228319, 21.31222 ], [ 101.265268, 21.376108 ], [ 101.19359, 21.412775 ], [ 101.216379, 21.545553 ], [ 101.148241, 21.572638 ], [ 101.161654, 21.530554 ], [ 100.997484, 21.39583 ], [ 100.834719, 21.3025 ], [ 100.722605, 21.307711 ], [ 100.671923, 21.128054 ], [ 100.62137, 21.051664 ], [ 100.545534, 21.025278 ], [ 100.519991, 20.949442 ], [ 100.525545, 20.871111 ], [ 100.633615, 20.891542 ], [ 100.647219, 20.870554 ], [ 100.531939, 20.805277 ], [ 100.368876, 20.826944 ], [ 100.253885, 20.74555 ], [ 100.175264, 20.635275 ], [ 100.091372, 20.348608 ], [ 100.097216, 20.256109 ], [ 100.159716, 20.234995 ], [ 100.163042, 20.288332 ], [ 100.214998, 20.312777 ], [ 100.25638, 20.385275 ], [ 100.332766, 20.388609 ], [ 100.454355, 20.190889 ], [ 100.52054, 20.144999 ], [ 100.580462, 20.15777 ], [ 100.509165, 19.881941 ], [ 100.404161, 19.754446 ], [ 100.503603, 19.526667 ], [ 100.582766, 19.493052 ], [ 100.651934, 19.551664 ], [ 100.77527, 19.484442 ], [ 100.899721, 19.623053 ], [ 101.035814, 19.618608 ], [ 101.12137, 19.567778 ], [ 101.196932, 19.568609 ], [ 101.219355, 19.596407 ], [ 101.281099, 19.56222 ], [ 101.268885, 19.477221 ], [ 101.210543, 19.45944 ], [ 101.202478, 19.353888 ], [ 101.240541, 19.333887 ], [ 101.258333, 19.128332 ], [ 101.354433, 19.03861 ], [ 101.25194, 18.889719 ], [ 101.228868, 18.725275 ], [ 101.267488, 18.680552 ], [ 101.056376, 18.439718 ], [ 101.093874, 18.374998 ], [ 101.181665, 18.330832 ], [ 101.151659, 18.254446 ], [ 101.188028, 18.203329 ], [ 101.167215, 18.120275 ], [ 101.190538, 18.054167 ], [ 101.023882, 17.895552 ], [ 101.029428, 17.833055 ], [ 100.989702, 17.806108 ], [ 100.98749, 17.719442 ], [ 100.912775, 17.575277 ], [ 101.028322, 17.544443 ], [ 101.162775, 17.459997 ], [ 101.27083, 17.601389 ], [ 101.411654, 17.684721 ], [ 101.434145, 17.716108 ], [ 101.408335, 17.730829 ], [ 101.483599, 17.755835 ], [ 101.496645, 17.726107 ], [ 101.514429, 17.765001 ], [ 101.585825, 17.790556 ], [ 101.55971, 17.813837 ], [ 101.579714, 17.863611 ], [ 101.604433, 17.849443 ], [ 101.628313, 17.886942 ], [ 101.726931, 17.909163 ], [ 101.779985, 18.063334 ], [ 101.907213, 18.034166 ], [ 102.089434, 18.214998 ], [ 102.178865, 18.193888 ], [ 102.295259, 18.050276 ], [ 102.419436, 17.983885 ], [ 102.603594, 17.950274 ], [ 102.589983, 17.841665 ], [ 102.669985, 17.801664 ], [ 102.671656, 17.861944 ], [ 102.858599, 17.974718 ], [ 102.951662, 18.007223 ], [ 103.044985, 17.994162 ], [ 103.065813, 18.118608 ], [ 103.140825, 18.165274 ], [ 103.159151, 18.238607 ], [ 103.282763, 18.286665 ], [ 103.236368, 18.353888 ], [ 103.305254, 18.42111 ], [ 103.507769, 18.421663 ], [ 103.691935, 18.339167 ], [ 103.814699, 18.333055 ], [ 103.868593, 18.280001 ], [ 103.97249, 18.329443 ], [ 104.071932, 18.19972 ], [ 104.103319, 18.104719 ], [ 104.19803, 18.018431 ], [ 104.277773, 17.85 ], [ 104.35721, 17.810556 ], [ 104.46776, 17.643332 ], [ 104.699144, 17.523333 ], [ 104.805544, 17.381941 ], [ 104.809145, 17.190275 ], [ 104.740808, 17.006945 ], [ 104.768335, 16.863611 ], [ 104.752779, 16.5175 ], [ 104.85248, 16.451941 ], [ 104.905825, 16.350275 ], [ 105.012499, 16.251665 ], [ 105.076929, 16.097498 ], [ 105.41971, 16.013887 ], [ 105.345545, 15.929998 ], [ 105.401094, 15.807222 ], [ 105.449144, 15.756945 ], [ 105.504709, 15.7675 ], [ 105.596369, 15.728056 ], [ 105.632479, 15.67861 ], [ 105.599993, 15.433054 ], [ 105.474703, 15.36083 ], [ 105.505259, 15.326666 ], [ 105.588335, 15.335787 ], [ 105.596369, 15.274721 ], [ 105.489435, 15.201109 ], [ 105.469149, 15.113333 ], [ 105.620249, 14.984999 ], [ 105.556932, 14.953611 ], [ 105.579714, 14.894724 ], [ 105.541094, 14.880278 ], [ 105.550539, 14.841387 ], [ 105.513048, 14.809443 ], [ 105.536104, 14.563334 ], [ 105.441935, 14.432222 ], [ 105.210604, 14.349649 ], [ 105.209993, 14.284445 ], [ 105.282763, 14.178057 ], [ 105.380816, 14.105276 ], [ 105.470263, 14.113611 ], [ 105.55913, 14.168325 ], [ 105.643335, 14.106943 ], [ 105.669146, 14.123053 ], [ 105.783602, 14.081388 ], [ 105.796946, 14.026388 ], [ 105.91028, 13.932844 ], [ 106.095263, 13.920553 ], [ 106.108324, 13.993608 ], [ 106.17415, 14.071665 ], [ 106.033869, 14.237219 ], [ 105.996096, 14.361387 ], [ 106.216379, 14.376944 ], [ 106.251101, 14.49333 ], [ 106.331102, 14.444723 ], [ 106.408335, 14.456388 ], [ 106.433321, 14.523333 ], [ 106.483049, 14.519999 ], [ 106.469149, 14.559164 ], [ 106.540743, 14.598726 ], [ 106.571665, 14.513613 ], [ 106.629969, 14.464998 ], [ 106.733599, 14.442499 ], [ 106.853594, 14.303053 ], [ 106.909151, 14.343054 ], [ 106.980822, 14.33111 ], [ 107.050264, 14.443056 ], [ 107.121096, 14.405279 ], [ 107.204165, 14.502501 ], [ 107.253603, 14.506666 ], [ 107.312761, 14.606943 ], [ 107.370531, 14.56111 ], [ 107.450823, 14.553053 ], [ 107.471369, 14.637499 ], [ 107.54915, 14.710833 ], [ 107.513613, 14.80361 ], [ 107.589159, 14.887777 ], [ 107.482759, 14.966108 ], [ 107.46776, 15.025 ], [ 107.615259, 15.06222 ], [ 107.607759, 15.103609 ], [ 107.645266, 15.131666 ], [ 107.695253, 15.270834 ], [ 107.612764, 15.347498 ], [ 107.604433, 15.411943 ], [ 107.517763, 15.425833 ], [ 107.507769, 15.494997 ], [ 107.469713, 15.517221 ], [ 107.397493, 15.497499 ], [ 107.34276, 15.602777 ], [ 107.263048, 15.647779 ], [ 107.255259, 15.723886 ], [ 107.17499, 15.795 ], [ 107.203875, 15.859999 ], [ 107.398333, 15.913889 ], [ 107.475275, 16.021112 ], [ 107.464708, 16.078611 ], [ 107.334154, 16.056944 ], [ 107.257494, 16.144163 ], [ 107.161104, 16.187777 ], [ 107.148882, 16.260832 ], [ 107.093874, 16.300833 ], [ 106.989153, 16.297777 ], [ 106.981089, 16.342497 ], [ 106.881929, 16.418886 ], [ 106.880541, 16.536112 ], [ 106.845263, 16.535555 ], [ 106.760538, 16.421385 ], [ 106.685534, 16.458052 ], [ 106.669985, 16.584444 ], [ 106.59833, 16.608889 ], [ 106.560259, 16.677496 ], [ 106.561098, 16.996943 ], [ 106.444429, 16.987497 ], [ 106.41971, 17.074999 ], [ 106.325548, 17.198606 ], [ 106.311922, 17.290556 ], [ 106.260271, 17.247496 ], [ 106.211649, 17.261667 ], [ 106.039148, 17.406664 ], [ 105.860811, 17.618608 ], [ 105.753885, 17.669996 ], [ 105.680269, 17.820833 ], [ 105.614992, 17.871386 ], [ 105.634432, 17.976942 ], [ 105.503328, 18.128885 ], [ 105.499712, 18.179998 ], [ 105.433596, 18.207773 ], [ 105.393602, 18.15 ], [ 105.321932, 18.196665 ], [ 105.318605, 18.26 ], [ 105.258615, 18.254446 ], [ 105.184984, 18.318331 ], [ 105.191652, 18.378332 ], [ 105.103594, 18.451387 ], [ 105.146379, 18.594442 ], [ 105.194139, 18.609999 ], [ 105.138895, 18.702776 ], [ 104.941935, 18.738329 ], [ 104.913881, 18.780279 ], [ 104.741365, 18.79722 ], [ 104.57332, 18.900553 ], [ 104.526384, 18.976664 ], [ 104.447199, 18.983053 ], [ 104.377764, 19.059164 ], [ 104.220758, 19.111326 ], [ 104.224154, 19.151388 ], [ 104.171099, 19.193052 ], [ 104.05942, 19.239996 ], [ 103.998598, 19.229719 ], [ 103.915819, 19.300001 ], [ 103.879435, 19.293612 ], [ 103.964708, 19.388609 ], [ 104.070543, 19.411665 ], [ 104.086382, 19.475828 ], [ 104.121645, 19.493887 ], [ 104.101648, 19.559721 ], [ 104.036654, 19.611109 ], [ 104.037249, 19.692945 ], [ 104.135271, 19.659441 ], [ 104.246096, 19.704443 ], [ 104.321383, 19.659502 ], [ 104.413599, 19.693331 ], [ 104.5161, 19.606108 ], [ 104.640268, 19.611944 ], [ 104.71332, 19.746386 ], [ 104.83777, 19.794165 ], [ 104.846102, 19.853331 ], [ 104.786928, 19.861387 ], [ 104.785814, 19.887499 ], [ 104.896379, 19.990553 ], [ 104.979158, 20.004999 ], [ 104.965273, 20.064165 ], [ 104.992205, 20.093332 ], [ 104.932215, 20.13611 ], [ 104.94359, 20.181387 ], [ 104.831675, 20.228609 ], [ 104.747759, 20.201662 ], [ 104.683039, 20.217218 ], [ 104.711115, 20.3375 ], [ 104.621645, 20.413885 ], [ 104.514429, 20.407499 ], [ 104.381929, 20.444719 ], [ 104.470835, 20.539167 ], [ 104.552279, 20.516958 ], [ 104.643602, 20.660276 ], [ 104.499155, 20.71361 ], [ 104.482759, 20.768332 ], [ 104.409418, 20.778334 ], [ 104.31415, 20.889719 ], [ 104.109156, 20.977221 ], [ 104.034716, 20.905275 ], [ 103.805819, 20.847776 ], [ 103.789431, 20.748606 ], [ 103.732759, 20.729162 ], [ 103.738314, 20.669996 ], [ 103.69359, 20.657221 ], [ 103.606936, 20.739439 ], [ 103.511385, 20.758055 ], [ 103.458605, 20.824999 ], [ 103.389162, 20.783888 ], [ 103.288881, 20.838053 ], [ 103.170534, 20.846666 ], [ 103.086115, 20.939997 ], [ 103.037493, 21.053888 ], [ 102.966928, 21.078611 ], [ 102.946093, 21.156664 ], [ 102.90999, 21.170832 ], [ 102.918871, 21.232496 ], [ 102.822771, 21.257223 ], [ 102.900545, 21.302778 ], [ 102.946932, 21.449442 ], [ 102.874979, 21.432775 ], [ 103.000269, 21.580553 ], [ 102.972765, 21.744162 ], [ 102.866655, 21.711107 ], [ 102.858324, 21.826944 ], [ 102.821665, 21.846666 ], [ 102.812761, 21.725828 ], [ 102.752779, 21.668886 ], [ 102.676653, 21.655832 ], [ 102.648333, 21.85 ], [ 102.607759, 21.925554 ], [ 102.505548, 21.962217 ], [ 102.515551, 22.029444 ], [ 102.238314, 22.242495 ], [ 102.119432, 22.430277 ], [ 102.030825, 22.455275 ], [ 101.930544, 22.438608 ], [ 101.875528, 22.383055 ] ] ] } },
{ "type": "Feature", "properties": { "id": "00-00-f1-1b", "volumeName": "FIR VILNIUS", "icaoID": "EYVL" }, "geometry": { "type": "Polygon", "coordinates": [ [ [ 24.932219, 56.419443 ], [ 24.879442, 56.448603 ], [ 24.864443, 56.412767 ], [ 24.726664, 56.397776 ], [ 24.479998, 56.269716 ], [ 24.33972, 56.310823 ], [ 24.163332, 56.26111 ], [ 23.948885, 56.332216 ], [ 23.60861, 56.364161 ], [ 23.525278, 56.334162 ], [ 23.319998, 56.380274 ], [ 23.17111, 56.36194 ], [ 23.096109, 56.305826 ], [ 22.941385, 56.423883 ], [ 22.691385, 56.356661 ], [ 22.519167, 56.404436 ], [ 22.067221, 56.419443 ], [ 21.354445, 56.239992 ], [ 21.24444, 56.168329 ], [ 21.204718, 56.083879 ], [ 20.666666, 56.066668 ], [ 18.505757, 56.344966 ], [ 18.021431, 56.09411 ], [ 20.984816, 55.276552 ], [ 21.263937, 55.248987 ], [ 21.381285, 55.287096 ], [ 21.503889, 55.193323 ], [ 21.640276, 55.184717 ], [ 21.863054, 55.091936 ], [ 22.009722, 55.08777 ], [ 22.050276, 55.029993 ], [ 22.258055, 55.066385 ], [ 22.599203, 55.071131 ], [ 22.640833, 54.966387 ], [ 22.732218, 54.962496 ], [ 22.770555, 54.938883 ], [ 22.755556, 54.920549 ], [ 22.834997, 54.901659 ], [ 22.869165, 54.823328 ], [ 22.842497, 54.777491 ], [ 22.740553, 54.72777 ], [ 22.698332, 54.589434 ], [ 22.694441, 54.473322 ], [ 22.785887, 54.36384 ], [ 22.856108, 54.408602 ], [ 22.987497, 54.389162 ], [ 23.061666, 54.351664 ], [ 23.066111, 54.308046 ], [ 23.142496, 54.310549 ], [ 23.350275, 54.238886 ], [ 23.484442, 54.13833 ], [ 23.517778, 54.030275 ], [ 23.475275, 53.991106 ], [ 23.504042, 53.947046 ], [ 23.637499, 53.905268 ], [ 24.175554, 53.967493 ], [ 24.277777, 53.899721 ], [ 24.380831, 53.888048 ], [ 24.612219, 53.99222 ], [ 24.820833, 53.977213 ], [ 24.840555, 54.034441 ], [ 24.795553, 54.101389 ], [ 24.840277, 54.142221 ], [ 25.082499, 54.137499 ], [ 25.178885, 54.186106 ], [ 25.217775, 54.264444 ], [ 25.391665, 54.255831 ], [ 25.498884, 54.304163 ], [ 25.577223, 54.240274 ], [ 25.518332, 54.225824 ], [ 25.547777, 54.203325 ], [ 25.504721, 54.183054 ], [ 25.534445, 54.146944 ], [ 25.785276, 54.160547 ], [ 25.807775, 54.248049 ], [ 25.727221, 54.290552 ], [ 25.717497, 54.328608 ], [ 25.581942, 54.311663 ], [ 25.547499, 54.332773 ], [ 25.636385, 54.427217 ], [ 25.648886, 54.517496 ], [ 25.764166, 54.579165 ], [ 25.726942, 54.683054 ], [ 25.736662, 54.789438 ], [ 25.80361, 54.813883 ], [ 25.788889, 54.870272 ], [ 25.911943, 54.953608 ], [ 26.16083, 54.977213 ], [ 26.284166, 55.14805 ], [ 26.450274, 55.132769 ], [ 26.481665, 55.154993 ], [ 26.615831, 55.124712 ], [ 26.668608, 55.21805 ], [ 26.819719, 55.281107 ], [ 26.766943, 55.313608 ], [ 26.455832, 55.341379 ], [ 26.569445, 55.468325 ], [ 26.545, 55.51111 ], [ 26.626665, 55.59305 ], [ 26.613211, 55.674837 ], [ 26.33861, 55.726381 ], [ 26.190832, 55.867495 ], [ 25.714998, 56.089991 ], [ 25.690554, 56.149996 ], [ 25.096945, 56.201105 ], [ 25.000002, 56.295549 ], [ 24.932219, 56.419443 ] ] ] } },
{ "type": "Feature", "properties": { "id": "00-00-f1-1c", "volumeName": "FIR VOLOGDA", "icaoID": "ULWW" }, "geometry": { "type": "Polygon", "coordinates": [ [ [ 35.816677, 58.583335 ], [ 38.522233, 58.707224 ], [ 42.054734, 58.775001 ], [ 45.000012, 58.766668 ], [ 45.500013, 59.516668 ], [ 46.333346, 60.066668 ], [ 44.250013, 60.416668 ], [ 42.583346, 61.100002 ], [ 40.333345, 61.233335 ], [ 37.300011, 61.333336 ], [ 36.650008, 61.250001 ], [ 35.616677, 60.850002 ], [ 35.983344, 59.366669 ], [ 35.816677, 58.583335 ] ] ] } },
{ "type": "Feature", "properties": { "id": "00-00-f1-1d", "volumeName": "FIR WARSZAWA", "icaoID": "EPWW" }, "geometry": { "type": "Polygon", "coordinates": [ [ [ 17.550001, 55.85 ], [ 15.866667, 54.916666 ], [ 15.134782, 54.916666 ], [ 14.964099, 54.828803 ], [ 14.777313, 54.798423 ], [ 14.52813, 54.829424 ], [ 14.3575, 54.916667 ], [ 14.254725, 54.127222 ], [ 14.201391, 54.126111 ], [ 14.242222, 53.987777 ], [ 14.218889, 53.86902 ], [ 14.318335, 53.617777 ], [ 14.308054, 53.546106 ], [ 14.377779, 53.451662 ], [ 14.449568, 53.258562 ], [ 14.382692, 53.19581 ], [ 14.352499, 53.052774 ], [ 14.149443, 52.962778 ], [ 14.165606, 52.87781 ], [ 14.126112, 52.845278 ], [ 14.34889, 52.751665 ], [ 14.64139, 52.570002 ], [ 14.609167, 52.526667 ], [ 14.636389, 52.490557 ], [ 14.534445, 52.394724 ], [ 14.581667, 52.286112 ], [ 14.710554, 52.243891 ], [ 14.687223, 52.114168 ], [ 14.760767, 52.069864 ], [ 14.692499, 51.89889 ], [ 14.599443, 51.818605 ], [ 14.649168, 51.787218 ], [ 14.666945, 51.724161 ], [ 14.755278, 51.67 ], [ 14.76, 51.604441 ], [ 14.715277, 51.557779 ], [ 14.736113, 51.528055 ], [ 14.954168, 51.469721 ], [ 14.971666, 51.355555 ], [ 15.038889, 51.271662 ], [ 14.966391, 51.053606 ], [ 14.828333, 50.865831 ], [ 15.005278, 50.86722 ], [ 15.020555, 50.967775 ], [ 14.981668, 51.002779 ], [ 15.021944, 51.028055 ], [ 15.1425, 50.989168 ], [ 15.172777, 51.018885 ], [ 15.182222, 50.979441 ], [ 15.239443, 50.991945 ], [ 15.295279, 50.954165 ], [ 15.283335, 50.890833 ], [ 15.364168, 50.841387 ], [ 15.379721, 50.779444 ], [ 15.437498, 50.811106 ], [ 15.694723, 50.73694 ], [ 15.815554, 50.749445 ], [ 15.870554, 50.67 ], [ 15.993334, 50.683886 ], [ 16.009722, 50.602495 ], [ 16.058054, 50.6075 ], [ 16.10861, 50.660555 ], [ 16.187777, 50.628885 ], [ 16.237501, 50.670557 ], [ 16.341944, 50.661112 ], [ 16.448057, 50.572779 ], [ 16.368334, 50.498606 ], [ 16.310835, 50.504168 ], [ 16.205832, 50.423883 ], [ 16.282499, 50.36722 ], [ 16.361666, 50.377222 ], [ 16.390001, 50.322779 ], [ 16.441389, 50.316668 ], [ 16.54611, 50.229166 ], [ 16.563612, 50.164721 ], [ 16.641943, 50.108332 ], [ 16.725279, 50.099718 ], [ 16.85, 50.203333 ], [ 17.030001, 50.229441 ], [ 17.014166, 50.287218 ], [ 16.943335, 50.316385 ], [ 16.869444, 50.405275 ], [ 16.890276, 50.43944 ], [ 17.202223, 50.387217 ], [ 17.283609, 50.320276 ], [ 17.353888, 50.322496 ], [ 17.360834, 50.265001 ], [ 17.405279, 50.280275 ], [ 17.441946, 50.247774 ], [ 17.656668, 50.269999 ], [ 17.722776, 50.319719 ], [ 17.753054, 50.297777 ], [ 17.733889, 50.260279 ], [ 17.762499, 50.205553 ], [ 17.597776, 50.158335 ], [ 17.657778, 50.108057 ], [ 17.750002, 50.102221 ], [ 17.738333, 50.08333 ], [ 17.83639, 49.990831 ], [ 18.05028, 50.005556 ], [ 18.013334, 50.047495 ], [ 18.041945, 50.059168 ], [ 18.10861, 49.99972 ], [ 18.19639, 49.991663 ], [ 18.319723, 49.911943 ], [ 18.354166, 49.93944 ], [ 18.51222, 49.899996 ], [ 18.577223, 49.914446 ], [ 18.575556, 49.873888 ], [ 18.611944, 49.859446 ], [ 18.57472, 49.823053 ], [ 18.63389, 49.718889 ], [ 18.809999, 49.67444 ], [ 18.85, 49.51861 ], [ 18.979445, 49.500002 ], [ 18.978056, 49.396662 ], [ 19.201113, 49.408884 ], [ 19.244444, 49.509165 ], [ 19.370832, 49.536386 ], [ 19.466391, 49.609995 ], [ 19.533056, 49.566668 ], [ 19.579168, 49.456942 ], [ 19.651945, 49.450556 ], [ 19.637777, 49.40333 ], [ 19.790277, 49.406664 ], [ 19.798056, 49.300554 ], [ 19.826944, 49.278055 ], [ 19.773611, 49.233057 ], [ 19.789446, 49.196939 ], [ 19.936388, 49.231112 ], [ 20.081388, 49.17528 ], [ 20.14361, 49.314997 ], [ 20.308332, 49.342501 ], [ 20.332518, 49.400515 ], [ 20.39887, 49.382219 ], [ 20.451155, 49.412867 ], [ 20.567221, 49.377779 ], [ 20.701387, 49.418055 ], [ 20.812498, 49.330828 ], [ 20.869444, 49.334719 ], [ 20.916388, 49.296106 ], [ 21.097502, 49.366388 ], [ 21.049444, 49.405275 ], [ 21.076113, 49.423609 ], [ 21.203333, 49.404718 ], [ 21.278891, 49.456667 ], [ 21.459444, 49.411112 ], [ 21.618891, 49.436388 ], [ 21.77611, 49.356112 ], [ 21.833334, 49.384996 ], [ 21.956945, 49.341387 ], [ 22.037779, 49.210833 ], [ 22.222502, 49.178606 ], [ 22.230276, 49.149164 ], [ 22.354723, 49.137499 ], [ 22.417501, 49.096666 ], [ 22.598055, 49.091105 ], [ 22.674166, 49.044161 ], [ 22.769167, 49.053324 ], [ 22.886076, 49.002916 ], [ 22.876108, 49.089991 ], [ 22.73472, 49.177217 ], [ 22.700274, 49.165545 ], [ 22.760279, 49.295275 ], [ 22.738329, 49.390276 ], [ 22.692221, 49.423326 ], [ 22.656107, 49.519716 ], [ 22.68083, 49.572496 ], [ 23.146109, 49.983049 ], [ 23.676943, 50.324442 ], [ 23.703886, 50.378328 ], [ 23.991663, 50.407213 ], [ 24.02611, 50.493879 ], [ 24.132776, 50.544443 ], [ 24.079721, 50.704996 ], [ 23.952497, 50.794718 ], [ 23.972773, 50.828051 ], [ 24.114721, 50.831385 ], [ 24.14472, 50.858049 ], [ 23.966387, 50.948877 ], [ 23.862776, 51.09833 ], [ 23.866941, 51.148607 ], [ 23.63611, 51.301104 ], [ 23.693052, 51.404711 ], [ 23.639441, 51.448603 ], [ 23.654165, 51.48472 ], [ 23.563887, 51.539438 ], [ 23.539167, 51.592768 ], [ 23.555555, 51.749437 ], [ 23.628332, 51.800547 ], [ 23.594721, 51.833605 ], [ 23.611738, 51.913973 ], [ 23.672773, 51.991381 ], [ 23.638609, 52.079439 ], [ 23.514723, 52.123606 ], [ 23.493052, 52.174166 ], [ 23.206385, 52.225267 ], [ 23.1654, 52.282278 ], [ 23.397219, 52.514444 ], [ 23.597219, 52.596384 ], [ 23.753889, 52.615831 ], [ 23.940832, 52.73221 ], [ 23.915274, 52.918886 ], [ 23.933054, 53.014162 ], [ 23.878054, 53.075556 ], [ 23.910555, 53.167215 ], [ 23.814722, 53.254442 ], [ 23.640276, 53.55916 ], [ 23.584723, 53.747774 ], [ 23.542776, 53.790834 ], [ 23.51, 53.957216 ], [ 23.475275, 53.991106 ], [ 23.517221, 54.04722 ], [ 23.459162, 54.17277 ], [ 23.333055, 54.247217 ], [ 23.066111, 54.308046 ], [ 23.061666, 54.351664 ], [ 22.992773, 54.387774 ], [ 22.870275, 54.408045 ], [ 22.775831, 54.361109 ], [ 22.629999, 54.348879 ], [ 21.411943, 54.32583 ], [ 19.65111, 54.455828 ], [ 17.550001, 55.85 ] ] ] } },
{ "type": "Feature", "properties": { "id": "00-00-f1-1f", "volumeName": "FIR WASHINGTON", "icaoID": "KZDC" }, "geometry": { "type": "Polygon", "coordinates": [ [ [ -74.956944, 40.341667 ], [ -75.0575, 40.239444 ], [ -76.347222, 39.391667 ], [ -76.855556, 39.385 ], [ -77.358333, 39.51 ], [ -77.355, 39.875 ], [ -77.933333, 39.85 ], [ -79.543055, 39.370832 ], [ -79.894444, 39.173611 ], [ -80.4, 39.166667 ], [ -80.566667, 38.766667 ], [ -80.841667, 37.466667 ], [ -80.745833, 37.304167 ], [ -80.633333, 37.331944 ], [ -79.949999, 36.154169 ], [ -79.744444, 36.088888 ], [ -79.804167, 35.383333 ], [ -80.147222, 34.855556 ], [ -79.916666, 34.85 ], [ -79.333332, 34.425001 ], [ -78.75, 34.444445 ], [ -76.779444, 32.967778 ], [ -75.19, 35.308056 ], [ -74.936944, 35.496944 ], [ -74.599722, 36.787778 ], [ -74.599722, 37.081667 ], [ -73.983332, 38.54167 ], [ -73.658333, 39.034722 ], [ -74.194444, 39.579167 ], [ -74.498611, 39.593056 ], [ -74.455556, 39.655833 ], [ -74.8, 39.652778 ], [ -74.911111, 39.709722 ], [ -74.94, 39.751667 ], [ -74.804167, 39.9 ], [ -74.333333, 40.25 ], [ -74.515278, 40.308333 ], [ -74.676389, 40.258333 ], [ -74.956944, 40.341667 ] ] ] } },
{ "type": "Feature", "properties": { "id": "00-00-f1-20", "volumeName": "FIR WIEN", "icaoID": "LOVV" }, "geometry": { "type": "Polygon", "coordinates": [ [ [ 9.531257, 47.270159 ], [ 9.584617, 47.205353 ], [ 9.56486, 47.170402 ], [ 9.635036, 47.128079 ], [ 9.608814, 47.062209 ], [ 9.875555, 47.022493 ], [ 9.879446, 46.939157 ], [ 10.109446, 46.850275 ], [ 10.23139, 46.878885 ], [ 10.243055, 46.932222 ], [ 10.313055, 46.92972 ], [ 10.391111, 47.003611 ], [ 10.487501, 46.937777 ], [ 10.466112, 46.884439 ], [ 10.497778, 46.855272 ], [ 10.679445, 46.87472 ], [ 10.764444, 46.834162 ], [ 10.741945, 46.793886 ], [ 11.014723, 46.772501 ], [ 11.0725, 46.824999 ], [ 11.096666, 46.9125 ], [ 11.171389, 46.966661 ], [ 11.35111, 46.996111 ], [ 11.411665, 46.972498 ], [ 11.483889, 47.014162 ], [ 11.755835, 46.977495 ], [ 12.189165, 47.094721 ], [ 12.230833, 47.072222 ], [ 12.128889, 47.01333 ], [ 12.161943, 46.93944 ], [ 12.146112, 46.9125 ], [ 12.281111, 46.879442 ], [ 12.285276, 46.788332 ], [ 12.355833, 46.777498 ], [ 12.440554, 46.690828 ], [ 12.768888, 46.650835 ], [ 12.841112, 46.612497 ], [ 13.147779, 46.594995 ], [ 13.243891, 46.558054 ], [ 13.407499, 46.576113 ], [ 13.810278, 46.508608 ], [ 13.922224, 46.519999 ], [ 14.112501, 46.481112 ], [ 14.159445, 46.440828 ], [ 14.428335, 46.44639 ], [ 14.564165, 46.385828 ], [ 14.594168, 46.437494 ], [ 14.811666, 46.509996 ], [ 14.864443, 46.610834 ], [ 14.949446, 46.635279 ], [ 14.984865, 46.607157 ], [ 15.045832, 46.652224 ], [ 15.417501, 46.652224 ], [ 15.495832, 46.616945 ], [ 15.65074, 46.70936 ], [ 15.849722, 46.72333 ], [ 16.041609, 46.657549 ], [ 15.988054, 46.751108 ], [ 15.988611, 46.833612 ], [ 16.13611, 46.877779 ], [ 16.295832, 47.018328 ], [ 16.510557, 47.006662 ], [ 16.442499, 47.031107 ], [ 16.515001, 47.057222 ], [ 16.468054, 47.095278 ], [ 16.527777, 47.134439 ], [ 16.452501, 47.14889 ], [ 16.458887, 47.188051 ], [ 16.420557, 47.209162 ], [ 16.491667, 47.280001 ], [ 16.442221, 47.352221 ], [ 16.451944, 47.415277 ], [ 16.50139, 47.399164 ], [ 16.622778, 47.435831 ], [ 16.664999, 47.467501 ], [ 16.655279, 47.506662 ], [ 16.713888, 47.543886 ], [ 16.645277, 47.631945 ], [ 16.426943, 47.671389 ], [ 16.543612, 47.720835 ], [ 16.561388, 47.756662 ], [ 16.715834, 47.73472 ], [ 16.76861, 47.684717 ], [ 16.829443, 47.684999 ], [ 16.868334, 47.719995 ], [ 16.888056, 47.68944 ], [ 17.092779, 47.712778 ], [ 17.054998, 47.799723 ], [ 17.07361, 47.819445 ], [ 17.015833, 47.868052 ], [ 17.090555, 47.887774 ], [ 17.103613, 47.977221 ], [ 17.166388, 48.012499 ], [ 17.085001, 48.0375 ], [ 17.098333, 48.104723 ], [ 16.976694, 48.174929 ], [ 16.94972, 48.278055 ], [ 16.842222, 48.365274 ], [ 16.946184, 48.619066 ], [ 16.885855, 48.730494 ], [ 16.695002, 48.734446 ], [ 16.655832, 48.787775 ], [ 16.5375, 48.812777 ], [ 16.457499, 48.811945 ], [ 16.37639, 48.734446 ], [ 16.103334, 48.750002 ], [ 15.839998, 48.879168 ], [ 15.688612, 48.863329 ], [ 15.290556, 48.99444 ], [ 15.263334, 48.953333 ], [ 15.159723, 48.944719 ], [ 15.156668, 48.99972 ], [ 15.025835, 49.018885 ], [ 14.978056, 48.977221 ], [ 14.971109, 48.77389 ], [ 14.815832, 48.783884 ], [ 14.801111, 48.733057 ], [ 14.72611, 48.691942 ], [ 14.700281, 48.581381 ], [ 14.615, 48.628054 ], [ 14.560835, 48.61278 ], [ 14.469168, 48.649996 ], [ 14.430834, 48.595552 ], [ 14.340555, 48.556391 ], [ 14.068056, 48.601107 ], [ 14.017778, 48.639444 ], [ 14.0525, 48.668329 ], [ 14.007223, 48.710276 ], [ 13.833612, 48.773607 ], [ 13.793055, 48.726107 ], [ 13.834723, 48.702776 ], [ 13.822779, 48.61722 ], [ 13.725996, 48.515589 ], [ 13.526945, 48.585001 ], [ 13.441668, 48.565554 ], [ 13.440001, 48.435274 ], [ 13.394999, 48.366106 ], [ 13.278612, 48.303057 ], [ 13.021944, 48.26111 ], [ 12.760832, 48.127222 ], [ 12.768332, 48.079165 ], [ 13.00889, 47.854166 ], [ 12.941111, 47.765001 ], [ 13.096388, 47.634165 ], [ 13.046667, 47.583055 ], [ 13.054998, 47.500002 ], [ 13.016668, 47.470278 ], [ 12.80361, 47.557222 ], [ 12.786112, 47.585833 ], [ 12.830832, 47.618891 ], [ 12.766668, 47.653887 ], [ 12.779444, 47.673883 ], [ 12.665834, 47.684999 ], [ 12.518057, 47.632219 ], [ 12.441668, 47.69861 ], [ 12.252779, 47.686945 ], [ 12.257223, 47.743052 ], [ 12.178438, 47.703211 ], [ 12.195745, 47.608126 ], [ 12.006388, 47.624445 ], [ 11.846945, 47.582224 ], [ 11.638056, 47.596666 ], [ 11.574446, 47.519999 ], [ 11.434999, 47.51861 ], [ 11.383055, 47.476389 ], [ 11.405554, 47.45389 ], [ 11.335279, 47.452501 ], [ 11.269445, 47.401941 ], [ 11.227499, 47.400553 ], [ 11.238333, 47.42972 ], [ 11.214445, 47.436106 ], [ 11.112501, 47.396944 ], [ 10.978334, 47.399164 ], [ 10.985277, 47.429445 ], [ 10.925001, 47.486666 ], [ 10.867777, 47.489717 ], [ 10.909445, 47.518053 ], [ 10.882502, 47.539995 ], [ 10.769167, 47.521112 ], [ 10.60111, 47.569445 ], [ 10.566111, 47.538057 ], [ 10.49861, 47.539995 ], [ 10.465277, 47.558611 ], [ 10.472502, 47.591387 ], [ 10.426943, 47.576944 ], [ 10.473333, 47.435556 ], [ 10.337221, 47.312494 ], [ 10.228056, 47.275553 ], [ 10.169722, 47.281107 ], [ 10.213057, 47.311106 ], [ 10.23139, 47.381388 ], [ 10.098055, 47.35972 ], [ 10.070555, 47.411943 ], [ 10.103888, 47.433054 ], [ 10.043055, 47.495279 ], [ 10.003332, 47.483889 ], [ 9.963335, 47.547777 ], [ 9.8575, 47.536386 ], [ 9.817778, 47.556108 ], [ 9.82139, 47.589724 ], [ 9.782499, 47.594446 ], [ 9.7292, 47.535299 ], [ 9.566725, 47.540453 ], [ 9.559721, 47.49972 ], [ 9.65111, 47.45833 ], [ 9.673056, 47.394999 ], [ 9.531257, 47.270159 ] ] ] } },
{ "type": "Feature", "properties": { "id": "00-00-f1-21", "volumeName": "FIR WINDHOEK", "icaoID": "FYWH" }, "geometry": { "type": "Polygon", "coordinates": [ [ [ 13.178888, -16.962223 ], [ 12.923334, -17.016392 ], [ 12.816111, -17.108891 ], [ 12.557222, -17.243336 ], [ 12.450834, -17.254169 ], [ 12.421389, -17.203613 ], [ 12.246111, -17.227222 ], [ 12.167776, -17.14389 ], [ 11.97611, -17.164169 ], [ 11.825834, -17.266392 ], [ 11.752783, -17.254833 ], [ 10.000002, -18.0 ], [ 10.000002, -27.5 ], [ 21.000002, -27.5 ], [ 21.003332, -26.84528 ], [ 20.890001, -26.79528 ], [ 20.692411, -26.895889 ], [ 20.639723, -26.823891 ], [ 20.605555, -26.688335 ], [ 20.63389, -26.590279 ], [ 20.601946, -26.536392 ], [ 20.611387, -26.449173 ], [ 20.690279, -26.390003 ], [ 20.860834, -26.140278 ], [ 20.818335, -26.062225 ], [ 20.811388, -25.883335 ], [ 20.780832, -25.820557 ], [ 20.743891, -25.825279 ], [ 20.756666, -25.781948 ], [ 20.655832, -25.623058 ], [ 20.689722, -25.590836 ], [ 20.634722, -25.530003 ], [ 20.635832, -25.487225 ], [ 20.67639, -25.463337 ], [ 20.628054, -25.465836 ], [ 20.611666, -25.39917 ], [ 20.555555, -25.380001 ], [ 20.5375, -25.287781 ], [ 20.451387, -25.202225 ], [ 20.466112, -25.166668 ], [ 20.390001, -25.036945 ], [ 20.245001, -24.919445 ], [ 20.127222, -24.881947 ], [ 20.003553, -24.772518 ], [ 19.995832, -22.001392 ], [ 20.991945, -21.996948 ], [ 20.999881, -17.96482 ], [ 20.806112, -18.037781 ], [ 20.751944, -17.996113 ], [ 20.547499, -17.98167 ], [ 20.338057, -17.858059 ], [ 20.035833, -17.90028 ], [ 19.920557, -17.857224 ], [ 19.811945, -17.858334 ], [ 19.761946, -17.898891 ], [ 19.661665, -17.83778 ], [ 19.559168, -17.8675 ], [ 19.343332, -17.847504 ], [ 19.242224, -17.805836 ], [ 18.923056, -17.817223 ], [ 18.756388, -17.74778 ], [ 18.63722, -17.644726 ], [ 18.45154, -17.389835 ], [ 14.204168, -17.383102 ], [ 14.176943, -17.42028 ], [ 13.972776, -17.424446 ], [ 13.897223, -17.344723 ], [ 13.524721, -17.126945 ], [ 13.52611, -17.077778 ], [ 13.474443, -17.011948 ], [ 13.373335, -16.969448 ], [ 13.251665, -16.985279 ], [ 13.178888, -16.962223 ] ] ] } },
{ "type": "Feature", "properties": { "id": "00-00-f1-22", "volumeName": "FIR WINNIPEG", "icaoID": "CZWG" }, "geometry": { "type": "Polygon", "coordinates": [ [ [ -80.0, 62.750002 ], [ -80.0, 64.408335 ], [ -82.759768, 63.919476 ], [ -85.860389, 63.283814 ], [ -87.449341, 62.919906 ], [ -90.419451, 62.164366 ], [ -92.295452, 61.632794 ], [ -94.494078, 60.951547 ], [ -96.79965, 60.163961 ], [ -98.167253, 59.658601 ], [ -102.371667, 57.906667 ], [ -104.094033, 57.093328 ], [ -105.577489, 56.342983 ], [ -106.920416, 55.621261 ], [ -108.416667, 54.766667 ], [ -108.694444, 54.766667 ], [ -108.606057, 54.571906 ], [ -108.594977, 54.311001 ], [ -108.652042, 54.139966 ], [ -108.828533, 53.900547 ], [ -109.000962, 53.759231 ], [ -109.328236, 53.584979 ], [ -109.582615, 53.498843 ], [ -110.0, 53.42083 ], [ -109.999657, 49.000605 ], [ -95.154175, 48.999437 ], [ -95.153389, 49.384472 ], [ -95.058304, 49.353249 ], [ -94.95739, 49.370193 ], [ -94.816277, 49.321388 ], [ -94.683441, 48.884109 ], [ -94.690887, 48.778 ], [ -94.587639, 48.717583 ], [ -94.452393, 48.69239 ], [ -94.308807, 48.710278 ], [ -94.224197, 48.649445 ], [ -93.84436, 48.630222 ], [ -93.806358, 48.579498 ], [ -93.818497, 48.531418 ], [ -93.788002, 48.515862 ], [ -93.467392, 48.546444 ], [ -93.465469, 48.59164 ], [ -93.254669, 48.642807 ], [ -92.954781, 48.631554 ], [ -92.728416, 48.539391 ], [ -92.634888, 48.542557 ], [ -92.627029, 48.503277 ], [ -92.698692, 48.494835 ], [ -92.712692, 48.462971 ], [ -92.656219, 48.436474 ], [ -92.507469, 48.447971 ], [ -92.456444, 48.414082 ], [ -92.46978, 48.352085 ], [ -92.369919, 48.220276 ], [ -92.269585, 48.248196 ], [ -92.306168, 48.31625 ], [ -92.262558, 48.354916 ], [ -92.055222, 48.35936 ], [ -92.000114, 48.321083 ], [ -92.006531, 48.265415 ], [ -91.958359, 48.233139 ], [ -91.715363, 48.199501 ], [ -91.711746, 48.114639 ], [ -91.559113, 48.108582 ], [ -91.567497, 48.043777 ], [ -91.266777, 48.078835 ], [ -90.88575, 48.245945 ], [ -90.839302, 48.239555 ], [ -90.836388, 48.177029 ], [ -90.777946, 48.163834 ], [ -90.798225, 48.13689 ], [ -90.747769, 48.092322 ], [ -90.579666, 48.123806 ], [ -90.556694, 48.095917 ], [ -90.374275, 48.090916 ], [ -90.13578, 48.112278 ], [ -90.023331, 48.084835 ], [ -89.993835, 48.028168 ], [ -89.897194, 47.987667 ], [ -89.748917, 48.023613 ], [ -89.580971, 47.996029 ], [ -89.48895, 48.014447 ], [ -89.337418, 47.974083 ], [ -88.684804, 48.241657 ], [ -88.369304, 48.305474 ], [ -86.999468, 47.774591 ], [ -87.0, 49.533335 ], [ -84.778504, 50.984411 ], [ -83.141666, 52.000002 ], [ -81.604029, 52.740586 ], [ -80.0, 53.466669 ], [ -80.0, 62.750002 ] ] ] } },
{ "type": "Feature", "properties": { "id": "00-00-f1-23", "volumeName": "FIR WUHAN", "icaoID": "ZHWH" }, "geometry": { "type": "Polygon", "coordinates": [ [ [ 115.933332, 30.083334 ], [ 115.813333, 32.908333 ], [ 115.908333, 34.516667 ], [ 115.450003, 35.250002 ], [ 115.4, 36.666667 ], [ 113.35763, 35.88082 ], [ 110.250002, 34.533334 ], [ 110.483333, 34.083333 ], [ 110.866667, 33.533335 ], [ 109.516668, 31.9 ], [ 109.4, 29.516668 ], [ 113.1, 29.383333 ], [ 114.566668, 29.033335 ], [ 115.933332, 30.083334 ] ] ] } },
{ "type": "Feature", "properties": { "id": "00-00-f1-24", "volumeName": "FIR YAKUTSK", "icaoID": "UEEE" }, "geometry": { "type": "Polygon", "coordinates": [ [ [ 152.273073, 72.621416 ], [ 148.055303, 72.953409 ], [ 143.582358, 73.20028 ], [ 140.834025, 73.541733 ], [ 137.795711, 73.863767 ], [ 134.645643, 74.141123 ], [ 132.000201, 74.333461 ], [ 114.716536, 76.333466 ], [ 114.732867, 73.833359 ], [ 111.999633, 72.000067 ], [ 108.193305, 70.205915 ], [ 106.499603, 69.249992 ], [ 106.923273, 66.885824 ], [ 106.999744, 65.499907 ], [ 113.833151, 64.41654 ], [ 116.416405, 63.04992 ], [ 117.699666, 61.4167 ], [ 116.433104, 60.666757 ], [ 114.864136, 59.599195 ], [ 119.333619, 58.415241 ], [ 123.500195, 58.999881 ], [ 123.883586, 60.149822 ], [ 126.716582, 59.849855 ], [ 130.64984, 58.749876 ], [ 132.00001, 57.999853 ], [ 135.333477, 59.166529 ], [ 138.166834, 59.749884 ], [ 142.000152, 61.999859 ], [ 145.0002, 61.999892 ], [ 145.5003, 63.566541 ], [ 149.66684, 63.999864 ], [ 151.900415, 64.538485 ], [ 153.958747, 64.987756 ], [ 158.000138, 65.749869 ], [ 158.000361, 66.549861 ], [ 162.000212, 66.549884 ], [ 165.000349, 68.666587 ], [ 168.000424, 70.500002 ], [ 168.000178, 72.500135 ], [ 158.000037, 72.000153 ], [ 155.237651, 72.325829 ], [ 152.273073, 72.621416 ] ] ] } },
{ "type": "Feature", "properties": { "id": "00-00-f1-25", "volumeName": "FIR YANGON", "icaoID": "VYYF" }, "geometry": { "type": "Polygon", "coordinates": [ [ [ 92.000002, 20.000002 ], [ 92.000002, 14.000002 ], [ 94.416666, 13.500002 ], [ 94.416666, 10.000002 ], [ 98.580975, 9.996615 ], [ 98.823885, 10.516668 ], [ 98.773882, 10.616941 ], [ 98.787203, 10.682222 ], [ 98.913042, 10.809721 ], [ 99.006945, 10.831942 ], [ 99.020266, 10.963331 ], [ 99.081667, 10.951387 ], [ 99.106646, 11.01 ], [ 99.23749, 11.109442 ], [ 99.330278, 11.322222 ], [ 99.400545, 11.384165 ], [ 99.404711, 11.451666 ], [ 99.468874, 11.519999 ], [ 99.46776, 11.60972 ], [ 99.569155, 11.63722 ], [ 99.661654, 11.826944 ], [ 99.581377, 11.891943 ], [ 99.594439, 11.996943 ], [ 99.544146, 12.058054 ], [ 99.571383, 12.14139 ], [ 99.473314, 12.13389 ], [ 99.499712, 12.188334 ], [ 99.412493, 12.466387 ], [ 99.438875, 12.571112 ], [ 99.245256, 12.723608 ], [ 99.178591, 12.917498 ], [ 99.191652, 12.974443 ], [ 99.1122, 13.055834 ], [ 99.120821, 13.175833 ], [ 99.21277, 13.216108 ], [ 99.217211, 13.405832 ], [ 99.170534, 13.571112 ], [ 99.180544, 13.7125 ], [ 99.127764, 13.773611 ], [ 99.119432, 13.878611 ], [ 99.032763, 13.937777 ], [ 98.971651, 14.083609 ], [ 98.759722, 14.217497 ], [ 98.731096, 14.277777 ], [ 98.610811, 14.326666 ], [ 98.502214, 14.531389 ], [ 98.477205, 14.528055 ], [ 98.447756, 14.605833 ], [ 98.264162, 14.806944 ], [ 98.213884, 15.003332 ], [ 98.234423, 15.046946 ], [ 98.18442, 15.099165 ], [ 98.217211, 15.1775 ], [ 98.201387, 15.220831 ], [ 98.26639, 15.235556 ], [ 98.310259, 15.303053 ], [ 98.413607, 15.26 ], [ 98.425814, 15.363611 ], [ 98.497484, 15.387777 ], [ 98.55887, 15.33 ], [ 98.579988, 15.353052 ], [ 98.596376, 15.458334 ], [ 98.565264, 15.722776 ], [ 98.617479, 15.969999 ], [ 98.572496, 16.051664 ], [ 98.638048, 16.04722 ], [ 98.692751, 16.128332 ], [ 98.808031, 16.103052 ], [ 98.85277, 16.134165 ], [ 98.863314, 16.21472 ], [ 98.918596, 16.26861 ], [ 98.926378, 16.391108 ], [ 98.867479, 16.434164 ], [ 98.860811, 16.475275 ], [ 98.814425, 16.37583 ], [ 98.715822, 16.276388 ], [ 98.689699, 16.284998 ], [ 98.662493, 16.460276 ], [ 98.589983, 16.553331 ], [ 98.580278, 16.620275 ], [ 98.533602, 16.641665 ], [ 98.47777, 16.734995 ], [ 98.546648, 16.807775 ], [ 98.519716, 16.867777 ], [ 98.54999, 16.854719 ], [ 98.488314, 16.981939 ], [ 98.423601, 17.053331 ], [ 98.335817, 17.055555 ], [ 98.242479, 17.218607 ], [ 98.118868, 17.313887 ], [ 98.115541, 17.376108 ], [ 98.053041, 17.415831 ], [ 98.014711, 17.506388 ], [ 97.778322, 17.703329 ], [ 97.774431, 17.750834 ], [ 97.686647, 17.864443 ], [ 97.75194, 17.972219 ], [ 97.691362, 18.058054 ], [ 97.686647, 18.146666 ], [ 97.618044, 18.231386 ], [ 97.643053, 18.290277 ], [ 97.563601, 18.327776 ], [ 97.535814, 18.26861 ], [ 97.50139, 18.275831 ], [ 97.346376, 18.562498 ], [ 97.359987, 18.583055 ], [ 97.412203, 18.55139 ], [ 97.446932, 18.494997 ], [ 97.526934, 18.489164 ], [ 97.624147, 18.554445 ], [ 97.774706, 18.569998 ], [ 97.747759, 18.865553 ], [ 97.677202, 18.934164 ], [ 97.836382, 19.10111 ], [ 97.841814, 19.207102 ], [ 97.788317, 19.276945 ], [ 97.837206, 19.298887 ], [ 97.792482, 19.401941 ], [ 97.87665, 19.495275 ], [ 97.869081, 19.570177 ], [ 98.03499, 19.643888 ], [ 98.04999, 19.807501 ], [ 98.238588, 19.722219 ], [ 98.253603, 19.673052 ], [ 98.509722, 19.712496 ], [ 98.561647, 19.675276 ], [ 98.649157, 19.741941 ], [ 98.775545, 19.75889 ], [ 98.836931, 19.816389 ], [ 98.913881, 19.746386 ], [ 99.029711, 19.828886 ], [ 99.040819, 20.037222 ], [ 99.076387, 20.097498 ], [ 99.18387, 20.128054 ], [ 99.325548, 20.066111 ], [ 99.538881, 20.149443 ], [ 99.555254, 20.206663 ], [ 99.456102, 20.388609 ], [ 99.673601, 20.310831 ], [ 99.809145, 20.336386 ], [ 99.869982, 20.427221 ], [ 99.959154, 20.455275 ], [ 100.089434, 20.347219 ], [ 100.175264, 20.635275 ], [ 100.253885, 20.74555 ], [ 100.368876, 20.826944 ], [ 100.531939, 20.805277 ], [ 100.647219, 20.870554 ], [ 100.633615, 20.891542 ], [ 100.525545, 20.871111 ], [ 100.519991, 20.949442 ], [ 100.545534, 21.025278 ], [ 100.62137, 21.051664 ], [ 100.671923, 21.128054 ], [ 100.722605, 21.307711 ], [ 100.834719, 21.3025 ], [ 101.005259, 21.400831 ], [ 101.161654, 21.530554 ], [ 101.170824, 21.604719 ], [ 101.105265, 21.771387 ], [ 100.88666, 21.683332 ], [ 100.666658, 21.479441 ], [ 100.484995, 21.45833 ], [ 100.429979, 21.528612 ], [ 100.378862, 21.538889 ], [ 100.212755, 21.432554 ], [ 100.116381, 21.52611 ], [ 100.10721, 21.586386 ], [ 100.171923, 21.653887 ], [ 100.124979, 21.690554 ], [ 100.002214, 21.696108 ], [ 99.973604, 21.733885 ], [ 99.941927, 21.824999 ], [ 99.990541, 21.95833 ], [ 99.96805, 22.050276 ], [ 99.880556, 22.061449 ], [ 99.843874, 22.023333 ], [ 99.749147, 22.075277 ], [ 99.700823, 22.039999 ], [ 99.644442, 22.099165 ], [ 99.521654, 22.1 ], [ 99.465548, 22.135832 ], [ 99.359423, 22.093054 ], [ 99.232485, 22.114443 ], [ 99.162767, 22.159163 ], [ 99.200548, 22.17333 ], [ 99.182207, 22.194998 ], [ 99.27054, 22.347776 ], [ 99.26082, 22.391108 ], [ 99.384432, 22.503889 ], [ 99.384996, 22.603331 ], [ 99.328051, 22.744719 ], [ 99.440538, 22.865 ], [ 99.445528, 22.94972 ], [ 99.514162, 22.912218 ], [ 99.566378, 22.938051 ], [ 99.503878, 23.08972 ], [ 99.356371, 23.134996 ], [ 99.111101, 23.101942 ], [ 99.061373, 23.12361 ], [ 99.05887, 23.167498 ], [ 98.881365, 23.188051 ], [ 98.940264, 23.313612 ], [ 98.878862, 23.329721 ], [ 98.918596, 23.364721 ], [ 98.914705, 23.417219 ], [ 98.879976, 23.483606 ], [ 98.824709, 23.480829 ], [ 98.806093, 23.541666 ], [ 98.88582, 23.613333 ], [ 98.819155, 23.705553 ], [ 98.815538, 23.767221 ], [ 98.688585, 23.80139 ], [ 98.703875, 23.951387 ], [ 98.677202, 23.968054 ], [ 98.893908, 24.097948 ], [ 98.890734, 24.16007 ], [ 98.597033, 24.076487 ], [ 98.544619, 24.1257 ], [ 98.446596, 24.134958 ], [ 98.357317, 24.103197 ], [ 98.220781, 24.125307 ], [ 98.064486, 24.089098 ], [ 97.912493, 24.026663 ], [ 97.85248, 23.95833 ], [ 97.788317, 23.948885 ], [ 97.649981, 23.851706 ], [ 97.623873, 23.898333 ], [ 97.53554, 23.939718 ], [ 97.724703, 24.118055 ], [ 97.749712, 24.169996 ], [ 97.72748, 24.224997 ], [ 97.759996, 24.257498 ], [ 97.741655, 24.290274 ], [ 97.664705, 24.306105 ], [ 97.668871, 24.341665 ], [ 97.71776, 24.358332 ], [ 97.66527, 24.444162 ], [ 97.53055, 24.441385 ], [ 97.562487, 24.571112 ], [ 97.552477, 24.743052 ], [ 97.689425, 24.834444 ], [ 97.798326, 24.846388 ], [ 97.73665, 24.918886 ], [ 97.72304, 25.082499 ], [ 97.789431, 25.137499 ], [ 97.83333, 25.259165 ], [ 97.941088, 25.214163 ], [ 98.069445, 25.314444 ], [ 98.10747, 25.387224 ], [ 98.138597, 25.386942 ], [ 98.124987, 25.505835 ], [ 98.168047, 25.550276 ], [ 98.16527, 25.622774 ], [ 98.326662, 25.551664 ], [ 98.383043, 25.591944 ], [ 98.391665, 25.656664 ], [ 98.530825, 25.845552 ], [ 98.631929, 25.801111 ], [ 98.710817, 25.855555 ], [ 98.709154, 25.905275 ], [ 98.605257, 25.988607 ], [ 98.568056, 26.123053 ], [ 98.648882, 26.151663 ], [ 98.664431, 26.098333 ], [ 98.730547, 26.177221 ], [ 98.701097, 26.251944 ], [ 98.665819, 26.260557 ], [ 98.73749, 26.386942 ], [ 98.778597, 26.642775 ], [ 98.755556, 26.724165 ], [ 98.777773, 26.791666 ], [ 98.739702, 26.864164 ], [ 98.762209, 27.064444 ], [ 98.706942, 27.097776 ], [ 98.691652, 27.201941 ], [ 98.73665, 27.329165 ], [ 98.685534, 27.466108 ], [ 98.702211, 27.587221 ], [ 98.668047, 27.619444 ], [ 98.594713, 27.599722 ], [ 98.551088, 27.666941 ], [ 98.521654, 27.646666 ], [ 98.432482, 27.68944 ], [ 98.408602, 27.557501 ], [ 98.368868, 27.529444 ], [ 98.316378, 27.541945 ], [ 98.226931, 27.73472 ], [ 98.232485, 27.82472 ], [ 98.166933, 27.870554 ], [ 98.203875, 27.916388 ], [ 98.130816, 27.969164 ], [ 98.146654, 28.146944 ], [ 98.074434, 28.208887 ], [ 98.013048, 28.21472 ], [ 98.018877, 28.278334 ], [ 97.908876, 28.376387 ], [ 97.796938, 28.349165 ], [ 97.711382, 28.516943 ], [ 97.631365, 28.484163 ], [ 97.555254, 28.548056 ], [ 97.470827, 28.391108 ], [ 97.468874, 28.29611 ], [ 97.41054, 28.292498 ], [ 97.351931, 28.233332 ], [ 97.316088, 28.089167 ], [ 97.394152, 28.01861 ], [ 97.367754, 27.896666 ], [ 97.317217, 27.878332 ], [ 97.29915, 27.916666 ], [ 97.249422, 27.907499 ], [ 97.083879, 27.748606 ], [ 97.015276, 27.741385 ], [ 96.888887, 27.617498 ], [ 96.90526, 27.451662 ], [ 97.126375, 27.190832 ], [ 97.15999, 27.132498 ], [ 97.13666, 27.085833 ], [ 97.059725, 27.093004 ], [ 96.888323, 27.178053 ], [ 96.861376, 27.210276 ], [ 96.884157, 27.254721 ], [ 96.729158, 27.365553 ], [ 96.660265, 27.339167 ], [ 96.609987, 27.366941 ], [ 96.524157, 27.294165 ], [ 96.194139, 27.270834 ], [ 96.035814, 27.192495 ], [ 95.930819, 27.04611 ], [ 95.803865, 27.001112 ], [ 95.71776, 26.891386 ], [ 95.658037, 26.895277 ], [ 95.610811, 26.821386 ], [ 95.519442, 26.823053 ], [ 95.441088, 26.709162 ], [ 95.271105, 26.64472 ], [ 95.24637, 26.67972 ], [ 95.141375, 26.612497 ], [ 95.147768, 26.565832 ], [ 95.066378, 26.479719 ], [ 95.095263, 26.409998 ], [ 95.065264, 26.325556 ], [ 95.083879, 26.222773 ], [ 95.120821, 26.201662 ], [ 95.113314, 26.109163 ], [ 95.178041, 26.058889 ], [ 95.086657, 25.955553 ], [ 95.022219, 25.92861 ], [ 95.033876, 25.74222 ], [ 94.99193, 25.729162 ], [ 94.885271, 25.572222 ], [ 94.789431, 25.496664 ], [ 94.695253, 25.472498 ], [ 94.625536, 25.397776 ], [ 94.576387, 25.214441 ], [ 94.599428, 25.178331 ], [ 94.728594, 25.136385 ], [ 94.734423, 25.024721 ], [ 94.597765, 24.725275 ], [ 94.538591, 24.708887 ], [ 94.514711, 24.619444 ], [ 94.389162, 24.479998 ], [ 94.144442, 23.847776 ], [ 93.926653, 23.955832 ], [ 93.819155, 23.935274 ], [ 93.753313, 24.007498 ], [ 93.621355, 24.016108 ], [ 93.596376, 23.972219 ], [ 93.481936, 23.964998 ], [ 93.405764, 24.076342 ], [ 93.338732, 24.077917 ], [ 93.328051, 23.981665 ], [ 93.384432, 23.921385 ], [ 93.401384, 23.73583 ], [ 93.433458, 23.678888 ], [ 93.403322, 23.378054 ], [ 93.366091, 23.349443 ], [ 93.38666, 23.140276 ], [ 93.293596, 23.00889 ], [ 93.229158, 23.013334 ], [ 93.201387, 23.058889 ], [ 93.138048, 23.048056 ], [ 93.161379, 22.919443 ], [ 93.098223, 22.790369 ], [ 93.097216, 22.665274 ], [ 93.136385, 22.594442 ], [ 93.118593, 22.533335 ], [ 93.180544, 22.440554 ], [ 93.196642, 22.256388 ], [ 93.142488, 22.23694 ], [ 93.153872, 22.186663 ], [ 93.044146, 22.201941 ], [ 93.052767, 22.118887 ], [ 93.009722, 22.1075 ], [ 92.99637, 21.992773 ], [ 92.943041, 22.028334 ], [ 92.896379, 21.954718 ], [ 92.865541, 22.048887 ], [ 92.711931, 22.159719 ], [ 92.679705, 22.026945 ], [ 92.602069, 21.979594 ], [ 92.674764, 21.294617 ], [ 92.366667, 20.683333 ], [ 92.000002, 20.999998 ], [ 92.000002, 20.000002 ] ] ] } },
{ "type": "Feature", "properties": { "id": "00-00-f1-26", "volumeName": "FIR YEKATERINBURG", "icaoID": "USSS" }, "geometry": { "type": "Polygon", "coordinates": [ [ [ 59.983347, 55.916666 ], [ 61.733347, 55.899999 ], [ 62.325292, 55.75361 ], [ 62.953625, 55.651943 ], [ 63.31668, 54.199998 ], [ 63.376101, 54.169161 ], [ 63.726381, 54.259722 ], [ 63.899103, 54.198137 ], [ 64.019991, 54.237772 ], [ 63.97999, 54.28055 ], [ 63.992769, 54.311106 ], [ 64.411379, 54.341661 ], [ 64.600344, 54.391893 ], [ 64.741214, 54.341582 ], [ 64.957766, 54.409159 ], [ 65.106096, 54.315546 ], [ 65.216387, 54.318888 ], [ 65.240541, 54.348047 ], [ 65.201097, 54.461382 ], [ 65.218599, 54.527773 ], [ 65.355547, 54.569445 ], [ 65.475542, 54.562769 ], [ 65.483324, 54.638048 ], [ 65.757494, 54.601389 ], [ 65.844439, 54.684717 ], [ 65.966936, 54.71361 ], [ 65.991091, 54.617495 ], [ 66.495256, 54.723047 ], [ 66.722765, 54.726938 ], [ 66.80887, 54.766665 ], [ 67.245531, 54.806658 ], [ 67.322771, 54.867495 ], [ 67.581377, 54.854441 ], [ 67.76639, 54.891939 ], [ 67.832216, 54.963327 ], [ 67.929705, 54.983332 ], [ 68.034426, 54.950274 ], [ 68.205263, 54.966105 ], [ 68.259432, 55.048883 ], [ 68.330828, 55.080553 ], [ 68.244432, 55.104715 ], [ 68.199709, 55.178331 ], [ 68.30443, 55.205271 ], [ 68.625811, 55.201937 ], [ 68.638887, 55.255556 ], [ 68.704988, 55.286661 ], [ 68.731371, 55.370546 ], [ 68.879976, 55.342768 ], [ 68.933321, 55.286112 ], [ 69.002489, 55.2875 ], [ 69.001101, 55.353609 ], [ 68.939425, 55.370272 ], [ 68.923311, 55.424166 ], [ 68.952486, 55.444712 ], [ 69.168322, 55.400545 ], [ 69.215525, 55.666746 ], [ 68.333333, 55.816667 ], [ 65.033333, 56.866667 ], [ 63.75, 57.0 ], [ 63.75, 57.383333 ], [ 64.133333, 57.816667 ], [ 63.733333, 59.033333 ], [ 64.133333, 59.500001 ], [ 63.7, 60.75 ], [ 63.666667, 61.283333 ], [ 63.2, 62.083333 ], [ 59.5, 62.0 ], [ 57.216668, 61.166663 ], [ 58.616667, 57.85 ], [ 56.983333, 57.416667 ], [ 56.083334, 56.5 ], [ 57.883347, 55.699999 ], [ 59.483347, 56.083333 ], [ 59.983347, 55.916666 ] ] ] } },
{ "type": "Feature", "properties": { "id": "00-00-f1-27", "volumeName": "FIR ZAGREB", "icaoID": "LDZO" }, "geometry": { "type": "Polygon", "coordinates": [ [ [ 16.402758, 46.539431 ], [ 16.292509, 46.530817 ], [ 16.25186, 46.498926 ], [ 16.300211, 46.380487 ], [ 16.140001, 46.406664 ], [ 16.075926, 46.384333 ], [ 16.083334, 46.334162 ], [ 16.017221, 46.298052 ], [ 15.821665, 46.258333 ], [ 15.781111, 46.212496 ], [ 15.649168, 46.213884 ], [ 15.599722, 46.142496 ], [ 15.629446, 46.086939 ], [ 15.718332, 46.04722 ], [ 15.724443, 45.938608 ], [ 15.679445, 45.86194 ], [ 15.697779, 45.844164 ], [ 15.499445, 45.835833 ], [ 15.482222, 45.802217 ], [ 15.444723, 45.815828 ], [ 15.309168, 45.75194 ], [ 15.283335, 45.694719 ], [ 15.35861, 45.714441 ], [ 15.347223, 45.674997 ], [ 15.391729, 45.646952 ], [ 15.282785, 45.605066 ], [ 15.335196, 45.456758 ], [ 15.162794, 45.426645 ], [ 15.085279, 45.486383 ], [ 14.934439, 45.524965 ], [ 14.907778, 45.476664 ], [ 14.818056, 45.466112 ], [ 14.797777, 45.50139 ], [ 14.686945, 45.536661 ], [ 14.601389, 45.67528 ], [ 14.509722, 45.598055 ], [ 14.485834, 45.529718 ], [ 14.387499, 45.485277 ], [ 14.238333, 45.505556 ], [ 14.131388, 45.474443 ], [ 13.989443, 45.522219 ], [ 13.986666, 45.460001 ], [ 13.863611, 45.478334 ], [ 13.678888, 45.445002 ], [ 13.391668, 45.555002 ], [ 13.000002, 45.296667 ], [ 13.000002, 45.163336 ], [ 13.333334, 44.530001 ], [ 14.500002, 43.496668 ], [ 16.159037, 42.438475 ], [ 16.192533, 42.337179 ], [ 16.273028, 42.316735 ], [ 16.353889, 42.347222 ], [ 18.316668, 41.4167 ], [ 18.6, 42.200003 ], [ 18.503199, 42.449442 ], [ 18.460279, 42.48694 ], [ 18.455557, 42.565828 ], [ 18.362501, 42.626665 ], [ 18.26861, 42.618334 ], [ 18.100279, 42.750834 ], [ 17.998888, 42.761385 ], [ 17.882776, 42.819162 ], [ 17.82139, 42.920275 ], [ 17.698057, 42.927217 ], [ 17.649843, 42.889078 ], [ 17.554998, 42.933054 ], [ 17.615278, 42.915552 ], [ 17.578527, 42.943827 ], [ 17.683611, 42.967218 ], [ 17.659166, 43.039446 ], [ 17.298056, 43.280832 ], [ 17.261667, 43.459719 ], [ 16.976389, 43.586107 ], [ 16.840834, 43.719164 ], [ 16.722776, 43.786112 ], [ 16.701387, 43.850557 ], [ 16.537222, 44.013613 ], [ 16.354723, 44.081667 ], [ 16.265001, 44.18944 ], [ 16.145555, 44.196665 ], [ 16.179724, 44.218332 ], [ 16.183889, 44.305834 ], [ 16.225, 44.335833 ], [ 16.159166, 44.393885 ], [ 16.12639, 44.498606 ], [ 16.042501, 44.553888 ], [ 15.956945, 44.699999 ], [ 15.854723, 44.714441 ], [ 15.736944, 44.812494 ], [ 15.800001, 44.863329 ], [ 15.769167, 44.922777 ], [ 15.781111, 45.161943 ], [ 15.834166, 45.211939 ], [ 16.015276, 45.218332 ], [ 16.209723, 45.034441 ], [ 16.342714, 45.000902 ], [ 16.397692, 45.121584 ], [ 16.453611, 45.139719 ], [ 16.526388, 45.224443 ], [ 16.824446, 45.187494 ], [ 16.930277, 45.276941 ], [ 16.932222, 45.234446 ], [ 17.01111, 45.239168 ], [ 17.00889, 45.216387 ], [ 17.03639, 45.227221 ], [ 17.177221, 45.148607 ], [ 17.240557, 45.148607 ], [ 17.2675, 45.18722 ], [ 17.372499, 45.140833 ], [ 17.449999, 45.159441 ], [ 17.451113, 45.128054 ], [ 17.494722, 45.136942 ], [ 17.483889, 45.111109 ], [ 17.670557, 45.136667 ], [ 17.851946, 45.04944 ], [ 17.933054, 45.080278 ], [ 18.002222, 45.152498 ], [ 18.070276, 45.139719 ], [ 18.070276, 45.104441 ], [ 18.120001, 45.08333 ], [ 18.205557, 45.085001 ], [ 18.216665, 45.129717 ], [ 18.251944, 45.138887 ], [ 18.323057, 45.103334 ], [ 18.429724, 45.106386 ], [ 18.527777, 45.047495 ], [ 18.535555, 45.095835 ], [ 18.574999, 45.068888 ], [ 18.573332, 45.094995 ], [ 18.638613, 45.094995 ], [ 18.61278, 45.062494 ], [ 18.655554, 45.058054 ], [ 18.676111, 45.094446 ], [ 18.669722, 45.061945 ], [ 18.73139, 44.99972 ], [ 18.794168, 44.997217 ], [ 18.800833, 44.949717 ], [ 18.763887, 44.945002 ], [ 18.768057, 44.915834 ], [ 18.841391, 44.863611 ], [ 18.957224, 44.853052 ], [ 19.039721, 44.861383 ], [ 19.004721, 44.900278 ], [ 19.032499, 44.930834 ], [ 19.076113, 44.909441 ], [ 19.145277, 44.951113 ], [ 19.142778, 44.982218 ], [ 19.105276, 44.983889 ], [ 19.081667, 45.126108 ], [ 19.160555, 45.14583 ], [ 19.16361, 45.212221 ], [ 19.411112, 45.174997 ], [ 19.423887, 45.225832 ], [ 19.138613, 45.2875 ], [ 19.085833, 45.347773 ], [ 18.980326, 45.378626 ], [ 19.037542, 45.413591 ], [ 18.994444, 45.451662 ], [ 19.000002, 45.490831 ], [ 19.087839, 45.489504 ], [ 19.099989, 45.515871 ], [ 19.020525, 45.56299 ], [ 18.955271, 45.537188 ], [ 18.902498, 45.570276 ], [ 18.90946, 45.62076 ], [ 18.968359, 45.663019 ], [ 18.909655, 45.713282 ], [ 18.956667, 45.736109 ], [ 18.958612, 45.778612 ], [ 18.859167, 45.843332 ], [ 18.817022, 45.912966 ], [ 18.803057, 45.886667 ], [ 18.663057, 45.916666 ], [ 18.571112, 45.80694 ], [ 18.491388, 45.798883 ], [ 18.424166, 45.749163 ], [ 18.153334, 45.787218 ], [ 18.088335, 45.76639 ], [ 17.901388, 45.791941 ], [ 17.863333, 45.768053 ], [ 17.82889, 45.810831 ], [ 17.660002, 45.838335 ], [ 17.576666, 45.940554 ], [ 17.35111, 45.953333 ], [ 17.388056, 45.967775 ], [ 17.368612, 45.995829 ], [ 17.311388, 45.975275 ], [ 17.304724, 46.012774 ], [ 17.256945, 46.017221 ], [ 17.300833, 46.032778 ], [ 17.19861, 46.081942 ], [ 17.230555, 46.100832 ], [ 17.177778, 46.114168 ], [ 17.157499, 46.177774 ], [ 16.939165, 46.246111 ], [ 16.838057, 46.380274 ], [ 16.76, 46.379717 ], [ 16.661112, 46.465555 ], [ 16.580561, 46.467226 ], [ 16.402758, 46.539431 ] ] ] } },
{ "type": "Feature", "properties": { "id": "00-00-f1-28", "volumeName": "FIR DAKAR", "icaoID": "GOOO" }, "geometry": { "type": "Polygon", "coordinates": [ [ [ -20.000123, 15.000053 ], [ -21.36674, 12.96657 ], [ -16.916687, 8.999857 ], [ -15.006867, 10.962684 ], [ -14.698558, 11.500061 ], [ -14.515105, 11.512 ], [ -14.315513, 11.615886 ], [ -14.276368, 11.678628 ], [ -13.995022, 11.640586 ], [ -13.938309, 11.681968 ], [ -13.877579, 11.668966 ], [ -13.855692, 11.746433 ], [ -13.791716, 11.685314 ], [ -13.709114, 11.715062 ], [ -13.708381, 12.01277 ], [ -13.792862, 12.044484 ], [ -13.890105, 12.143665 ], [ -13.969732, 12.155871 ], [ -13.96299, 12.202297 ], [ -13.854129, 12.249493 ], [ -13.859366, 12.278383 ], [ -13.804212, 12.291976 ], [ -13.811446, 12.254483 ], [ -13.720398, 12.255609 ], [ -13.666714, 12.322656 ], [ -13.642807, 12.45802 ], [ -13.710885, 12.612619 ], [ -13.710118, 12.681988 ], [ -13.061169, 12.639461 ], [ -13.041805, 12.589914 ], [ -13.06958, 12.529869 ], [ -13.037841, 12.47282 ], [ -12.963446, 12.470333 ], [ -12.942838, 12.531762 ], [ -12.900999, 12.546716 ], [ -12.830146, 12.507055 ], [ -12.841176, 12.479765 ], [ -12.763773, 12.460612 ], [ -12.766443, 12.436428 ], [ -12.633124, 12.437261 ], [ -12.578917, 12.359476 ], [ -12.445881, 12.38698 ], [ -12.345863, 12.301142 ], [ -12.170256, 12.353652 ], [ -12.098616, 12.410032 ], [ -11.9689, 12.391142 ], [ -11.907955, 12.428579 ], [ -11.841593, 12.38618 ], [ -11.736408, 12.380309 ], [ -11.638052, 12.426142 ], [ -11.427125, 12.426161 ], [ -11.373889, 12.389414 ], [ -11.439748, 12.378707 ], [ -11.434965, 12.286844 ], [ -11.494615, 12.178438 ], [ -11.464153, 12.133474 ], [ -11.376058, 12.103762 ], [ -11.312462, 12.021126 ], [ -11.25747, 11.992335 ], [ -11.184152, 12.017307 ], [ -11.072681, 12.13521 ], [ -11.044798, 12.220868 ], [ -10.932775, 12.223197 ], [ -10.790308, 12.109247 ], [ -10.792407, 12.029687 ], [ -10.735572, 11.919225 ], [ -10.690205, 11.892855 ], [ -10.564274, 11.99583 ], [ -10.578169, 12.021891 ], [ -10.522845, 12.041154 ], [ -10.516403, 12.112758 ], [ -10.334964, 12.187136 ], [ -10.33926, 12.225319 ], [ -10.293633, 12.190705 ], [ -10.248418, 12.215105 ], [ -10.090981, 12.179593 ], [ -10.067131, 12.138993 ], [ -9.914527, 12.098364 ], [ -9.882942, 12.056984 ], [ -9.699713, 12.023687 ], [ -9.677623, 12.123604 ], [ -9.630338, 12.172695 ], [ -9.541365, 12.192545 ], [ -9.479261, 12.245674 ], [ -9.340316, 12.242806 ], [ -9.297471, 12.358576 ], [ -9.405977, 12.453926 ], [ -9.312624, 12.499281 ], [ -9.15399, 11.95991 ], [ -9.002986, 11.722683 ], [ -8.805525, 11.52145 ], [ -8.570179, 11.36487 ], [ -8.307235, 11.259761 ], [ -8.001994, 11.209035 ], [ -8.000135, 10.166581 ], [ -8.416797, 7.499891 ], [ -7.452011, 6.249837 ], [ -7.333294, -0.00012 ], [ -2.999941, -1.850119 ], [ -2.999892, 4.683332 ], [ -3.107905, 5.147018 ], [ -2.753588, 5.100597 ], [ -2.729059, 5.147526 ], [ -2.783484, 5.280312 ], [ -2.773192, 5.34977 ], [ -2.717201, 5.346425 ], [ -2.716001, 5.386106 ], [ -2.778214, 5.620577 ], [ -2.860232, 5.651453 ], [ -2.960163, 5.627258 ], [ -2.948551, 5.713047 ], [ -3.013516, 5.707555 ], [ -3.0063, 5.85773 ], [ -3.07019, 5.991897 ], [ -3.094651, 6.145261 ], [ -3.168518, 6.255775 ], [ -3.249061, 6.611375 ], [ -3.186004, 6.716354 ], [ -3.228212, 6.76865 ], [ -3.224342, 6.818478 ], [ -3.089963, 7.061705 ], [ -3.023825, 7.072847 ], [ -3.017126, 7.13318 ], [ -2.948537, 7.228435 ], [ -2.973235, 7.262171 ], [ -2.923525, 7.5954 ], [ -2.823762, 7.82345 ], [ -2.784929, 7.853429 ], [ -2.774365, 7.946427 ], [ -2.741083, 7.938661 ], [ -2.683813, 8.012286 ], [ -2.588566, 8.040614 ], [ -2.595142, 8.164375 ], [ -2.487684, 8.19764 ], [ -2.581293, 8.779931 ], [ -2.61991, 8.788547 ], [ -2.595461, 8.824603 ], [ -2.616566, 8.914514 ], [ -2.651903, 9.009464 ], [ -2.77292, 9.055187 ], [ -2.766817, 9.13489 ], [ -2.66046, 9.257389 ], [ -2.715736, 9.311568 ], [ -2.668242, 9.376521 ], [ -2.676023, 9.471334 ], [ -2.769081, 9.567759 ], [ -2.74463, 9.652703 ], [ -2.794052, 9.728917 ], [ -2.738219, 9.826137 ], [ -2.764456, 9.868935 ], [ -5.61651, 10.033476 ], [ -5.249898, 11.499919 ], [ -4.799956, 11.999858 ], [ -4.283223, 12.866611 ], [ -4.066548, 14.516634 ], [ -3.599881, 16.349958 ], [ -3.583352, 24.166848 ], [ -4.840304, 25.032564 ], [ -8.666758, 27.29126 ], [ -8.667087, 26.000422 ], [ -12.000619, 26.000133 ], [ -12.002041, 23.457257 ], [ -12.157794, 23.423659 ], [ -12.367775, 23.325889 ], [ -12.57336, 23.298651 ], [ -13.000308, 23.031983 ], [ -13.107299, 22.900267 ], [ -13.152317, 22.764625 ], [ -13.079043, 22.510427 ], [ -13.000143, 21.33348 ], [ -16.951207, 21.331233 ], [ -17.075687, 20.905584 ], [ -17.066778, 20.783421 ], [ -18.999996, 19.000197 ], [ -20.000101, 20.000093 ], [ -20.000123, 15.000053 ] ] ] } },
{ "type": "Feature", "properties": { "id": "00-00-f1-29", "volumeName": "FIR BAGHDAD", "icaoID": "ORBB" }, "geometry": { "type": "Polygon", "coordinates": [ [ [ 44.784684, 37.144658 ], [ 44.627192, 37.190027 ], [ 44.465843, 37.073786 ], [ 44.358358, 37.05172 ], [ 44.367846, 37.025015 ], [ 44.309241, 36.962903 ], [ 44.251715, 36.982617 ], [ 44.184444, 37.096654 ], [ 44.222225, 37.158201 ], [ 44.278661, 37.168425 ], [ 44.267845, 37.244842 ], [ 44.125838, 37.322807 ], [ 44.020575, 37.328742 ], [ 43.954147, 37.29235 ], [ 43.919335, 37.223986 ], [ 43.852653, 37.223543 ], [ 43.830654, 37.192742 ], [ 43.786674, 37.229228 ], [ 43.495997, 37.243692 ], [ 43.360119, 37.327942 ], [ 43.300193, 37.304207 ], [ 43.150055, 37.372189 ], [ 43.023632, 37.3544 ], [ 42.959126, 37.312183 ], [ 42.789221, 37.380245 ], [ 42.687872, 37.308591 ], [ 42.577324, 37.145523 ], [ 42.361934, 37.115066 ], [ 42.37054, 37.06778 ], [ 41.817148, 36.587775 ], [ 41.399437, 36.523783 ], [ 41.282441, 36.347669 ], [ 41.255735, 36.059573 ], [ 41.369561, 35.84298 ], [ 41.382211, 35.625491 ], [ 41.268041, 35.484725 ], [ 41.220292, 35.258899 ], [ 41.227527, 34.778601 ], [ 40.977757, 34.398021 ], [ 40.640096, 34.315166 ], [ 38.793663, 33.374741 ], [ 39.086221, 32.501599 ], [ 38.98601, 32.477656 ], [ 39.043681, 32.304126 ], [ 39.259991, 32.355596 ], [ 39.301167, 32.230264 ], [ 39.200915, 32.154282 ], [ 40.413382, 31.948041 ], [ 41.440874, 31.373175 ], [ 42.085631, 31.111658 ], [ 44.721914, 29.198493 ], [ 46.426107, 29.061206 ], [ 46.553024, 29.101169 ], [ 46.866418, 29.43717 ], [ 47.139407, 29.986817 ], [ 47.371303, 30.103692 ], [ 47.707682, 30.103692 ], [ 48.011678, 29.989901 ], [ 48.068136, 30.027883 ], [ 48.154814, 30.024576 ], [ 48.414134, 29.852683 ], [ 48.750002, 29.85 ], [ 48.457388, 29.995721 ], [ 48.440688, 30.069327 ], [ 48.381571, 30.121641 ], [ 48.406348, 30.20248 ], [ 48.271121, 30.335237 ], [ 48.199945, 30.320871 ], [ 48.16322, 30.426532 ], [ 48.024452, 30.477416 ], [ 48.032169, 30.996351 ], [ 47.682836, 30.997763 ], [ 47.682974, 31.394604 ], [ 47.86584, 31.783607 ], [ 47.805344, 31.84257 ], [ 47.809864, 31.881379 ], [ 47.731619, 31.939377 ], [ 47.712437, 32.01889 ], [ 47.529185, 32.141759 ], [ 47.570526, 32.214261 ], [ 47.499833, 32.277875 ], [ 47.519511, 32.304523 ], [ 47.435244, 32.351858 ], [ 47.465354, 32.391322 ], [ 47.379571, 32.473212 ], [ 47.285865, 32.496122 ], [ 47.168387, 32.457278 ], [ 46.887226, 32.631944 ], [ 46.720621, 32.785957 ], [ 46.447425, 32.93327 ], [ 46.096508, 32.981673 ], [ 46.099167, 33.019811 ], [ 46.164624, 33.069437 ], [ 46.040353, 33.094535 ], [ 46.053651, 33.128142 ], [ 46.125446, 33.117083 ], [ 46.212332, 33.197078 ], [ 46.180568, 33.206345 ], [ 46.189842, 33.263964 ], [ 46.080977, 33.351763 ], [ 46.007252, 33.507808 ], [ 45.862999, 33.493149 ], [ 45.961019, 33.561328 ], [ 45.907069, 33.638102 ], [ 45.753169, 33.592919 ], [ 45.771676, 33.63693 ], [ 45.6421, 33.733962 ], [ 45.643753, 33.771995 ], [ 45.511572, 33.945577 ], [ 45.431535, 33.945559 ], [ 45.407668, 33.977254 ], [ 45.466854, 34.009828 ], [ 45.473497, 34.075612 ], [ 45.581576, 34.146133 ], [ 45.55487, 34.195122 ], [ 45.583574, 34.302661 ], [ 45.538058, 34.352115 ], [ 45.496165, 34.336871 ], [ 45.439845, 34.453814 ], [ 45.521246, 34.480979 ], [ 45.529073, 34.599869 ], [ 45.594833, 34.54976 ], [ 45.743082, 34.537909 ], [ 45.702637, 34.693765 ], [ 45.653262, 34.723117 ], [ 45.698778, 34.770022 ], [ 45.68989, 34.815704 ], [ 45.792071, 34.853032 ], [ 45.78842, 34.912288 ], [ 45.865039, 34.896337 ], [ 45.897312, 34.959985 ], [ 45.876504, 35.031522 ], [ 45.930799, 35.045354 ], [ 45.921979, 35.095498 ], [ 46.059411, 35.037947 ], [ 46.07191, 35.08313 ], [ 46.191289, 35.110897 ], [ 46.154771, 35.159008 ], [ 46.201238, 35.201228 ], [ 46.1084, 35.241122 ], [ 46.158698, 35.284513 ], [ 46.145469, 35.312969 ], [ 46.067569, 35.368763 ], [ 45.98541, 35.496025 ], [ 46.018001, 35.520691 ], [ 45.973283, 35.584701 ], [ 46.030086, 35.577587 ], [ 45.992989, 35.634397 ], [ 46.00914, 35.678701 ], [ 46.042461, 35.706727 ], [ 46.165065, 35.688967 ], [ 46.277031, 35.728861 ], [ 46.345905, 35.801019 ], [ 46.294601, 35.835866 ], [ 46.167339, 35.800106 ], [ 46.078566, 35.858431 ], [ 45.954335, 35.822809 ], [ 45.896044, 35.83764 ], [ 45.87485, 35.811354 ], [ 45.800367, 35.827029 ], [ 45.763684, 35.799021 ], [ 45.665636, 35.92692 ], [ 45.550777, 36.001506 ], [ 45.349611, 35.977408 ], [ 45.381347, 36.084171 ], [ 45.327052, 36.139861 ], [ 45.330525, 36.214017 ], [ 45.265757, 36.253205 ], [ 45.304549, 36.273755 ], [ 45.260975, 36.301281 ], [ 45.272413, 36.393524 ], [ 45.236515, 36.434107 ], [ 45.113691, 36.405771 ], [ 45.053884, 36.506643 ], [ 45.007857, 36.524248 ], [ 45.038794, 36.564952 ], [ 45.026874, 36.603795 ], [ 45.070324, 36.63046 ], [ 45.065391, 36.689457 ], [ 44.940168, 36.785937 ], [ 44.845015, 36.778703 ], [ 44.838359, 36.815755 ], [ 44.903678, 36.861419 ], [ 44.912401, 36.917006 ], [ 44.882704, 36.954351 ], [ 44.905538, 37.009782 ], [ 44.801772, 37.048212 ], [ 44.747587, 37.120284 ], [ 44.784684, 37.144658 ] ] ] } },
{ "type": "Feature", "properties": { "id": "00-00-f1-2a", "volumeName": "FIR TEHRAN", "icaoID": "OIIX" }, "geometry": { "type": "Polygon", "coordinates": [ [ [ 48.672819, 29.893628 ], [ 49.666666, 29.216665 ], [ 49.450003, 29.000002 ], [ 50.916667, 27.083333 ], [ 51.166666, 26.916666 ], [ 55.333334, 25.633333 ], [ 56.450003, 26.683332 ], [ 56.750002, 26.166666 ], [ 56.750002, 25.583334 ], [ 57.500002, 25.000002 ], [ 61.333334, 24.666666 ], [ 61.333334, 25.097399 ], [ 61.444155, 25.076666 ], [ 61.423052, 25.097498 ], [ 61.499437, 25.118055 ], [ 61.519442, 25.17111 ], [ 61.483049, 25.192774 ], [ 61.510279, 25.20833 ], [ 61.617894, 25.177878 ], [ 61.672308, 25.64784 ], [ 61.736318, 25.741719 ], [ 61.798233, 25.717879 ], [ 61.840084, 25.744837 ], [ 61.851522, 25.816426 ], [ 61.820419, 25.849206 ], [ 61.890727, 25.883192 ], [ 61.831719, 25.911407 ], [ 61.818352, 25.967201 ], [ 61.896349, 26.261446 ], [ 61.961145, 26.260223 ], [ 62.033354, 26.334482 ], [ 62.125407, 26.273986 ], [ 62.215021, 26.267923 ], [ 62.22825, 26.329538 ], [ 62.271961, 26.328005 ], [ 62.257767, 26.446224 ], [ 62.306936, 26.462778 ], [ 62.303312, 26.508287 ], [ 62.421203, 26.533505 ], [ 62.445181, 26.566888 ], [ 62.60411, 26.576276 ], [ 62.794692, 26.651 ], [ 63.048872, 26.627539 ], [ 63.1969, 26.647125 ], [ 63.185986, 26.836725 ], [ 63.246345, 26.849903 ], [ 63.251057, 27.091731 ], [ 63.333326, 27.118362 ], [ 63.281788, 27.213739 ], [ 63.198733, 27.259439 ], [ 62.936975, 27.20144 ], [ 62.775565, 27.252893 ], [ 62.824761, 27.299006 ], [ 62.791344, 27.338779 ], [ 62.848436, 27.462975 ], [ 62.828895, 27.764507 ], [ 62.76162, 28.025662 ], [ 62.793342, 28.279015 ], [ 62.597178, 28.248422 ], [ 62.488768, 28.37341 ], [ 62.38948, 28.432252 ], [ 62.043896, 28.510129 ], [ 61.836294, 28.625471 ], [ 61.641206, 28.807234 ], [ 61.533374, 29.010219 ], [ 61.478873, 29.023638 ], [ 61.50726, 29.061689 ], [ 61.474353, 29.123408 ], [ 61.420885, 29.135534 ], [ 61.430228, 29.199096 ], [ 61.35292, 29.275991 ], [ 61.360113, 29.378465 ], [ 61.16457, 29.533718 ], [ 60.872977, 29.85847 ], [ 61.803566, 30.833639 ], [ 61.784756, 30.941057 ], [ 61.834338, 30.973458 ], [ 61.838678, 31.035659 ], [ 61.771527, 31.206622 ], [ 61.778527, 31.302982 ], [ 61.706662, 31.376242 ], [ 60.856068, 31.486519 ], [ 60.813377, 31.708297 ], [ 60.816105, 32.026383 ], [ 60.883078, 32.197776 ], [ 60.815008, 32.481076 ], [ 60.709533, 32.696118 ], [ 60.583154, 33.129823 ], [ 60.63412, 33.228022 ], [ 60.866669, 33.421691 ], [ 60.851136, 33.482205 ], [ 60.946288, 33.513683 ], [ 60.902683, 33.539962 ], [ 60.703418, 33.54552 ], [ 60.581277, 33.597023 ], [ 60.546894, 33.73141 ], [ 60.582213, 33.805444 ], [ 60.522654, 34.106511 ], [ 60.562629, 34.189086 ], [ 60.686501, 34.310705 ], [ 60.918383, 34.304762 ], [ 60.849619, 34.368445 ], [ 60.809284, 34.47166 ], [ 60.7391, 34.518083 ], [ 60.848655, 34.542078 ], [ 60.922214, 34.62302 ], [ 61.00079, 34.642984 ], [ 61.003822, 34.711318 ], [ 61.075066, 34.844264 ], [ 61.055953, 34.904863 ], [ 61.121644, 35.003514 ], [ 61.099706, 35.024202 ], [ 61.117413, 35.073966 ], [ 61.14576, 35.080615 ], [ 61.132572, 35.135874 ], [ 61.087124, 35.164813 ], [ 61.117854, 35.209651 ], [ 61.091782, 35.263739 ], [ 61.190312, 35.292867 ], [ 61.187445, 35.399596 ], [ 61.282116, 35.535436 ], [ 61.274055, 35.611401 ], [ 61.215667, 35.682163 ], [ 61.268653, 35.799675 ], [ 61.244813, 35.888455 ], [ 61.192062, 35.942388 ], [ 61.117275, 35.961491 ], [ 61.16909, 35.991102 ], [ 61.163674, 36.035768 ], [ 61.230647, 36.117589 ], [ 61.196719, 36.262662 ], [ 61.149108, 36.317508 ], [ 61.184662, 36.562781 ], [ 61.146173, 36.643259 ], [ 60.345988, 36.629048 ], [ 60.042984, 37.021754 ], [ 59.899875, 37.051434 ], [ 59.768962, 37.126244 ], [ 59.551921, 37.135942 ], [ 59.552362, 37.176663 ], [ 59.475715, 37.214111 ], [ 59.483597, 37.248235 ], [ 59.396643, 37.317292 ], [ 59.377805, 37.40776 ], [ 59.411292, 37.435717 ], [ 59.353621, 37.528493 ], [ 59.22884, 37.512405 ], [ 59.052933, 37.620029 ], [ 58.818942, 37.697992 ], [ 58.794689, 37.643439 ], [ 58.755442, 37.659924 ], [ 58.740973, 37.631364 ], [ 58.556357, 37.705278 ], [ 58.485939, 37.637599 ], [ 58.385342, 37.627557 ], [ 58.365499, 37.656926 ], [ 58.228687, 37.680732 ], [ 58.207603, 37.770787 ], [ 58.154452, 37.793249 ], [ 58.02719, 37.805737 ], [ 57.891798, 37.871521 ], [ 57.826369, 37.864045 ], [ 57.71789, 37.922836 ], [ 57.440628, 37.943541 ], [ 57.35016, 37.98595 ], [ 57.378024, 38.084859 ], [ 57.217965, 38.279489 ], [ 57.157056, 38.270343 ], [ 57.062936, 38.180632 ], [ 56.84001, 38.228881 ], [ 56.753153, 38.286121 ], [ 56.604848, 38.233308 ], [ 56.570011, 38.263728 ], [ 56.453291, 38.264503 ], [ 56.318698, 38.179117 ], [ 56.352254, 38.122066 ], [ 56.334987, 38.077504 ], [ 55.986109, 38.076522 ], [ 55.763349, 38.127836 ], [ 55.466961, 38.095056 ], [ 55.200999, 37.947313 ], [ 55.127894, 37.948674 ], [ 54.999985, 37.827355 ], [ 54.851846, 37.75742 ], [ 54.784005, 37.635084 ], [ 54.821942, 37.601701 ], [ 54.799094, 37.522533 ], [ 54.673417, 37.437181 ], [ 54.586504, 37.459901 ], [ 54.397465, 37.360786 ], [ 54.285265, 37.35176 ], [ 54.244572, 37.32003 ], [ 53.899618, 37.348446 ], [ 48.841694, 38.451999 ], [ 48.628217, 38.401476 ], [ 48.46217, 38.564271 ], [ 48.458932, 38.608471 ], [ 48.313442, 38.605238 ], [ 48.252622, 38.66224 ], [ 48.249922, 38.726125 ], [ 48.107318, 38.769801 ], [ 48.020731, 38.838058 ], [ 48.016611, 38.910483 ], [ 48.269645, 38.967153 ], [ 48.329832, 39.012676 ], [ 48.307584, 39.108186 ], [ 48.14929, 39.198684 ], [ 48.129261, 39.27124 ], [ 48.36841, 39.378682 ], [ 47.985701, 39.708791 ], [ 47.917282, 39.659078 ], [ 47.79126, 39.649432 ], [ 47.531431, 39.499846 ], [ 47.390417, 39.468771 ], [ 47.313729, 39.370827 ], [ 47.095585, 39.276207 ], [ 47.019214, 39.167635 ], [ 46.836032, 39.136061 ], [ 46.754245, 39.02661 ], [ 46.694273, 39.018669 ], [ 46.533621, 38.867498 ], [ 46.340806, 38.916867 ], [ 46.173857, 38.840248 ], [ 46.06513, 38.887377 ], [ 45.90824, 38.874147 ], [ 45.447906, 38.99507 ], [ 45.45572, 39.051914 ], [ 45.402734, 39.073326 ], [ 45.308931, 39.193646 ], [ 45.147522, 39.205634 ], [ 45.141155, 39.282563 ], [ 45.086654, 39.351655 ], [ 44.946369, 39.453423 ], [ 44.898138, 39.604887 ], [ 44.819066, 39.613741 ], [ 44.715066, 39.714268 ], [ 44.647845, 39.72736 ], [ 44.613463, 39.781672 ], [ 44.467432, 39.68452 ], [ 44.480138, 39.610433 ], [ 44.416197, 39.556449 ], [ 44.440354, 39.505065 ], [ 44.408452, 39.471148 ], [ 44.421957, 39.4116 ], [ 44.295205, 39.375254 ], [ 44.233124, 39.415544 ], [ 44.130157, 39.389637 ], [ 44.071108, 39.41234 ], [ 44.031903, 39.371723 ], [ 44.108067, 39.284286 ], [ 44.09725, 39.204498 ], [ 44.213556, 39.130307 ], [ 44.226027, 39.095391 ], [ 44.190929, 39.076616 ], [ 44.211489, 39.020495 ], [ 44.171802, 38.991797 ], [ 44.189716, 38.934023 ], [ 44.314746, 38.806934 ], [ 44.254277, 38.719032 ], [ 44.272123, 38.646254 ], [ 44.321636, 38.624102 ], [ 44.300001, 38.394177 ], [ 44.381787, 38.358606 ], [ 44.44938, 38.385495 ], [ 44.512522, 38.34126 ], [ 44.402251, 38.251998 ], [ 44.392701, 38.14644 ], [ 44.351195, 38.135002 ], [ 44.364493, 38.10391 ], [ 44.311232, 38.07256 ], [ 44.222762, 37.88823 ], [ 44.388195, 37.862512 ], [ 44.393459, 37.824048 ], [ 44.448374, 37.806581 ], [ 44.444929, 37.770924 ], [ 44.554552, 37.780622 ], [ 44.620629, 37.727017 ], [ 44.568167, 37.644765 ], [ 44.6144, 37.602184 ], [ 44.579811, 37.447602 ], [ 44.798506, 37.31066 ], [ 44.813526, 37.276312 ], [ 44.757578, 37.228339 ], [ 44.784684, 37.144658 ], [ 44.749654, 37.112877 ], [ 44.807256, 37.044147 ], [ 44.905538, 37.009782 ], [ 44.882704, 36.954351 ], [ 44.912401, 36.917006 ], [ 44.903678, 36.861419 ], [ 44.836815, 36.797134 ], [ 44.858657, 36.773121 ], [ 44.940168, 36.785937 ], [ 45.057095, 36.702531 ], [ 45.070324, 36.63046 ], [ 45.00156, 36.538373 ], [ 45.053884, 36.506643 ], [ 45.081582, 36.425494 ], [ 45.149837, 36.404427 ], [ 45.236515, 36.434107 ], [ 45.272413, 36.393524 ], [ 45.260975, 36.301281 ], [ 45.304549, 36.273755 ], [ 45.265757, 36.253205 ], [ 45.330525, 36.214017 ], [ 45.327052, 36.139861 ], [ 45.381347, 36.084171 ], [ 45.349611, 35.977408 ], [ 45.550777, 36.001506 ], [ 45.665636, 35.92692 ], [ 45.763684, 35.799021 ], [ 45.800367, 35.827029 ], [ 45.87485, 35.811354 ], [ 45.896044, 35.83764 ], [ 45.954335, 35.822809 ], [ 46.078566, 35.858431 ], [ 46.167339, 35.800106 ], [ 46.294601, 35.835866 ], [ 46.345905, 35.801019 ], [ 46.277031, 35.728861 ], [ 46.165065, 35.688967 ], [ 46.042461, 35.706727 ], [ 46.00914, 35.678701 ], [ 45.992989, 35.634397 ], [ 46.030086, 35.577587 ], [ 45.973283, 35.584701 ], [ 46.018001, 35.520691 ], [ 45.98541, 35.496025 ], [ 46.067569, 35.368763 ], [ 46.145469, 35.312969 ], [ 46.158698, 35.284513 ], [ 46.1084, 35.241122 ], [ 46.201238, 35.201228 ], [ 46.154771, 35.159008 ], [ 46.191289, 35.110897 ], [ 46.07191, 35.08313 ], [ 46.059411, 35.037947 ], [ 45.921979, 35.095498 ], [ 45.930799, 35.045354 ], [ 45.876504, 35.031522 ], [ 45.897312, 34.959985 ], [ 45.865039, 34.896337 ], [ 45.78842, 34.912288 ], [ 45.792071, 34.853032 ], [ 45.68989, 34.815704 ], [ 45.698778, 34.770022 ], [ 45.653262, 34.723117 ], [ 45.702637, 34.693765 ], [ 45.743082, 34.537909 ], [ 45.594833, 34.54976 ], [ 45.529073, 34.599869 ], [ 45.521246, 34.480979 ], [ 45.439845, 34.453814 ], [ 45.496165, 34.336871 ], [ 45.538058, 34.352115 ], [ 45.583574, 34.302661 ], [ 45.55487, 34.195122 ], [ 45.581576, 34.146133 ], [ 45.473497, 34.075612 ], [ 45.466854, 34.009828 ], [ 45.407668, 33.977254 ], [ 45.431535, 33.945559 ], [ 45.511572, 33.945577 ], [ 45.643753, 33.771995 ], [ 45.6421, 33.733962 ], [ 45.771676, 33.63693 ], [ 45.753169, 33.592919 ], [ 45.907069, 33.638102 ], [ 45.961019, 33.561328 ], [ 45.862999, 33.493149 ], [ 46.007252, 33.507808 ], [ 46.080977, 33.351763 ], [ 46.189842, 33.263964 ], [ 46.180568, 33.206345 ], [ 46.212332, 33.197078 ], [ 46.125446, 33.117083 ], [ 46.053651, 33.128142 ], [ 46.040353, 33.094535 ], [ 46.164624, 33.069437 ], [ 46.099167, 33.019811 ], [ 46.096508, 32.981673 ], [ 46.447425, 32.93327 ], [ 46.720621, 32.785957 ], [ 46.887226, 32.631944 ], [ 47.168387, 32.457278 ], [ 47.285865, 32.496122 ], [ 47.379571, 32.473212 ], [ 47.465354, 32.391322 ], [ 47.435244, 32.351858 ], [ 47.519511, 32.304523 ], [ 47.499833, 32.277875 ], [ 47.570526, 32.214261 ], [ 47.529185, 32.141759 ], [ 47.712437, 32.01889 ], [ 47.731619, 31.939377 ], [ 47.809864, 31.881379 ], [ 47.805344, 31.84257 ], [ 47.86584, 31.783607 ], [ 47.682974, 31.394604 ], [ 47.682836, 30.997763 ], [ 48.032169, 30.996351 ], [ 48.024452, 30.477416 ], [ 48.16322, 30.426532 ], [ 48.199945, 30.320871 ], [ 48.271121, 30.335237 ], [ 48.406348, 30.20248 ], [ 48.381571, 30.121641 ], [ 48.440688, 30.069327 ], [ 48.457388, 29.995721 ], [ 48.672819, 29.893628 ] ] ] } },
{ "type": "Feature", "properties": { "id": "00-00-f1-2b", "volumeName": "FIR KABUL", "icaoID": "OAKX" }, "geometry": { "type": "Polygon", "coordinates": [ [ [ 60.872977, 29.85847 ], [ 62.469159, 29.388697 ], [ 63.57666, 29.487089 ], [ 64.114715, 29.377259 ], [ 64.159639, 29.39054 ], [ 64.142138, 29.43667 ], [ 64.179414, 29.483558 ], [ 64.542872, 29.587324 ], [ 65.064528, 29.529584 ], [ 66.251598, 29.849203 ], [ 66.373416, 29.971125 ], [ 66.228929, 30.068707 ], [ 66.313541, 30.214194 ], [ 66.366912, 30.420796 ], [ 66.338965, 30.445411 ], [ 66.35626, 30.483635 ], [ 66.308414, 30.499947 ], [ 66.278056, 30.568918 ], [ 66.391923, 30.940609 ], [ 66.5784, 30.976679 ], [ 66.69206, 31.076518 ], [ 66.73099, 31.20912 ], [ 66.796474, 31.209912 ], [ 66.834067, 31.264793 ], [ 66.955913, 31.307977 ], [ 67.03832, 31.31187 ], [ 67.058784, 31.286359 ], [ 67.023919, 31.237198 ], [ 67.070056, 31.213857 ], [ 67.155177, 31.24836 ], [ 67.278098, 31.198285 ], [ 67.773985, 31.322636 ], [ 67.785699, 31.399875 ], [ 67.636182, 31.397119 ], [ 67.567528, 31.522899 ], [ 67.716315, 31.513925 ], [ 67.857495, 31.623789 ], [ 67.984619, 31.644735 ], [ 68.070374, 31.696015 ], [ 68.17104, 31.835318 ], [ 68.265532, 31.803261 ], [ 68.27945, 31.756959 ], [ 68.428071, 31.75596 ], [ 68.544006, 31.713155 ], [ 68.591135, 31.753101 ], [ 68.433032, 31.763126 ], [ 68.575521, 31.834233 ], [ 68.642907, 31.777802 ], [ 68.708543, 31.770895 ], [ 68.789806, 31.622376 ], [ 68.907119, 31.596659 ], [ 68.959898, 31.64899 ], [ 69.020421, 31.629525 ], [ 69.117297, 31.7017 ], [ 69.199883, 31.855454 ], [ 69.329791, 31.927457 ], [ 69.270259, 32.156711 ], [ 69.282014, 32.344537 ], [ 69.237807, 32.457674 ], [ 69.278224, 32.529229 ], [ 69.383465, 32.559994 ], [ 69.453745, 32.658299 ], [ 69.441935, 32.729303 ], [ 69.387641, 32.770093 ], [ 69.469427, 32.854911 ], [ 69.546666, 32.875048 ], [ 69.496326, 32.885917 ], [ 69.496299, 33.020689 ], [ 69.582495, 33.102906 ], [ 69.710611, 33.089643 ], [ 69.795085, 33.132379 ], [ 69.876706, 33.093915 ], [ 70.020711, 33.138442 ], [ 70.071451, 33.219316 ], [ 70.164372, 33.218541 ], [ 70.326939, 33.330937 ], [ 70.29676, 33.430242 ], [ 70.172805, 33.518764 ], [ 70.199884, 33.642425 ], [ 70.143453, 33.658187 ], [ 70.142626, 33.724987 ], [ 70.004106, 33.731619 ], [ 69.910082, 33.897087 ], [ 69.858613, 33.924734 ], [ 69.904708, 34.039697 ], [ 69.998828, 34.047706 ], [ 70.200849, 33.980923 ], [ 70.49896, 33.940082 ], [ 70.872298, 33.971346 ], [ 71.082517, 34.063416 ], [ 71.070845, 34.109288 ], [ 71.130197, 34.164599 ], [ 71.124065, 34.258822 ], [ 71.176086, 34.363329 ], [ 71.11559, 34.377178 ], [ 71.10746, 34.433643 ], [ 71.023992, 34.45092 ], [ 71.011204, 34.534137 ], [ 71.117285, 34.628532 ], [ 71.088856, 34.673405 ], [ 71.107115, 34.702016 ], [ 71.225944, 34.752694 ], [ 71.349788, 34.914113 ], [ 71.511845, 34.974885 ], [ 71.505644, 35.006511 ], [ 71.558602, 35.033365 ], [ 71.532213, 35.091191 ], [ 71.624955, 35.138992 ], [ 71.681344, 35.209393 ], [ 71.543058, 35.310248 ], [ 71.657297, 35.442505 ], [ 71.594045, 35.499935 ], [ 71.620407, 35.571231 ], [ 71.499484, 35.629729 ], [ 71.551257, 35.726639 ], [ 71.493765, 35.749635 ], [ 71.503439, 35.801019 ], [ 71.380215, 35.904889 ], [ 71.387133, 35.952948 ], [ 71.318479, 35.959924 ], [ 71.19841, 36.053389 ], [ 71.251162, 36.130043 ], [ 71.436122, 36.232707 ], [ 71.522732, 36.333355 ], [ 71.576544, 36.327481 ], [ 71.558009, 36.372698 ], [ 71.615928, 36.403256 ], [ 71.637316, 36.477016 ], [ 71.806649, 36.39926 ], [ 71.829896, 36.433125 ], [ 71.80957, 36.507763 ], [ 71.916575, 36.508745 ], [ 71.935771, 36.546279 ], [ 72.082629, 36.588947 ], [ 72.096519, 36.6471 ], [ 72.207617, 36.66026 ], [ 72.184741, 36.711403 ], [ 72.246546, 36.752434 ], [ 72.501456, 36.779288 ], [ 72.652558, 36.851928 ], [ 72.891261, 36.839233 ], [ 72.954141, 36.875906 ], [ 73.0394, 36.859128 ], [ 73.147687, 36.894751 ], [ 73.30357, 36.868585 ], [ 73.479753, 36.897421 ], [ 73.541971, 36.872581 ], [ 73.691598, 36.9158 ], [ 73.815071, 36.890823 ], [ 73.843624, 36.92598 ], [ 73.987353, 36.831447 ], [ 74.120788, 36.838217 ], [ 74.175938, 36.916524 ], [ 74.294559, 36.912338 ], [ 74.415578, 36.975021 ], [ 74.426575, 37.011143 ], [ 74.538954, 36.960276 ], [ 74.518931, 37.017362 ], [ 74.564751, 37.033054 ], [ 74.526552, 37.080252 ], [ 74.494926, 37.065266 ], [ 74.455955, 37.142884 ], [ 74.500879, 37.23926 ], [ 74.630456, 37.264564 ], [ 74.65832, 37.23442 ], [ 74.741071, 37.286131 ], [ 74.817621, 37.214559 ], [ 74.888452, 37.223395 ], [ 74.889114, 37.255142 ], [ 74.803813, 37.355412 ], [ 74.689601, 37.405968 ], [ 74.566239, 37.372465 ], [ 74.466083, 37.426725 ], [ 74.4181, 37.389225 ], [ 74.362593, 37.424296 ], [ 74.315988, 37.399113 ], [ 74.238886, 37.41384 ], [ 74.251799, 37.374515 ], [ 74.196953, 37.335843 ], [ 74.065901, 37.3263 ], [ 73.758047, 37.221983 ], [ 73.617253, 37.270524 ], [ 73.659146, 37.315517 ], [ 73.774308, 37.339581 ], [ 73.775452, 37.439506 ], [ 73.648907, 37.435562 ], [ 73.514176, 37.474991 ], [ 73.373161, 37.441952 ], [ 73.305913, 37.463811 ], [ 73.215996, 37.406399 ], [ 73.14861, 37.403367 ], [ 73.094384, 37.324681 ], [ 72.815648, 37.232077 ], [ 72.678327, 37.022581 ], [ 72.343119, 36.989198 ], [ 71.842574, 36.680896 ], [ 71.675529, 36.67206 ], [ 71.567173, 36.762631 ], [ 71.429094, 37.072035 ], [ 71.507022, 37.313709 ], [ 71.476705, 37.401782 ], [ 71.526383, 37.478815 ], [ 71.493834, 37.541016 ], [ 71.550913, 37.714132 ], [ 71.531455, 37.765051 ], [ 71.594913, 37.803618 ], [ 71.589635, 37.923094 ], [ 71.502337, 37.952309 ], [ 71.333155, 37.885319 ], [ 71.298084, 37.932052 ], [ 71.257459, 37.922939 ], [ 71.283477, 38.041743 ], [ 71.376315, 38.161323 ], [ 71.373559, 38.255925 ], [ 71.328153, 38.303967 ], [ 71.18401, 38.345945 ], [ 71.103298, 38.422874 ], [ 71.055783, 38.398638 ], [ 70.987984, 38.490691 ], [ 70.924732, 38.429971 ], [ 70.871168, 38.468419 ], [ 70.848499, 38.438308 ], [ 70.770943, 38.456292 ], [ 70.6759, 38.407268 ], [ 70.693566, 38.372111 ], [ 70.610539, 38.346996 ], [ 70.60482, 38.282883 ], [ 70.54522, 38.24435 ], [ 70.504747, 38.12167 ], [ 70.365248, 38.055386 ], [ 70.285047, 37.969362 ], [ 70.261689, 37.979112 ], [ 70.270508, 37.939407 ], [ 70.212534, 37.921113 ], [ 70.182217, 37.944833 ], [ 70.186861, 37.847216 ], [ 70.279094, 37.816469 ], [ 70.303485, 37.693324 ], [ 70.265065, 37.609315 ], [ 70.215221, 37.60587 ], [ 70.172778, 37.531284 ], [ 69.96169, 37.562772 ], [ 69.913459, 37.620339 ], [ 69.808728, 37.567939 ], [ 69.528821, 37.589023 ], [ 69.492675, 37.522257 ], [ 69.378063, 37.43129 ], [ 69.379469, 37.324406 ], [ 69.40703, 37.311021 ], [ 69.412583, 37.241327 ], [ 69.453993, 37.234196 ], [ 69.401655, 37.16631 ], [ 69.257347, 37.093653 ], [ 69.116787, 37.174441 ], [ 68.97281, 37.319858 ], [ 68.905079, 37.334741 ], [ 68.912838, 37.268009 ], [ 68.835047, 37.318067 ], [ 68.808892, 37.294778 ], [ 68.819889, 37.243756 ], [ 68.781883, 37.288249 ], [ 68.681837, 37.280601 ], [ 68.690078, 37.244979 ], [ 68.656729, 37.248114 ], [ 68.645388, 37.208134 ], [ 68.420768, 37.143779 ], [ 68.398168, 37.101336 ], [ 68.295711, 37.105366 ], [ 68.272697, 37.012607 ], [ 68.192399, 37.023235 ], [ 68.020558, 36.922897 ], [ 67.898601, 37.029419 ], [ 67.897568, 37.067608 ], [ 67.797867, 37.080837 ], [ 67.791969, 37.167482 ], [ 67.713462, 37.224153 ], [ 67.570973, 37.224257 ], [ 67.500142, 37.281755 ], [ 67.448975, 37.234626 ], [ 67.264456, 37.182743 ], [ 67.208645, 37.248975 ], [ 67.125246, 37.273246 ], [ 67.059197, 37.372516 ], [ 66.949988, 37.398251 ], [ 66.851224, 37.353482 ], [ 66.692639, 37.357013 ], [ 66.655363, 37.323028 ], [ 66.583746, 37.369881 ], [ 66.504302, 37.331916 ], [ 66.416618, 37.34735 ], [ 66.317303, 37.321253 ], [ 66.16864, 37.368847 ], [ 66.069766, 37.449532 ], [ 65.839606, 37.487927 ], [ 65.760603, 37.550766 ], [ 65.699831, 37.533041 ], [ 65.646336, 37.441883 ], [ 65.64296, 37.342923 ], [ 65.531201, 37.238037 ], [ 65.132603, 37.246064 ], [ 64.990279, 37.218503 ], [ 64.755737, 37.112877 ], [ 64.798181, 36.92269 ], [ 64.61814, 36.635972 ], [ 64.63633, 36.442272 ], [ 64.579969, 36.351648 ], [ 64.445238, 36.242732 ], [ 64.316074, 36.208556 ], [ 64.283828, 36.151523 ], [ 64.169906, 36.16284 ], [ 64.092143, 36.128716 ], [ 64.057968, 36.102689 ], [ 64.068551, 35.997286 ], [ 63.989245, 36.036302 ], [ 63.570693, 35.951432 ], [ 63.535388, 35.903269 ], [ 63.305834, 35.857949 ], [ 63.120695, 35.863186 ], [ 63.09968, 35.81728 ], [ 63.248618, 35.681233 ], [ 63.094898, 35.618429 ], [ 63.130245, 35.543222 ], [ 63.099101, 35.417993 ], [ 63.01511, 35.418562 ], [ 62.786383, 35.30148 ], [ 62.743733, 35.251785 ], [ 62.627881, 35.207928 ], [ 62.477565, 35.278915 ], [ 62.305351, 35.12876 ], [ 62.266174, 35.295158 ], [ 62.153726, 35.340909 ], [ 62.064291, 35.434426 ], [ 61.968242, 35.454012 ], [ 61.779561, 35.411172 ], [ 61.587765, 35.436941 ], [ 61.401041, 35.553144 ], [ 61.372006, 35.623786 ], [ 61.286871, 35.614484 ], [ 61.277569, 35.519951 ], [ 61.187445, 35.399596 ], [ 61.190312, 35.292867 ], [ 61.091782, 35.263739 ], [ 61.117854, 35.209651 ], [ 61.087124, 35.164813 ], [ 61.132572, 35.135874 ], [ 61.14576, 35.080615 ], [ 61.117413, 35.073966 ], [ 61.099706, 35.024202 ], [ 61.121644, 35.003514 ], [ 61.055953, 34.904863 ], [ 61.075066, 34.844264 ], [ 61.003822, 34.711318 ], [ 61.00079, 34.642984 ], [ 60.922214, 34.62302 ], [ 60.848655, 34.542078 ], [ 60.7391, 34.518083 ], [ 60.809284, 34.47166 ], [ 60.849619, 34.368445 ], [ 60.918383, 34.304762 ], [ 60.686501, 34.310705 ], [ 60.562629, 34.189086 ], [ 60.522654, 34.106511 ], [ 60.582213, 33.805444 ], [ 60.546894, 33.73141 ], [ 60.581277, 33.597023 ], [ 60.703418, 33.54552 ], [ 60.902683, 33.539962 ], [ 60.946288, 33.513683 ], [ 60.851136, 33.482205 ], [ 60.866669, 33.421691 ], [ 60.63412, 33.228022 ], [ 60.583154, 33.129823 ], [ 60.709533, 32.696118 ], [ 60.815008, 32.481076 ], [ 60.883078, 32.197776 ], [ 60.816105, 32.026383 ], [ 60.813377, 31.708297 ], [ 60.856068, 31.486519 ], [ 61.706662, 31.376242 ], [ 61.778527, 31.302982 ], [ 61.771527, 31.206622 ], [ 61.830479, 31.089868 ], [ 61.834916, 30.978126 ], [ 61.784756, 30.941057 ], [ 61.803566, 30.833639 ], [ 60.872977, 29.85847 ] ] ] } },
{ "type": "Feature", "properties": { "id": "00-00-f1-2c", "volumeName": "FIR KARACHI", "icaoID": "OPKR" }, "geometry": { "type": "Polygon", "coordinates": [ [ [ 61.611032, 25.197649 ], [ 61.549723, 25.250002 ], [ 61.553881, 25.197496 ], [ 61.486109, 25.197218 ], [ 61.516665, 25.154718 ], [ 61.495272, 25.115274 ], [ 61.423052, 25.097498 ], [ 61.444155, 25.076666 ], [ 61.333334, 25.097399 ], [ 61.333334, 23.500002 ], [ 68.169692, 23.497069 ], [ 68.114861, 23.539242 ], [ 68.111424, 23.601521 ], [ 68.185686, 23.688459 ], [ 68.214434, 23.86833 ], [ 68.281939, 23.897776 ], [ 68.290545, 23.944441 ], [ 68.330553, 23.914721 ], [ 68.359963, 23.972963 ], [ 68.75302, 23.97145 ], [ 68.766083, 24.296365 ], [ 68.80801, 24.31349 ], [ 68.864469, 24.212493 ], [ 68.943499, 24.302479 ], [ 69.00342, 24.22306 ], [ 69.09482, 24.27444 ], [ 69.19416, 24.23639 ], [ 69.31276, 24.28143 ], [ 69.49398, 24.26782 ], [ 69.59429, 24.29238 ], [ 69.73152, 24.17104 ], [ 70.02502, 24.17103 ], [ 70.10992, 24.295 ], [ 70.57314, 24.42234 ], [ 70.6025, 24.40815 ], [ 70.56211, 24.354 ], [ 70.583, 24.24417 ], [ 70.71862, 24.21573 ], [ 70.87658, 24.24583 ], [ 70.90866, 24.26326 ], [ 70.87825, 24.3018 ], [ 70.94692, 24.34852 ], [ 71.04204, 24.35105 ], [ 71.1219, 24.40572 ], [ 71.10315, 24.43572 ], [ 70.9985, 24.44437 ], [ 70.98746, 24.54352 ], [ 70.99916, 24.62252 ], [ 71.09618, 24.68863 ], [ 70.937823, 24.938822 ], [ 70.888738, 25.148026 ], [ 70.664627, 25.396779 ], [ 70.673998, 25.675522 ], [ 70.647925, 25.712091 ], [ 70.387642, 25.673454 ], [ 70.268993, 25.713228 ], [ 70.098805, 25.939881 ], [ 70.083371, 26.084851 ], [ 70.175327, 26.250784 ], [ 70.174087, 26.551661 ], [ 70.055948, 26.600736 ], [ 69.824162, 26.588627 ], [ 69.510148, 26.743363 ], [ 69.484406, 26.804996 ], [ 69.513731, 27.010031 ], [ 69.585803, 27.181356 ], [ 70.025948, 27.563262 ], [ 70.132401, 27.806089 ], [ 70.372456, 28.012002 ], [ 70.506056, 28.037134 ], [ 70.589386, 28.010435 ], [ 70.677236, 27.921827 ], [ 70.684333, 27.828103 ], [ 70.739772, 27.742286 ], [ 70.871678, 27.70563 ], [ 71.203413, 27.835149 ], [ 71.38304, 27.872476 ], [ 71.665676, 27.877816 ], [ 71.898454, 27.961239 ], [ 71.927461, 28.122366 ], [ 72.205825, 28.394029 ], [ 72.298981, 28.669775 ], [ 72.353964, 28.732579 ], [ 72.733063, 28.948035 ], [ 72.945901, 29.027548 ], [ 73.282252, 29.571942 ], [ 73.397001, 29.945941 ], [ 73.552021, 30.002457 ], [ 66.335949, 29.995014 ], [ 66.373416, 29.971125 ], [ 66.251598, 29.849203 ], [ 65.064528, 29.529584 ], [ 64.542872, 29.587324 ], [ 64.179414, 29.483558 ], [ 64.142138, 29.43667 ], [ 64.159639, 29.39054 ], [ 64.114715, 29.377259 ], [ 63.57666, 29.487089 ], [ 62.469159, 29.388697 ], [ 60.872977, 29.85847 ], [ 61.16457, 29.533718 ], [ 61.360113, 29.378465 ], [ 61.35292, 29.275991 ], [ 61.430228, 29.199096 ], [ 61.420885, 29.135534 ], [ 61.474353, 29.123408 ], [ 61.50726, 29.061689 ], [ 61.478873, 29.023638 ], [ 61.533374, 29.010219 ], [ 61.641206, 28.807234 ], [ 61.836294, 28.625471 ], [ 62.043896, 28.510129 ], [ 62.38948, 28.432252 ], [ 62.488768, 28.37341 ], [ 62.597178, 28.248422 ], [ 62.793342, 28.279015 ], [ 62.76162, 28.025662 ], [ 62.828895, 27.764507 ], [ 62.848436, 27.462975 ], [ 62.791344, 27.338779 ], [ 62.824761, 27.299006 ], [ 62.775565, 27.252893 ], [ 62.936975, 27.20144 ], [ 63.198733, 27.259439 ], [ 63.281788, 27.213739 ], [ 63.333326, 27.118362 ], [ 63.251057, 27.091731 ], [ 63.246345, 26.849903 ], [ 63.185986, 26.836725 ], [ 63.1969, 26.647125 ], [ 63.048872, 26.627539 ], [ 62.794692, 26.651 ], [ 62.60411, 26.576276 ], [ 62.445181, 26.566888 ], [ 62.421203, 26.533505 ], [ 62.303312, 26.508287 ], [ 62.306936, 26.462778 ], [ 62.257767, 26.446224 ], [ 62.271961, 26.328005 ], [ 62.22825, 26.329538 ], [ 62.215021, 26.267923 ], [ 62.125407, 26.273986 ], [ 62.033354, 26.334482 ], [ 61.961145, 26.260223 ], [ 61.896349, 26.261446 ], [ 61.818352, 25.967201 ], [ 61.831719, 25.911407 ], [ 61.890727, 25.883192 ], [ 61.820419, 25.849206 ], [ 61.851522, 25.816426 ], [ 61.840084, 25.744837 ], [ 61.798233, 25.717879 ], [ 61.736318, 25.741719 ], [ 61.672308, 25.64784 ], [ 61.652574, 25.310135 ], [ 61.611032, 25.197649 ] ] ] } },
{ "type": "Feature", "properties": { "id": "00-00-f1-2d", "volumeName": "FIR TURKMENABAT", "icaoID": "UTAV" }, "geometry": { "type": "Polygon", "coordinates": [ [ [ 61.277569, 35.605217 ], [ 61.372006, 35.623786 ], [ 61.401041, 35.553144 ], [ 61.587765, 35.436941 ], [ 61.779561, 35.411172 ], [ 61.968242, 35.454012 ], [ 62.064291, 35.434426 ], [ 62.153726, 35.340909 ], [ 62.266174, 35.295158 ], [ 62.305351, 35.12876 ], [ 62.477565, 35.278915 ], [ 62.627881, 35.207928 ], [ 62.743733, 35.251785 ], [ 62.786383, 35.30148 ], [ 63.01511, 35.418562 ], [ 63.099101, 35.417993 ], [ 63.130245, 35.543222 ], [ 63.094898, 35.618429 ], [ 63.248618, 35.681233 ], [ 63.09968, 35.81728 ], [ 63.120695, 35.863186 ], [ 63.305834, 35.857949 ], [ 63.535388, 35.903269 ], [ 63.570693, 35.951432 ], [ 63.989245, 36.036302 ], [ 64.068551, 35.997286 ], [ 64.057968, 36.102689 ], [ 64.092143, 36.128716 ], [ 64.169906, 36.16284 ], [ 64.283828, 36.151523 ], [ 64.316074, 36.208556 ], [ 64.445238, 36.242732 ], [ 64.579969, 36.351648 ], [ 64.63633, 36.442272 ], [ 64.61814, 36.635972 ], [ 64.798181, 36.92269 ], [ 64.755737, 37.112877 ], [ 64.990279, 37.218503 ], [ 65.132603, 37.246064 ], [ 65.531201, 37.238037 ], [ 65.64296, 37.342923 ], [ 65.646336, 37.441883 ], [ 65.699831, 37.533041 ], [ 65.760603, 37.550766 ], [ 65.839606, 37.487927 ], [ 66.069766, 37.449532 ], [ 66.16864, 37.368847 ], [ 66.308993, 37.323458 ], [ 66.521004, 37.337221 ], [ 66.553733, 37.354757 ], [ 66.500885, 37.392739 ], [ 66.5815, 37.468359 ], [ 66.526971, 37.539207 ], [ 66.542088, 37.771837 ], [ 66.615648, 37.875948 ], [ 66.707356, 37.915774 ], [ 66.638413, 37.994546 ], [ 66.506232, 38.04102 ], [ 66.392847, 38.032183 ], [ 66.271552, 38.10708 ], [ 66.247092, 38.155397 ], [ 66.164919, 38.155621 ], [ 65.909293, 38.278318 ], [ 65.8499, 38.275734 ], [ 65.838117, 38.249207 ], [ 65.561821, 38.285949 ], [ 65.036581, 38.605103 ], [ 64.814483, 38.684633 ], [ 64.537153, 38.838801 ], [ 64.329483, 38.995208 ], [ 64.188923, 38.959534 ], [ 64.102409, 39.001151 ], [ 63.702089, 39.228527 ], [ 63.689728, 39.273279 ], [ 62.474533, 39.957285 ], [ 62.165659, 40.466635 ], [ 60.266668, 40.433332 ], [ 60.286634, 39.895033 ], [ 61.385035, 38.655001 ], [ 62.000002, 37.500002 ], [ 61.463301, 36.626669 ], [ 61.277569, 35.605217 ] ] ] } },
{ "type": "Feature", "properties": { "id": "00-00-f1-2e", "volumeName": "FIR LAHORE", "icaoID": "OPLR" }, "geometry": { "type": "Polygon", "coordinates": [ [ [ 66.335949, 29.995014 ], [ 73.552021, 30.002457 ], [ 73.806665, 30.067915 ], [ 73.97258, 30.198208 ], [ 73.956347, 30.275499 ], [ 73.880555, 30.359404 ], [ 73.97371, 30.444223 ], [ 73.926306, 30.438883 ], [ 73.934547, 30.490129 ], [ 73.964133, 30.456418 ], [ 74.011854, 30.53364 ], [ 74.07224, 30.522909 ], [ 74.095873, 30.611413 ], [ 74.205359, 30.67594 ], [ 74.232506, 30.724447 ], [ 74.286635, 30.735592 ], [ 74.262037, 30.777139 ], [ 74.30189, 30.77943 ], [ 74.320425, 30.846644 ], [ 74.382092, 30.860407 ], [ 74.3659, 30.892981 ], [ 74.422785, 30.907812 ], [ 74.416515, 30.940265 ], [ 74.547291, 30.992527 ], [ 74.568237, 31.054849 ], [ 74.596901, 31.037658 ], [ 74.696188, 31.074003 ], [ 74.689367, 31.127988 ], [ 74.603102, 31.133741 ], [ 74.610543, 31.099135 ], [ 74.57171, 31.081651 ], [ 74.510318, 31.132002 ], [ 74.551701, 31.364322 ], [ 74.6012, 31.420012 ], [ 74.65464, 31.425885 ], [ 74.636726, 31.484762 ], [ 74.609854, 31.499765 ], [ 74.58742, 31.496096 ], [ 74.575334, 31.500885 ], [ 74.615876, 31.569081 ], [ 74.486726, 31.715101 ], [ 74.560038, 31.757441 ], [ 74.607374, 31.890164 ], [ 74.818517, 31.958911 ], [ 74.879426, 32.053789 ], [ 75.012338, 32.035771 ], [ 75.123063, 32.081453 ], [ 75.174368, 32.067362 ], [ 75.202576, 32.120107 ], [ 75.26146, 32.101021 ], [ 75.381418, 32.268831 ], [ 75.191689, 32.426134 ], [ 75.132916, 32.408926 ], [ 75.100119, 32.478259 ], [ 75.026945, 32.49731 ], [ 75.01548, 32.464478 ], [ 74.951952, 32.446564 ], [ 74.877083, 32.493968 ], [ 74.688223, 32.487009 ], [ 74.638476, 32.613393 ], [ 74.695017, 32.660522 ], [ 74.654461, 32.729079 ], [ 74.705352, 32.841923 ], [ 74.632895, 32.808885 ], [ 74.658499, 32.787439 ], [ 74.637511, 32.751438 ], [ 74.508803, 32.747303 ], [ 74.44748, 32.79445 ], [ 74.415895, 32.896666 ], [ 74.313576, 32.92836 ], [ 74.339373, 32.951822 ], [ 74.323043, 33.031179 ], [ 74.170673, 33.073313 ], [ 74.127982, 33.160233 ], [ 74.006921, 33.218369 ], [ 74.016016, 33.268529 ], [ 74.164197, 33.3375 ], [ 74.192515, 33.477336 ], [ 74.139461, 33.557004 ], [ 74.031698, 33.578726 ], [ 73.960895, 33.72106 ], [ 74.058184, 33.823431 ], [ 74.189993, 33.840312 ], [ 74.275818, 33.894624 ], [ 74.282226, 33.936671 ], [ 74.228275, 34.02459 ], [ 74.137904, 34.04638 ], [ 73.925548, 34.024383 ], [ 73.895989, 34.058541 ], [ 73.90474, 34.105274 ], [ 74.010091, 34.1929 ], [ 73.991143, 34.273532 ], [ 73.937165, 34.285487 ], [ 73.913421, 34.352167 ], [ 73.853752, 34.32197 ], [ 73.750606, 34.344639 ], [ 73.803385, 34.427356 ], [ 73.887487, 34.453005 ], [ 73.89151, 34.506197 ], [ 73.95632, 34.56547 ], [ 73.928621, 34.601764 ], [ 73.952764, 34.671768 ], [ 74.14456, 34.65878 ], [ 74.309883, 34.782718 ], [ 74.47759, 34.779496 ], [ 74.729633, 34.680743 ], [ 74.929173, 34.67337 ], [ 75.027331, 34.629497 ], [ 75.087716, 34.655163 ], [ 75.2658, 34.638316 ], [ 75.248189, 34.601936 ], [ 75.365391, 34.537633 ], [ 75.779533, 34.510607 ], [ 76.031879, 34.686341 ], [ 76.161553, 34.633459 ], [ 76.254157, 34.672182 ], [ 76.26084, 34.715469 ], [ 76.428933, 34.75104 ], [ 76.472617, 34.798703 ], [ 76.681183, 34.749748 ], [ 76.747674, 34.830742 ], [ 76.756286, 34.939297 ], [ 76.868762, 34.983601 ], [ 76.995583, 34.932476 ], [ 77.010286, 35.008888 ], [ 77.822778, 35.513078 ], [ 77.686876, 35.453254 ], [ 77.652108, 35.486774 ], [ 77.629549, 35.462297 ], [ 77.485859, 35.492879 ], [ 77.442301, 35.461832 ], [ 77.381365, 35.473494 ], [ 77.30261, 35.5456 ], [ 77.19402, 35.521846 ], [ 77.057043, 35.601978 ], [ 76.957576, 35.59626 ], [ 76.844508, 35.674549 ], [ 76.766512, 35.659873 ], [ 76.686971, 35.751633 ], [ 76.586512, 35.77556 ], [ 76.561046, 35.822516 ], [ 76.598983, 35.900169 ], [ 76.555851, 35.927247 ], [ 76.427032, 35.852523 ], [ 76.366439, 35.863565 ], [ 76.35937, 35.828166 ], [ 76.168967, 35.821104 ], [ 76.141061, 35.849698 ], [ 76.159417, 35.917136 ], [ 76.100919, 36.016182 ], [ 75.998944, 36.01899 ], [ 75.941962, 36.070839 ], [ 75.932633, 36.135624 ], [ 76.029399, 36.174295 ], [ 76.002913, 36.232224 ], [ 76.061989, 36.227332 ], [ 75.99492, 36.307345 ], [ 75.984613, 36.350133 ], [ 76.035393, 36.409113 ], [ 75.925977, 36.564659 ], [ 75.940929, 36.599248 ], [ 75.803786, 36.710231 ], [ 75.673424, 36.764957 ], [ 75.533925, 36.771433 ], [ 75.532451, 36.721376 ], [ 75.464334, 36.717518 ], [ 75.420857, 36.77338 ], [ 75.421863, 36.888153 ], [ 75.385621, 36.903415 ], [ 75.401744, 36.953713 ], [ 75.233416, 36.959053 ], [ 75.143596, 37.026887 ], [ 74.916978, 36.978518 ], [ 74.932412, 36.946341 ], [ 74.908296, 36.929443 ], [ 74.839091, 37.058565 ], [ 74.739211, 37.021651 ], [ 74.701976, 37.082353 ], [ 74.667966, 37.082422 ], [ 74.518931, 37.017362 ], [ 74.534062, 36.957227 ], [ 74.426575, 37.011143 ], [ 74.415578, 36.975021 ], [ 74.309304, 36.918901 ], [ 74.239741, 36.894785 ], [ 74.175938, 36.916524 ], [ 74.120788, 36.838217 ], [ 74.047132, 36.826245 ], [ 73.95745, 36.842523 ], [ 73.843624, 36.92598 ], [ 73.815071, 36.890823 ], [ 73.691598, 36.9158 ], [ 73.541971, 36.872581 ], [ 73.479753, 36.897421 ], [ 73.30357, 36.868585 ], [ 73.147687, 36.894751 ], [ 73.0394, 36.859128 ], [ 72.954141, 36.875906 ], [ 72.891261, 36.839233 ], [ 72.652558, 36.851928 ], [ 72.501456, 36.779288 ], [ 72.246546, 36.752434 ], [ 72.184741, 36.711403 ], [ 72.207617, 36.66026 ], [ 72.096519, 36.6471 ], [ 72.082629, 36.588947 ], [ 71.935771, 36.546279 ], [ 71.916575, 36.508745 ], [ 71.80957, 36.507763 ], [ 71.829896, 36.433125 ], [ 71.806649, 36.39926 ], [ 71.637316, 36.477016 ], [ 71.615928, 36.403256 ], [ 71.558009, 36.372698 ], [ 71.576544, 36.327481 ], [ 71.522732, 36.333355 ], [ 71.436122, 36.232707 ], [ 71.251162, 36.130043 ], [ 71.19841, 36.053389 ], [ 71.318479, 35.959924 ], [ 71.387133, 35.952948 ], [ 71.380215, 35.904889 ], [ 71.503439, 35.801019 ], [ 71.493765, 35.749635 ], [ 71.551257, 35.726639 ], [ 71.499484, 35.629729 ], [ 71.620407, 35.571231 ], [ 71.594045, 35.499935 ], [ 71.657297, 35.442505 ], [ 71.543058, 35.310248 ], [ 71.681344, 35.209393 ], [ 71.624955, 35.138992 ], [ 71.532213, 35.091191 ], [ 71.558602, 35.033365 ], [ 71.505644, 35.006511 ], [ 71.511845, 34.974885 ], [ 71.349788, 34.914113 ], [ 71.225944, 34.752694 ], [ 71.107115, 34.702016 ], [ 71.088856, 34.673405 ], [ 71.117285, 34.628532 ], [ 71.011204, 34.534137 ], [ 71.023992, 34.45092 ], [ 71.10746, 34.433643 ], [ 71.11559, 34.377178 ], [ 71.176086, 34.363329 ], [ 71.124065, 34.258822 ], [ 71.130197, 34.164599 ], [ 71.070845, 34.109288 ], [ 71.082517, 34.063416 ], [ 70.872298, 33.971346 ], [ 70.49896, 33.940082 ], [ 70.200849, 33.980923 ], [ 69.998828, 34.047706 ], [ 69.904708, 34.039697 ], [ 69.858613, 33.924734 ], [ 69.910082, 33.897087 ], [ 70.004106, 33.731619 ], [ 70.142626, 33.724987 ], [ 70.143453, 33.658187 ], [ 70.199884, 33.642425 ], [ 70.172805, 33.518764 ], [ 70.29676, 33.430242 ], [ 70.326939, 33.330937 ], [ 70.164372, 33.218541 ], [ 70.071451, 33.219316 ], [ 70.020711, 33.138442 ], [ 69.876706, 33.093915 ], [ 69.795085, 33.132379 ], [ 69.710611, 33.089643 ], [ 69.582495, 33.102906 ], [ 69.496299, 33.020689 ], [ 69.496326, 32.885917 ], [ 69.546666, 32.875048 ], [ 69.469427, 32.854911 ], [ 69.387641, 32.770093 ], [ 69.441935, 32.729303 ], [ 69.453745, 32.658299 ], [ 69.383465, 32.559994 ], [ 69.278224, 32.529229 ], [ 69.237807, 32.457674 ], [ 69.282014, 32.344537 ], [ 69.270259, 32.156711 ], [ 69.329791, 31.927457 ], [ 69.199883, 31.855454 ], [ 69.117297, 31.7017 ], [ 69.020421, 31.629525 ], [ 68.959898, 31.64899 ], [ 68.907119, 31.596659 ], [ 68.789806, 31.622376 ], [ 68.708543, 31.770895 ], [ 68.642907, 31.777802 ], [ 68.575521, 31.834233 ], [ 68.433032, 31.763126 ], [ 68.591135, 31.753101 ], [ 68.544006, 31.713155 ], [ 68.428071, 31.75596 ], [ 68.27945, 31.756959 ], [ 68.265532, 31.803261 ], [ 68.17104, 31.835318 ], [ 68.070374, 31.696015 ], [ 67.984619, 31.644735 ], [ 67.857495, 31.623789 ], [ 67.716315, 31.513925 ], [ 67.567528, 31.522899 ], [ 67.636182, 31.397119 ], [ 67.785699, 31.399875 ], [ 67.773985, 31.322636 ], [ 67.278098, 31.198285 ], [ 67.155177, 31.24836 ], [ 67.070056, 31.213857 ], [ 67.023919, 31.237198 ], [ 67.058784, 31.286359 ], [ 67.03832, 31.31187 ], [ 66.955913, 31.307977 ], [ 66.834067, 31.264793 ], [ 66.796474, 31.209912 ], [ 66.73099, 31.20912 ], [ 66.69206, 31.076518 ], [ 66.5784, 30.976679 ], [ 66.391923, 30.940609 ], [ 66.278056, 30.568918 ], [ 66.308414, 30.499947 ], [ 66.35626, 30.483635 ], [ 66.338965, 30.445411 ], [ 66.366912, 30.420796 ], [ 66.313541, 30.214194 ], [ 66.228929, 30.068707 ], [ 66.335949, 29.995014 ] ] ] } },
{ "type": "Feature", "properties": { "id": "00-00-f1-2f", "volumeName": "FIR ANKARA", "icaoID": "LTAA" }, "geometry": { "type": "Polygon", "coordinates": [ [ [ 35.919592, 35.926881 ], [ 36.006415, 35.940855 ], [ 35.999525, 35.880032 ], [ 36.112869, 35.861997 ], [ 36.156305, 35.808099 ], [ 36.198266, 35.948056 ], [ 36.294494, 35.956427 ], [ 36.290319, 36.01055 ], [ 36.339212, 35.988467 ], [ 36.376212, 36.0116 ], [ 36.383336, 36.217807 ], [ 36.465095, 36.196946 ], [ 36.50244, 36.242267 ], [ 36.624672, 36.214327 ], [ 36.622908, 36.238219 ], [ 36.694911, 36.245247 ], [ 36.657263, 36.337593 ], [ 36.605201, 36.327326 ], [ 36.605959, 36.392249 ], [ 36.542541, 36.485766 ], [ 36.59142, 36.585536 ], [ 36.573754, 36.660019 ], [ 36.628738, 36.705391 ], [ 36.612959, 36.745526 ], [ 36.669831, 36.829001 ], [ 36.997528, 36.765577 ], [ 36.992746, 36.74215 ], [ 37.046559, 36.726199 ], [ 37.020748, 36.666151 ], [ 37.085902, 36.63456 ], [ 37.142057, 36.677313 ], [ 37.474164, 36.633009 ], [ 37.495275, 36.673644 ], [ 37.65816, 36.74904 ], [ 37.782872, 36.749333 ], [ 38.240904, 36.92412 ], [ 38.554201, 36.8449 ], [ 38.738996, 36.708199 ], [ 39.019083, 36.710731 ], [ 39.211346, 36.669114 ], [ 39.819613, 36.756482 ], [ 40.182905, 36.877697 ], [ 40.415586, 37.015983 ], [ 40.530928, 37.028386 ], [ 40.766463, 37.127966 ], [ 40.833821, 37.106762 ], [ 40.909158, 37.132204 ], [ 41.218225, 37.062096 ], [ 41.517535, 37.077944 ], [ 42.03474, 37.182123 ], [ 42.215745, 37.320564 ], [ 42.205451, 37.280171 ], [ 42.2832, 37.282255 ], [ 42.342773, 37.232749 ], [ 42.320242, 37.184294 ], [ 42.352482, 37.0999 ], [ 42.577324, 37.145523 ], [ 42.687872, 37.308591 ], [ 42.793123, 37.380741 ], [ 42.959126, 37.312183 ], [ 43.023632, 37.3544 ], [ 43.150055, 37.372189 ], [ 43.300193, 37.304207 ], [ 43.360119, 37.327942 ], [ 43.495997, 37.243692 ], [ 43.786674, 37.229228 ], [ 43.830654, 37.192742 ], [ 43.852653, 37.223543 ], [ 43.919335, 37.223986 ], [ 43.954147, 37.29235 ], [ 44.020575, 37.328742 ], [ 44.125838, 37.322807 ], [ 44.267845, 37.244842 ], [ 44.278661, 37.168425 ], [ 44.222225, 37.158201 ], [ 44.184444, 37.096654 ], [ 44.251715, 36.982617 ], [ 44.309241, 36.962903 ], [ 44.367846, 37.025015 ], [ 44.358358, 37.05172 ], [ 44.465843, 37.073786 ], [ 44.627192, 37.190027 ], [ 44.784684, 37.144658 ], [ 44.757578, 37.228339 ], [ 44.813526, 37.276312 ], [ 44.798506, 37.31066 ], [ 44.579811, 37.447602 ], [ 44.6144, 37.602184 ], [ 44.568167, 37.644765 ], [ 44.620629, 37.727017 ], [ 44.554552, 37.780622 ], [ 44.444929, 37.770924 ], [ 44.448374, 37.806581 ], [ 44.393459, 37.824048 ], [ 44.388195, 37.862512 ], [ 44.222762, 37.88823 ], [ 44.311232, 38.07256 ], [ 44.364493, 38.10391 ], [ 44.351195, 38.135002 ], [ 44.392701, 38.14644 ], [ 44.402251, 38.251998 ], [ 44.512522, 38.34126 ], [ 44.44938, 38.385495 ], [ 44.381787, 38.358606 ], [ 44.300001, 38.394177 ], [ 44.321636, 38.624102 ], [ 44.272123, 38.646254 ], [ 44.254277, 38.719032 ], [ 44.314746, 38.806934 ], [ 44.189716, 38.934023 ], [ 44.171802, 38.991797 ], [ 44.211489, 39.020495 ], [ 44.190929, 39.076616 ], [ 44.226027, 39.095391 ], [ 44.213556, 39.130307 ], [ 44.09725, 39.204498 ], [ 44.108067, 39.284286 ], [ 44.031903, 39.371723 ], [ 44.071108, 39.41234 ], [ 44.130157, 39.389637 ], [ 44.233124, 39.415544 ], [ 44.295205, 39.375254 ], [ 44.421957, 39.4116 ], [ 44.408452, 39.471148 ], [ 44.440354, 39.505065 ], [ 44.416197, 39.556449 ], [ 44.480138, 39.610433 ], [ 44.467432, 39.68452 ], [ 44.613463, 39.781672 ], [ 44.661281, 39.718506 ], [ 44.715066, 39.714268 ], [ 44.804983, 39.629553 ], [ 44.818143, 39.653325 ], [ 44.696972, 39.791128 ], [ 44.593757, 39.826423 ], [ 44.550555, 39.905816 ], [ 44.416472, 40.002451 ], [ 44.272991, 40.049562 ], [ 43.899405, 40.023328 ], [ 43.655864, 40.111764 ], [ 43.65111, 40.145525 ], [ 43.711675, 40.173431 ], [ 43.653039, 40.224728 ], [ 43.683535, 40.226227 ], [ 43.682708, 40.256888 ], [ 43.590449, 40.345031 ], [ 43.619663, 40.421512 ], [ 43.542452, 40.476358 ], [ 43.650283, 40.531755 ], [ 43.643737, 40.561417 ], [ 43.749088, 40.675829 ], [ 43.744513, 40.740321 ], [ 43.677403, 40.84643 ], [ 43.6763, 40.929733 ], [ 43.468423, 41.030794 ], [ 43.448304, 41.176091 ], [ 43.367344, 41.203514 ], [ 43.231015, 41.173094 ], [ 43.1944, 41.253882 ], [ 43.127938, 41.25321 ], [ 43.213486, 41.305799 ], [ 43.018701, 41.375562 ], [ 42.900768, 41.500602 ], [ 42.850993, 41.470234 ], [ 42.802073, 41.495417 ], [ 42.830213, 41.587246 ], [ 42.600838, 41.584938 ], [ 42.572657, 41.510007 ], [ 42.512892, 41.472404 ], [ 42.51992, 41.436609 ], [ 42.177711, 41.514865 ], [ 42.038254, 41.493901 ], [ 41.962806, 41.524718 ], [ 41.823252, 41.430718 ], [ 41.709289, 41.496296 ], [ 41.633317, 41.486873 ], [ 37.716669, 42.683332 ], [ 34.0, 42.783333 ], [ 31.0, 42.8 ], [ 31.000002, 39.496668 ], [ 30.000002, 38.996668 ], [ 30.000002, 36.083334 ], [ 35.919592, 35.926881 ] ] ] } },
{ "type": "Feature", "properties": { "id": "00-00-f1-30", "volumeName": "FIR YEREVAN ZVARTNOTS", "icaoID": "UDDD" }, "geometry": { "type": "Polygon", "coordinates": [ [ [ 46.143953, 38.842659 ], [ 46.340806, 38.916867 ], [ 46.533621, 38.867498 ], [ 46.507687, 38.961067 ], [ 46.554154, 39.057151 ], [ 46.518049, 39.061819 ], [ 46.536998, 39.084677 ], [ 46.496731, 39.15041 ], [ 46.439749, 39.154957 ], [ 46.431578, 39.187703 ], [ 46.50861, 39.176902 ], [ 46.516327, 39.213179 ], [ 46.537108, 39.158454 ], [ 46.575376, 39.217003 ], [ 46.634218, 39.23099 ], [ 46.553438, 39.254245 ], [ 46.504242, 39.343042 ], [ 46.408909, 39.361404 ], [ 46.380632, 39.435767 ], [ 46.485431, 39.483464 ], [ 46.535275, 39.467927 ], [ 46.499143, 39.518931 ], [ 46.587227, 39.53421 ], [ 46.520778, 39.584354 ], [ 46.430448, 39.569213 ], [ 46.413732, 39.630845 ], [ 46.392207, 39.612483 ], [ 46.357508, 39.63951 ], [ 46.178019, 39.579703 ], [ 46.171652, 39.633739 ], [ 46.058171, 39.689808 ], [ 45.980408, 39.7851 ], [ 45.827694, 39.824959 ], [ 45.79903, 39.935788 ], [ 45.610515, 39.974218 ], [ 45.602178, 40.010409 ], [ 45.681691, 40.033749 ], [ 45.788378, 40.029391 ], [ 45.839021, 39.990152 ], [ 45.882981, 40.021244 ], [ 45.903444, 40.103461 ], [ 45.961846, 40.120841 ], [ 45.980546, 40.21112 ], [ 45.930661, 40.296507 ], [ 45.649541, 40.367028 ], [ 45.437502, 40.519801 ], [ 45.462927, 40.579401 ], [ 45.388196, 40.615953 ], [ 45.374801, 40.704871 ], [ 45.546119, 40.775306 ], [ 45.607924, 40.851753 ], [ 45.599904, 40.884757 ], [ 45.481186, 40.923531 ], [ 45.454797, 40.970557 ], [ 45.422275, 40.958792 ], [ 45.427511, 41.02101 ], [ 45.318233, 41.000753 ], [ 45.286703, 41.040837 ], [ 45.25815, 41.003957 ], [ 45.129952, 41.095028 ], [ 45.115896, 41.04976 ], [ 45.059534, 41.051258 ], [ 45.098946, 41.119885 ], [ 45.173194, 41.118455 ], [ 45.204297, 41.151769 ], [ 45.121408, 41.205185 ], [ 45.089203, 41.178503 ], [ 45.024849, 41.196159 ], [ 45.062634, 41.246165 ], [ 45.015065, 41.297083 ], [ 44.939341, 41.255639 ], [ 44.818212, 41.300597 ], [ 44.806085, 41.250144 ], [ 44.883972, 41.203997 ], [ 44.795295, 41.230042 ], [ 44.726434, 41.203308 ], [ 44.68778, 41.240704 ], [ 44.610886, 41.240894 ], [ 44.594556, 41.192766 ], [ 44.578502, 41.212627 ], [ 44.542949, 41.191112 ], [ 44.534295, 41.226493 ], [ 44.467294, 41.180828 ], [ 44.355742, 41.231781 ], [ 44.326831, 41.20391 ], [ 44.178182, 41.248335 ], [ 44.162059, 41.189131 ], [ 43.837049, 41.160192 ], [ 43.750921, 41.109153 ], [ 43.5684, 41.144982 ], [ 43.458708, 41.119747 ], [ 43.484753, 41.015894 ], [ 43.671615, 40.936657 ], [ 43.677403, 40.84643 ], [ 43.746952, 40.732587 ], [ 43.749088, 40.675829 ], [ 43.643737, 40.561417 ], [ 43.650283, 40.531755 ], [ 43.542452, 40.476358 ], [ 43.619663, 40.421512 ], [ 43.590449, 40.345031 ], [ 43.682708, 40.256888 ], [ 43.683535, 40.226227 ], [ 43.653039, 40.224728 ], [ 43.711675, 40.173431 ], [ 43.65111, 40.145525 ], [ 43.655864, 40.111764 ], [ 43.899405, 40.023328 ], [ 44.272991, 40.049562 ], [ 44.353813, 40.026807 ], [ 44.484864, 39.963383 ], [ 44.593757, 39.826423 ], [ 44.692356, 39.795073 ], [ 44.750206, 39.714682 ], [ 44.88732, 39.748719 ], [ 44.940265, 39.725103 ], [ 45.061573, 39.793885 ], [ 45.186355, 39.680369 ], [ 45.171748, 39.592863 ], [ 45.305307, 39.6125 ], [ 45.31279, 39.562167 ], [ 45.472504, 39.49013 ], [ 45.575582, 39.566767 ], [ 45.693542, 39.603112 ], [ 45.78011, 39.58494 ], [ 45.840813, 39.459314 ], [ 45.792168, 39.370534 ], [ 45.999191, 39.291142 ], [ 46.00422, 39.148566 ], [ 46.101785, 39.015603 ], [ 46.143953, 38.842659 ] ] ] } },
{ "type": "Feature", "properties": { "id": "00-00-f1-31", "volumeName": "FIR BAKU", "icaoID": "UBBA" }, "geometry": { "type": "Polygon", "coordinates": [ [ [ 44.76677, 39.716267 ], [ 44.819066, 39.613741 ], [ 44.900205, 39.602751 ], [ 44.886011, 39.582304 ], [ 44.950669, 39.494747 ], [ 44.946369, 39.453423 ], [ 44.975542, 39.450822 ], [ 44.966075, 39.422417 ], [ 45.057605, 39.381265 ], [ 45.141155, 39.282563 ], [ 45.147522, 39.205634 ], [ 45.308931, 39.193646 ], [ 45.402734, 39.073326 ], [ 45.45572, 39.051914 ], [ 45.447906, 38.99507 ], [ 45.90824, 38.874147 ], [ 46.06513, 38.887377 ], [ 46.143953, 38.842659 ], [ 46.101785, 39.015603 ], [ 46.00422, 39.148566 ], [ 45.999191, 39.291142 ], [ 45.792168, 39.370534 ], [ 45.840813, 39.459314 ], [ 45.78011, 39.58494 ], [ 45.693542, 39.603112 ], [ 45.575582, 39.566767 ], [ 45.472504, 39.49013 ], [ 45.31279, 39.562167 ], [ 45.305307, 39.6125 ], [ 45.171748, 39.592863 ], [ 45.186355, 39.680369 ], [ 45.061573, 39.793885 ], [ 44.940265, 39.725103 ], [ 44.88732, 39.748719 ], [ 44.76677, 39.716267 ] ] ] } },
{ "type": "Feature", "properties": { "id": "00-00-f1-32", "volumeName": "FIR BEIRUT", "icaoID": "OLBB" }, "geometry": { "type": "Polygon", "coordinates": [ [ [ 35.103668, 33.093952 ], [ 35.317148, 33.105008 ], [ 35.378127, 33.055019 ], [ 35.503638, 33.089488 ], [ 35.564575, 33.288287 ], [ 35.624658, 33.24133 ], [ 35.621764, 33.272439 ], [ 35.72236, 33.329749 ], [ 35.793233, 33.336708 ], [ 35.827436, 33.397582 ], [ 35.950288, 33.470119 ], [ 35.939264, 33.520538 ], [ 36.015056, 33.52326 ], [ 36.0532, 33.567391 ], [ 35.935584, 33.643562 ], [ 35.975162, 33.729345 ], [ 36.062667, 33.811442 ], [ 36.190825, 33.843361 ], [ 36.228073, 33.819917 ], [ 36.249639, 33.853162 ], [ 36.388201, 33.823362 ], [ 36.367971, 33.874814 ], [ 36.277889, 33.918464 ], [ 36.396056, 34.001215 ], [ 36.403979, 34.043469 ], [ 36.501062, 34.048034 ], [ 36.510571, 34.0994 ], [ 36.623708, 34.201995 ], [ 36.582367, 34.229039 ], [ 36.599206, 34.303264 ], [ 36.528926, 34.369117 ], [ 36.553841, 34.415005 ], [ 36.46471, 34.462927 ], [ 36.446313, 34.506042 ], [ 36.335215, 34.502769 ], [ 36.411104, 34.557305 ], [ 36.407177, 34.608654 ], [ 36.453658, 34.590292 ], [ 36.461719, 34.634785 ], [ 36.383722, 34.63215 ], [ 36.335105, 34.692094 ], [ 36.2772, 34.627947 ], [ 35.990044, 34.650598 ], [ 35.708334, 34.616659 ], [ 35.631083, 34.559851 ], [ 35.453341, 34.587152 ], [ 35.289427, 34.572336 ], [ 34.983801, 34.454 ], [ 34.794565, 34.296152 ], [ 34.695898, 34.164427 ], [ 34.597631, 33.93844 ], [ 34.612009, 33.676134 ], [ 34.76092, 33.384184 ], [ 34.999927, 33.173474 ], [ 34.950638, 33.100939 ], [ 35.103668, 33.093952 ] ] ] } },
{ "type": "Feature", "properties": { "id": "00-00-f1-33", "volumeName": "FIR TEL AVIV", "icaoID": "LLTA" }, "geometry": { "type": "Polygon", "coordinates": [ [ [ 35.471386, 31.40231 ], [ 35.487454, 31.5899 ], [ 35.558893, 31.761532 ], [ 35.518834, 32.035467 ], [ 35.574052, 32.211857 ], [ 35.546454, 32.400572 ], [ 35.580078, 32.487991 ], [ 35.553385, 32.515001 ], [ 35.577322, 32.553138 ], [ 35.560854, 32.645639 ], [ 35.627937, 32.67928 ], [ 35.596201, 32.706961 ], [ 35.662457, 32.77688 ], [ 35.605475, 32.90707 ], [ 35.626697, 32.977229 ], [ 35.586899, 33.016004 ], [ 35.641718, 33.051626 ], [ 35.66965, 33.24717 ], [ 35.623803, 33.241399 ], [ 35.568337, 33.290836 ], [ 35.503638, 33.089488 ], [ 35.378127, 33.055019 ], [ 35.294273, 33.108091 ], [ 35.193194, 33.085198 ], [ 34.603834, 33.090071 ], [ 34.53673, 32.727877 ], [ 34.257212, 32.58354 ], [ 34.05562, 32.344099 ], [ 33.973982, 32.126471 ], [ 33.965083, 31.931666 ], [ 34.496943, 30.679643 ], [ 34.518579, 30.532538 ], [ 34.55755, 30.494797 ], [ 34.543425, 30.41301 ], [ 34.611458, 30.371049 ], [ 34.848546, 29.758752 ], [ 34.9039, 29.485556 ], [ 34.974285, 29.47257 ], [ 35.00275, 29.520834 ], [ 34.978123, 29.576679 ], [ 35.084535, 29.888425 ], [ 35.075137, 29.951867 ], [ 35.161706, 30.124053 ], [ 35.145927, 30.283526 ], [ 35.191719, 30.347278 ], [ 35.161706, 30.441312 ], [ 35.203667, 30.582905 ], [ 35.336344, 30.79986 ], [ 35.336854, 30.876427 ], [ 35.416229, 30.950807 ], [ 35.456468, 31.130624 ], [ 35.399693, 31.257593 ], [ 35.471386, 31.40231 ] ] ] } },
{ "type": "Feature", "properties": { "id": "00-00-f1-34", "volumeName": "FIR AMMAN", "icaoID": "OJAC" }, "geometry": { "type": "Polygon", "coordinates": [ [ [ 35.471386, 31.40231 ], [ 35.399693, 31.257593 ], [ 35.456468, 31.130624 ], [ 35.416229, 30.950807 ], [ 35.336854, 30.876427 ], [ 35.336344, 30.79986 ], [ 35.203667, 30.582905 ], [ 35.161706, 30.441312 ], [ 35.191719, 30.347278 ], [ 35.145927, 30.283526 ], [ 35.161706, 30.124053 ], [ 35.075137, 29.951867 ], [ 35.084535, 29.888425 ], [ 34.978123, 29.576679 ], [ 35.00275, 29.520834 ], [ 34.954878, 29.356778 ], [ 36.070081, 29.18504 ], [ 36.504535, 29.499939 ], [ 36.753519, 29.868496 ], [ 37.499767, 29.999148 ], [ 37.665532, 30.332653 ], [ 37.997157, 30.500602 ], [ 37.000904, 31.50011 ], [ 38.995932, 31.996462 ], [ 39.301167, 32.230264 ], [ 39.259991, 32.355596 ], [ 39.043681, 32.304126 ], [ 38.98601, 32.477656 ], [ 39.086221, 32.501599 ], [ 38.793663, 33.374741 ], [ 36.838199, 32.311137 ], [ 36.395808, 32.379212 ], [ 36.201298, 32.529918 ], [ 36.078418, 32.512469 ], [ 36.027251, 32.65544 ], [ 35.964799, 32.663174 ], [ 35.934482, 32.720931 ], [ 35.796086, 32.755262 ], [ 35.560854, 32.645639 ], [ 35.577322, 32.553138 ], [ 35.553385, 32.515001 ], [ 35.580078, 32.487991 ], [ 35.546454, 32.400572 ], [ 35.574052, 32.211857 ], [ 35.518834, 32.035467 ], [ 35.558893, 31.761532 ], [ 35.487454, 31.5899 ], [ 35.471386, 31.40231 ] ] ] } },
{ "type": "Feature", "properties": { "id": "00-00-f1-35", "volumeName": "FIR DAMASCUS", "icaoID": "OSTT" }, "geometry": { "type": "Polygon", "coordinates": [ [ [ 35.908914, 35.92645 ], [ 35.666666, 35.916666 ], [ 35.524088, 35.545488 ], [ 35.686323, 35.345484 ], [ 35.714453, 35.1285 ], [ 35.686323, 34.939642 ], [ 35.708334, 34.616659 ], [ 35.990044, 34.650598 ], [ 36.2772, 34.627947 ], [ 36.33935, 34.691957 ], [ 36.383722, 34.63215 ], [ 36.462684, 34.630186 ], [ 36.453658, 34.590292 ], [ 36.407177, 34.608654 ], [ 36.411104, 34.557305 ], [ 36.335215, 34.502769 ], [ 36.446313, 34.506042 ], [ 36.46471, 34.462927 ], [ 36.553841, 34.415005 ], [ 36.528926, 34.369117 ], [ 36.599206, 34.303264 ], [ 36.582367, 34.229039 ], [ 36.623708, 34.201995 ], [ 36.510571, 34.0994 ], [ 36.501062, 34.048034 ], [ 36.403979, 34.043469 ], [ 36.396056, 34.001215 ], [ 36.277889, 33.918464 ], [ 36.367971, 33.874814 ], [ 36.388201, 33.823362 ], [ 36.249639, 33.853162 ], [ 36.228073, 33.819917 ], [ 36.190825, 33.843361 ], [ 36.062667, 33.811442 ], [ 35.975162, 33.729345 ], [ 35.935584, 33.643562 ], [ 36.0532, 33.567391 ], [ 36.015056, 33.52326 ], [ 35.939264, 33.520538 ], [ 35.950288, 33.470119 ], [ 35.827436, 33.397582 ], [ 35.81648, 33.351935 ], [ 35.620014, 33.270407 ], [ 35.625278, 33.241795 ], [ 35.66965, 33.24717 ], [ 35.669926, 33.152877 ], [ 35.641718, 33.051626 ], [ 35.586899, 33.016004 ], [ 35.626697, 32.977229 ], [ 35.605475, 32.90707 ], [ 35.662457, 32.77688 ], [ 35.596242, 32.704808 ], [ 35.664621, 32.680314 ], [ 35.796402, 32.755279 ], [ 35.934482, 32.720931 ], [ 35.964799, 32.663174 ], [ 36.027251, 32.65544 ], [ 36.078418, 32.512469 ], [ 36.201298, 32.529918 ], [ 36.395808, 32.379212 ], [ 36.838199, 32.311137 ], [ 38.29564, 33.112518 ], [ 40.175077, 34.082898 ], [ 40.640096, 34.315166 ], [ 40.977757, 34.398021 ], [ 41.227527, 34.778601 ], [ 41.220292, 35.258899 ], [ 41.268041, 35.484725 ], [ 41.382211, 35.625491 ], [ 41.369561, 35.84298 ], [ 41.255735, 36.059573 ], [ 41.282441, 36.347669 ], [ 41.399437, 36.523783 ], [ 41.817148, 36.587775 ], [ 42.376121, 37.077892 ], [ 42.320242, 37.184294 ], [ 42.342773, 37.232749 ], [ 42.2832, 37.282255 ], [ 42.205451, 37.280171 ], [ 42.215745, 37.320564 ], [ 42.03474, 37.182123 ], [ 41.517535, 37.077944 ], [ 41.218225, 37.062096 ], [ 40.909158, 37.132204 ], [ 40.833821, 37.106762 ], [ 40.766463, 37.127966 ], [ 40.530928, 37.028386 ], [ 40.415586, 37.015983 ], [ 40.182905, 36.877697 ], [ 39.819613, 36.756482 ], [ 39.211346, 36.669114 ], [ 39.019083, 36.710731 ], [ 38.738996, 36.708199 ], [ 38.554201, 36.8449 ], [ 38.240904, 36.92412 ], [ 37.782872, 36.749333 ], [ 37.65816, 36.74904 ], [ 37.495275, 36.673644 ], [ 37.474164, 36.633009 ], [ 37.142057, 36.677313 ], [ 37.085902, 36.63456 ], [ 37.020748, 36.666151 ], [ 37.046559, 36.726199 ], [ 36.992746, 36.74215 ], [ 36.997528, 36.765577 ], [ 36.665393, 36.828295 ], [ 36.671732, 36.799545 ], [ 36.612959, 36.745526 ], [ 36.628738, 36.705391 ], [ 36.573754, 36.660019 ], [ 36.59142, 36.585536 ], [ 36.542541, 36.485766 ], [ 36.605959, 36.392249 ], [ 36.618637, 36.357488 ], [ 36.599179, 36.349564 ], [ 36.605201, 36.327326 ], [ 36.657263, 36.337593 ], [ 36.694911, 36.245247 ], [ 36.622908, 36.238219 ], [ 36.624672, 36.214327 ], [ 36.50244, 36.242267 ], [ 36.465095, 36.196946 ], [ 36.383336, 36.217807 ], [ 36.376212, 36.0116 ], [ 36.339212, 35.988467 ], [ 36.290319, 36.01055 ], [ 36.294494, 35.956427 ], [ 36.198266, 35.948056 ], [ 36.156305, 35.808099 ], [ 36.112869, 35.861997 ], [ 35.999525, 35.880032 ], [ 36.006415, 35.940855 ], [ 35.908914, 35.92645 ] ] ] } },
{ "type": "Feature", "properties": { "id": "00-00-f1-36", "volumeName": "FIR TRIPOLI", "icaoID": "HLLL" }, "geometry": { "type": "Polygon", "coordinates": [ [ [ 11.986183, 23.526629 ], [ 11.500002, 23.23123 ], [ 11.500002, 22.0 ], [ 19.0, 22.0 ], [ 24.0, 19.500003 ], [ 24.000002, 20.000002 ], [ 25.000002, 20.000002 ], [ 24.99999, 29.253115 ], [ 24.869903, 29.504814 ], [ 24.870592, 29.562158 ], [ 24.912381, 29.608856 ], [ 24.818468, 29.806088 ], [ 24.823498, 29.898468 ], [ 24.762485, 30.065589 ], [ 24.696787, 30.155885 ], [ 24.782536, 30.323558 ], [ 24.92189, 30.470612 ], [ 25.016079, 30.777208 ], [ 24.868904, 31.155204 ], [ 24.889712, 31.246827 ], [ 24.859533, 31.40363 ], [ 25.076471, 31.551063 ], [ 25.087323, 31.615452 ], [ 25.149196, 31.658047 ], [ 24.166666, 34.000002 ], [ 23.583334, 34.333334 ], [ 11.5, 34.333334 ], [ 11.5, 32.389542 ], [ 10.985479, 32.183307 ], [ 10.861731, 32.11077 ], [ 10.795603, 31.998925 ], [ 10.640608, 31.967954 ], [ 10.613719, 31.917724 ], [ 10.634855, 31.879071 ], [ 10.527006, 31.740905 ], [ 10.388668, 31.739337 ], [ 10.27641, 31.672606 ], [ 10.134127, 31.479801 ], [ 10.292946, 31.091539 ], [ 10.274928, 31.040827 ], [ 10.305521, 30.894996 ], [ 10.246007, 30.749355 ], [ 10.06979, 30.509059 ], [ 9.907922, 30.356338 ], [ 9.391468, 30.168184 ], [ 9.414843, 30.041422 ], [ 9.538849, 29.903911 ], [ 9.783107, 29.427075 ], [ 9.904322, 28.75821 ], [ 9.834817, 28.286284 ], [ 9.965938, 27.882863 ], [ 9.926405, 27.67285 ], [ 9.86932, 27.58345 ], [ 9.81978, 27.56998 ], [ 9.881567, 27.558714 ], [ 9.81742, 27.46251 ], [ 9.781315, 27.26266 ], [ 9.861345, 26.933395 ], [ 9.930419, 26.85793 ], [ 9.913745, 26.646229 ], [ 9.863463, 26.51628 ], [ 9.504416, 26.378097 ], [ 9.39984, 26.195421 ], [ 10.02838, 25.354146 ], [ 10.041093, 24.955514 ], [ 10.214811, 24.647901 ], [ 10.355819, 24.533335 ], [ 10.544231, 24.53187 ], [ 10.613909, 24.57297 ], [ 10.708494, 24.570714 ], [ 10.765407, 24.508392 ], [ 10.820201, 24.566959 ], [ 10.897388, 24.554797 ], [ 11.047767, 24.424848 ], [ 11.42156, 24.200624 ], [ 11.602944, 24.265823 ], [ 11.986183, 23.526629 ] ] ] } },
{ "type": "Feature", "properties": { "id": "00-00-f1-37", "volumeName": "FIR TUNIS", "icaoID": "DTTC" }, "geometry": { "type": "Polygon", "coordinates": [ [ [ 8.636338, 36.908962 ], [ 8.625003, 36.853754 ], [ 8.681055, 36.838871 ], [ 8.669359, 36.81746 ], [ 8.572293, 36.77319 ], [ 8.42946, 36.759221 ], [ 8.487303, 36.697192 ], [ 8.44734, 36.619177 ], [ 8.15368, 36.496997 ], [ 8.209163, 36.447646 ], [ 8.354081, 36.446044 ], [ 8.409616, 36.4118 ], [ 8.376043, 36.348755 ], [ 8.391409, 36.304709 ], [ 8.337889, 36.265108 ], [ 8.35427, 36.231208 ], [ 8.306487, 36.173882 ], [ 8.345175, 36.103636 ], [ 8.256326, 35.91388 ], [ 8.258393, 35.762916 ], [ 8.356079, 35.670105 ], [ 8.385035, 35.487619 ], [ 8.314859, 35.413928 ], [ 8.311431, 35.315088 ], [ 8.406429, 35.246014 ], [ 8.476399, 35.239813 ], [ 8.357078, 35.098581 ], [ 8.3151, 34.947565 ], [ 8.245819, 34.920194 ], [ 8.281872, 34.768782 ], [ 8.320767, 34.732626 ], [ 8.238911, 34.686841 ], [ 8.280321, 34.65332 ], [ 8.210748, 34.60309 ], [ 8.222254, 34.577631 ], [ 8.170268, 34.57553 ], [ 8.115301, 34.51245 ], [ 7.855421, 34.405617 ], [ 7.796733, 34.209006 ], [ 7.722974, 34.166459 ], [ 7.654227, 34.19793 ], [ 7.604997, 34.110373 ], [ 7.528033, 34.063468 ], [ 7.553923, 34.018802 ], [ 7.52464, 33.797317 ], [ 7.588977, 33.750567 ], [ 7.564723, 33.727037 ], [ 7.592456, 33.649178 ], [ 7.743352, 33.425143 ], [ 7.808395, 33.207517 ], [ 8.143827, 33.083975 ], [ 8.104587, 33.049938 ], [ 8.323213, 32.823164 ], [ 8.357337, 32.501737 ], [ 9.075294, 32.087309 ], [ 9.556488, 30.227802 ], [ 9.943924, 30.383382 ], [ 10.06979, 30.509059 ], [ 10.272017, 30.800738 ], [ 10.305521, 30.894996 ], [ 10.274928, 31.040827 ], [ 10.292946, 31.091539 ], [ 10.134127, 31.479801 ], [ 10.27641, 31.672606 ], [ 10.388668, 31.739337 ], [ 10.527006, 31.740905 ], [ 10.634855, 31.879071 ], [ 10.613719, 31.917724 ], [ 10.640608, 31.967954 ], [ 10.795603, 31.998925 ], [ 10.861731, 32.11077 ], [ 10.985479, 32.183307 ], [ 11.5, 32.389542 ], [ 11.5, 37.5 ], [ 8.0, 39.0 ], [ 8.65, 36.933333 ], [ 8.636338, 36.908962 ] ] ] } },
{ "type": "Feature", "properties": { "id": "00-00-f1-38", "volumeName": "FIR ALGER", "icaoID": "DAAA" }, "geometry": { "type": "Polygon", "coordinates": [ [ [ -2.886267, 31.968109 ], [ -2.666667, 31.833333 ], [ -8.666665, 28.666668 ], [ -8.666789, 27.290458 ], [ -4.840381, 25.032442 ], [ -3.583456, 24.166751 ], [ 1.091099, 21.167253 ], [ 1.166561, 21.116368 ], [ 1.19202, 20.999976 ], [ 1.165149, 20.73615 ], [ 1.316543, 20.740216 ], [ 1.383809, 20.656603 ], [ 1.599575, 20.59609 ], [ 1.667581, 20.529996 ], [ 1.669287, 20.405128 ], [ 1.799408, 20.296918 ], [ 1.883244, 20.296591 ], [ 1.922484, 20.224312 ], [ 1.978932, 20.26698 ], [ 2.12056, 20.238248 ], [ 2.214542, 20.318725 ], [ 2.312021, 20.271114 ], [ 2.317912, 20.21818 ], [ 2.399819, 20.133172 ], [ 2.375428, 20.028373 ], [ 2.470323, 20.098549 ], [ 2.519915, 20.094674 ], [ 2.588197, 20.031904 ], [ 2.665264, 20.050869 ], [ 2.688725, 20.098928 ], [ 2.733821, 19.995145 ], [ 2.976838, 19.951685 ], [ 3.149007, 19.856721 ], [ 3.254633, 19.834793 ], [ 3.231861, 19.584472 ], [ 3.266123, 19.448494 ], [ 3.200184, 19.41704 ], [ 3.178256, 19.359077 ], [ 3.20058, 19.277083 ], [ 3.114676, 19.155678 ], [ 3.351, 18.967397 ], [ 5.816667, 19.4375 ], [ 7.463491, 20.84382 ], [ 9.859205, 22.294635 ], [ 11.993336, 23.512833 ], [ 11.602944, 24.265823 ], [ 11.42156, 24.200624 ], [ 11.047767, 24.424848 ], [ 10.897388, 24.554797 ], [ 10.820201, 24.566959 ], [ 10.765407, 24.508392 ], [ 10.708494, 24.570714 ], [ 10.613909, 24.57297 ], [ 10.544231, 24.53187 ], [ 10.355819, 24.533335 ], [ 10.214811, 24.647901 ], [ 10.041093, 24.955514 ], [ 10.02838, 25.354146 ], [ 9.39984, 26.195421 ], [ 9.504416, 26.378097 ], [ 9.863463, 26.51628 ], [ 9.913745, 26.646229 ], [ 9.930419, 26.85793 ], [ 9.861345, 26.933395 ], [ 9.781315, 27.26266 ], [ 9.81742, 27.46251 ], [ 9.881567, 27.558714 ], [ 9.81978, 27.56998 ], [ 9.86932, 27.58345 ], [ 9.926405, 27.67285 ], [ 9.965938, 27.882863 ], [ 9.834817, 28.286284 ], [ 9.904322, 28.75821 ], [ 9.783107, 29.427075 ], [ 9.538849, 29.903911 ], [ 9.408625, 30.064022 ], [ 9.400753, 30.179278 ], [ 9.556488, 30.227802 ], [ 9.075294, 32.087309 ], [ 8.357337, 32.501737 ], [ 8.323213, 32.823164 ], [ 8.104587, 33.049938 ], [ 8.143827, 33.083975 ], [ 7.808395, 33.207517 ], [ 7.743352, 33.425143 ], [ 7.592456, 33.649178 ], [ 7.564723, 33.727037 ], [ 7.588977, 33.750567 ], [ 7.52464, 33.797317 ], [ 7.553923, 34.018802 ], [ 7.528033, 34.063468 ], [ 7.604997, 34.110373 ], [ 7.654227, 34.19793 ], [ 7.722974, 34.166459 ], [ 7.796733, 34.209006 ], [ 7.855421, 34.405617 ], [ 8.115301, 34.51245 ], [ 8.170268, 34.57553 ], [ 8.222254, 34.577631 ], [ 8.210748, 34.60309 ], [ 8.280321, 34.65332 ], [ 8.238911, 34.686841 ], [ 8.320767, 34.732626 ], [ 8.281872, 34.768782 ], [ 8.245819, 34.920194 ], [ 8.3151, 34.947565 ], [ 8.357078, 35.098581 ], [ 8.476399, 35.239813 ], [ 8.406429, 35.246014 ], [ 8.311431, 35.315088 ], [ 8.314859, 35.413928 ], [ 8.385035, 35.487619 ], [ 8.356079, 35.670105 ], [ 8.258393, 35.762916 ], [ 8.256326, 35.91388 ], [ 8.345175, 36.103636 ], [ 8.306487, 36.173882 ], [ 8.35427, 36.231208 ], [ 8.337889, 36.265108 ], [ 8.391409, 36.304709 ], [ 8.376043, 36.348755 ], [ 8.409616, 36.4118 ], [ 8.354081, 36.446044 ], [ 8.209163, 36.447646 ], [ 8.15368, 36.496997 ], [ 8.44734, 36.619177 ], [ 8.487303, 36.697192 ], [ 8.42946, 36.759221 ], [ 8.572293, 36.77319 ], [ 8.681055, 36.838871 ], [ 8.65, 36.850534 ], [ 8.65, 36.933333 ], [ 8.0, 39.0 ], [ 4.669626, 39.000002 ], [ 3.750002, 38.333334 ], [ -1.500006, 36.249885 ], [ -2.10003, 35.833134 ], [ -2.2184, 35.048334 ], [ -2.056033, 34.926275 ], [ -1.973402, 34.936059 ], [ -1.972765, 34.878991 ], [ -1.893459, 34.84168 ], [ -1.888567, 34.806558 ], [ -1.739033, 34.742927 ], [ -1.853978, 34.616233 ], [ -1.761667, 34.521028 ], [ -1.684083, 34.494329 ], [ -1.782079, 34.394059 ], [ -1.706649, 34.310843 ], [ -1.71533, 34.23698 ], [ -1.646756, 34.102122 ], [ -1.69888, 33.869561 ], [ -1.670389, 33.77315 ], [ -1.738499, 33.700406 ], [ -1.651717, 33.679942 ], [ -1.594873, 33.605373 ], [ -1.588017, 33.528754 ], [ -1.663189, 33.377739 ], [ -1.670251, 33.284015 ], [ -1.573461, 33.14597 ], [ -1.474673, 33.075673 ], [ -1.481184, 32.977866 ], [ -1.544419, 32.957196 ], [ -1.381759, 32.739845 ], [ -0.998044, 32.50942 ], [ -1.125564, 32.412716 ], [ -1.195569, 32.402191 ], [ -1.246522, 32.329344 ], [ -1.240734, 32.20489 ], [ -1.298715, 32.165944 ], [ -1.181616, 32.164032 ], [ -1.152436, 32.111029 ], [ -1.204543, 32.084433 ], [ -1.567949, 32.090651 ], [ -1.995951, 32.176021 ], [ -2.137131, 32.138193 ], [ -2.447706, 32.159639 ], [ -2.595466, 32.111563 ], [ -2.90866, 32.117385 ], [ -2.931173, 32.027244 ], [ -2.886267, 31.968109 ] ] ] } },
{ "type": "Feature", "properties": { "id": "00-00-f1-3a", "volumeName": "FIR CASABLANCA", "icaoID": "GMMM" }, "geometry": { "type": "Polygon", "coordinates": [ [ [ -2.213732, 35.057068 ], [ -2.10003, 35.833134 ], [ -7.383333, 35.833334 ], [ -7.383333, 35.966665 ], [ -12.0, 35.966667 ], [ -14.676691, 32.190582 ], [ -14.875658, 31.96793 ], [ -15.177398, 31.732236 ], [ -15.528531, 31.554308 ], [ -15.736165, 31.493614 ], [ -12.499998, 30.000002 ], [ -13.166665, 27.666669 ], [ -8.666665, 27.666669 ], [ -8.666665, 28.666668 ], [ -2.666669, 31.833335 ], [ -2.881565, 31.952729 ], [ -2.931173, 32.027244 ], [ -2.90866, 32.117385 ], [ -2.595466, 32.111563 ], [ -2.447706, 32.159639 ], [ -2.137131, 32.138193 ], [ -1.995951, 32.176021 ], [ -1.567949, 32.090651 ], [ -1.240527, 32.076853 ], [ -1.152436, 32.111029 ], [ -1.190418, 32.168217 ], [ -1.298715, 32.165944 ], [ -1.240734, 32.20489 ], [ -1.246522, 32.329344 ], [ -1.195569, 32.402191 ], [ -1.125564, 32.412716 ], [ -0.996976, 32.516568 ], [ -1.381759, 32.739845 ], [ -1.544419, 32.957196 ], [ -1.481184, 32.977866 ], [ -1.474673, 33.075673 ], [ -1.573461, 33.14597 ], [ -1.670251, 33.284015 ], [ -1.663189, 33.377739 ], [ -1.588017, 33.528754 ], [ -1.594873, 33.605373 ], [ -1.651717, 33.679942 ], [ -1.738499, 33.700406 ], [ -1.670389, 33.77315 ], [ -1.69888, 33.869561 ], [ -1.646756, 34.102122 ], [ -1.71533, 34.23698 ], [ -1.706649, 34.310843 ], [ -1.782079, 34.394059 ], [ -1.684083, 34.494329 ], [ -1.761667, 34.521028 ], [ -1.853978, 34.616233 ], [ -1.739033, 34.742927 ], [ -1.888567, 34.806558 ], [ -1.893459, 34.84168 ], [ -1.972765, 34.878991 ], [ -1.973402, 34.936059 ], [ -2.056033, 34.926275 ], [ -2.213732, 35.057068 ] ] ] } },
{ "type": "Feature", "properties": { "id": "00-00-f1-3b", "volumeName": "FIR ADDIS ABABA", "icaoID": "HAAA" }, "geometry": { "type": "Polygon", "coordinates": [ [ [ 44.038512, 10.89128 ], [ 44.1617, 11.094282 ], [ 44.235642, 11.309747 ], [ 44.262503, 11.526417 ], [ 44.242253, 11.75388 ], [ 44.183332, 11.750002 ], [ 44.050001, 12.166666 ], [ 43.334275, 12.600725 ], [ 43.200003, 12.750002 ], [ 42.888476, 12.616267 ], [ 42.802142, 12.510072 ], [ 42.825321, 12.434331 ], [ 42.70109, 12.354715 ], [ 42.541348, 12.495878 ], [ 42.461353, 12.526918 ], [ 42.404261, 12.468645 ], [ 42.218336, 12.765009 ], [ 42.056375, 12.801217 ], [ 41.89108, 13.073414 ], [ 41.735568, 13.236643 ], [ 41.643791, 13.385522 ], [ 41.249368, 13.610435 ], [ 40.942162, 14.081638 ], [ 40.808741, 14.172417 ], [ 40.259482, 14.411472 ], [ 40.213318, 14.386667 ], [ 40.147517, 14.53925 ], [ 40.069285, 14.540404 ], [ 40.00861, 14.448283 ], [ 39.930448, 14.415158 ], [ 39.770072, 14.546158 ], [ 39.586793, 14.609031 ], [ 39.508107, 14.550189 ], [ 39.53801, 14.491432 ], [ 39.373101, 14.539509 ], [ 39.360037, 14.483302 ], [ 39.328659, 14.493947 ], [ 39.346436, 14.466249 ], [ 39.301332, 14.469918 ], [ 39.251585, 14.409181 ], [ 39.227745, 14.450229 ], [ 39.261411, 14.515669 ], [ 39.241016, 14.563245 ], [ 39.157396, 14.608325 ], [ 39.153648, 14.653421 ], [ 39.032036, 14.638814 ], [ 38.978362, 14.545176 ], [ 38.797453, 14.46711 ], [ 38.457945, 14.413522 ], [ 38.347289, 14.512448 ], [ 38.257303, 14.68031 ], [ 38.143298, 14.675728 ], [ 38.044741, 14.720376 ], [ 37.912683, 14.894044 ], [ 37.527907, 14.183958 ], [ 37.495868, 14.183992 ], [ 37.469754, 14.254169 ], [ 37.394307, 14.300419 ], [ 37.392171, 14.366651 ], [ 37.311996, 14.447869 ], [ 37.13547, 14.409577 ], [ 37.106021, 14.290773 ], [ 37.066499, 14.264194 ], [ 37.012066, 14.252584 ], [ 36.897524, 14.316973 ], [ 36.742701, 14.322364 ], [ 36.624907, 14.311633 ], [ 36.441301, 14.223124 ], [ 36.000002, 13.000002 ], [ 33.000002, 8.000002 ], [ 36.000002, 4.000002 ], [ 41.905169, 3.980322 ], [ 41.979867, 4.098647 ], [ 42.078837, 4.179194 ], [ 42.540756, 4.210802 ], [ 42.844131, 4.283511 ], [ 42.932945, 4.358442 ], [ 43.081608, 4.607006 ], [ 43.634959, 4.854605 ], [ 44.010337, 4.959284 ], [ 44.970444, 4.913292 ], [ 45.989682, 5.99016 ], [ 47.999992, 7.999994 ], [ 46.999991, 7.999994 ], [ 43.999037, 8.999347 ], [ 43.642979, 9.356776 ], [ 43.487509, 9.39748 ], [ 43.396214, 9.554318 ], [ 43.298787, 9.606459 ], [ 43.254965, 9.846755 ], [ 43.083813, 9.907388 ], [ 43.009013, 10.086447 ], [ 42.853708, 10.219238 ], [ 42.799179, 10.348585 ], [ 42.798655, 10.452092 ], [ 42.705845, 10.539615 ], [ 42.670085, 10.623813 ], [ 42.714292, 10.637697 ], [ 42.858297, 10.854256 ], [ 42.909905, 10.878078 ], [ 43.259083, 11.461278 ], [ 43.333333, 11.666667 ], [ 43.583333, 11.45 ], [ 44.0, 10.833333 ], [ 44.038512, 10.89128 ] ] ] } },
{ "type": "Feature", "properties": { "id": "00-00-f1-3c", "volumeName": "FIR ASMARA", "icaoID": "HHAA" }, "geometry": { "type": "Polygon", "coordinates": [ [ [ 43.124779, 12.709116 ], [ 43.200003, 12.750002 ], [ 42.416666, 14.000002 ], [ 42.016668, 14.9 ], [ 41.500002, 15.633333 ], [ 41.0, 16.0 ], [ 38.500001, 19.999999 ], [ 36.441301, 14.223124 ], [ 36.560394, 14.257665 ], [ 36.555729, 14.283814 ], [ 36.624907, 14.311633 ], [ 36.742701, 14.322364 ], [ 36.897524, 14.316973 ], [ 37.012066, 14.252584 ], [ 37.066499, 14.264194 ], [ 37.106021, 14.290773 ], [ 37.13547, 14.409577 ], [ 37.311996, 14.447869 ], [ 37.392171, 14.366651 ], [ 37.394307, 14.300419 ], [ 37.469754, 14.254169 ], [ 37.495868, 14.183992 ], [ 37.527907, 14.183958 ], [ 37.912683, 14.894044 ], [ 38.044741, 14.720376 ], [ 38.143298, 14.675728 ], [ 38.257303, 14.68031 ], [ 38.347289, 14.512448 ], [ 38.457945, 14.413522 ], [ 38.797453, 14.46711 ], [ 38.978362, 14.545176 ], [ 39.032036, 14.638814 ], [ 39.153648, 14.653421 ], [ 39.157396, 14.608325 ], [ 39.241016, 14.563245 ], [ 39.261411, 14.515669 ], [ 39.227745, 14.450229 ], [ 39.251585, 14.409181 ], [ 39.301332, 14.469918 ], [ 39.346436, 14.466249 ], [ 39.328659, 14.493947 ], [ 39.360037, 14.483302 ], [ 39.373101, 14.539509 ], [ 39.53801, 14.491432 ], [ 39.508107, 14.550189 ], [ 39.586793, 14.609031 ], [ 39.770072, 14.546158 ], [ 39.930448, 14.415158 ], [ 40.00861, 14.448283 ], [ 40.069285, 14.540404 ], [ 40.132841, 14.54664 ], [ 40.213318, 14.386667 ], [ 40.259482, 14.411472 ], [ 40.808741, 14.172417 ], [ 40.942162, 14.081638 ], [ 41.249368, 13.610435 ], [ 41.643791, 13.385522 ], [ 41.735568, 13.236643 ], [ 41.89108, 13.073414 ], [ 42.056375, 12.801217 ], [ 42.218336, 12.765009 ], [ 42.404261, 12.468645 ], [ 42.461353, 12.526918 ], [ 42.541348, 12.495878 ], [ 42.70109, 12.354715 ], [ 42.825321, 12.434331 ], [ 42.802142, 12.510072 ], [ 42.888476, 12.616267 ], [ 43.124779, 12.709116 ] ] ] } },
{ "type": "Feature", "properties": { "id": "00-00-f1-3d", "volumeName": "FIR MOGADISHU", "icaoID": "HCSM" }, "geometry": { "type": "Polygon", "coordinates": [ [ [ 44.038512, 10.89128 ], [ 44.0, 10.833333 ], [ 43.583333, 11.45 ], [ 43.333333, 11.666667 ], [ 43.259083, 11.461278 ], [ 42.909905, 10.878078 ], [ 42.858297, 10.854256 ], [ 42.714292, 10.637697 ], [ 42.670085, 10.623813 ], [ 42.705845, 10.539615 ], [ 42.798655, 10.452092 ], [ 42.799179, 10.348585 ], [ 42.853708, 10.219238 ], [ 43.009013, 10.086447 ], [ 43.083813, 9.907388 ], [ 43.254965, 9.846755 ], [ 43.298787, 9.606459 ], [ 43.396214, 9.554318 ], [ 43.487509, 9.39748 ], [ 43.642979, 9.356776 ], [ 43.999037, 8.999347 ], [ 46.999991, 7.999994 ], [ 47.999992, 7.999994 ], [ 45.989682, 5.99016 ], [ 44.970444, 4.913292 ], [ 43.99883, 4.9567 ], [ 43.531262, 4.81695 ], [ 43.126325, 4.634566 ], [ 43.041232, 4.571452 ], [ 42.963097, 4.400317 ], [ 42.844131, 4.283511 ], [ 42.540756, 4.210802 ], [ 42.078837, 4.179194 ], [ 41.950514, 4.063163 ], [ 41.945553, 4.011056 ], [ 41.330879, 3.157585 ], [ 40.994363, 2.822687 ], [ 40.994363, -0.83957 ], [ 41.558903, -1.598387 ], [ 41.558161, -1.674868 ], [ 41.761885, -1.730148 ], [ 42.000002, -2.0 ], [ 44.000002, -2.0 ], [ 60.000002, 10.700003 ], [ 60.000002, 12.000002 ], [ 51.583334, 12.000002 ], [ 50.766668, 12.183332 ], [ 44.242253, 11.75388 ], [ 44.262503, 11.526417 ], [ 44.233537, 11.300726 ], [ 44.1617, 11.094282 ], [ 44.038512, 10.89128 ] ] ] } },
{ "type": "Feature", "properties": { "id": "00-00-f1-42", "volumeName": "FIR BAKU MAINLAND", "icaoID": "UBBA" }, "geometry": { "type": "Polygon", "coordinates": [ [ [ 51.500002, 42.000002 ], [ 51.500002, 37.866667 ], [ 48.841694, 38.451999 ], [ 48.628217, 38.401476 ], [ 48.46217, 38.564271 ], [ 48.458932, 38.608471 ], [ 48.313442, 38.605238 ], [ 48.252622, 38.66224 ], [ 48.249922, 38.726125 ], [ 48.107318, 38.769801 ], [ 48.020731, 38.838058 ], [ 48.016611, 38.910483 ], [ 48.269645, 38.967153 ], [ 48.329832, 39.012676 ], [ 48.307584, 39.108186 ], [ 48.14929, 39.198684 ], [ 48.129261, 39.27124 ], [ 48.36841, 39.378682 ], [ 47.985701, 39.708791 ], [ 47.917282, 39.659078 ], [ 47.79126, 39.649432 ], [ 47.531431, 39.499846 ], [ 47.390417, 39.468771 ], [ 47.313729, 39.370827 ], [ 47.095585, 39.276207 ], [ 47.019214, 39.167635 ], [ 46.836032, 39.136061 ], [ 46.754245, 39.02661 ], [ 46.694273, 39.018669 ], [ 46.533621, 38.867498 ], [ 46.507687, 38.961067 ], [ 46.554154, 39.057151 ], [ 46.518049, 39.061819 ], [ 46.536998, 39.084677 ], [ 46.496731, 39.15041 ], [ 46.439749, 39.154957 ], [ 46.431578, 39.187703 ], [ 46.50861, 39.176902 ], [ 46.516327, 39.213179 ], [ 46.537108, 39.158454 ], [ 46.575376, 39.217003 ], [ 46.634218, 39.23099 ], [ 46.553438, 39.254245 ], [ 46.504242, 39.343042 ], [ 46.408909, 39.361404 ], [ 46.380632, 39.435767 ], [ 46.485431, 39.483464 ], [ 46.535275, 39.467927 ], [ 46.499143, 39.518931 ], [ 46.544783, 39.546475 ], [ 46.586538, 39.53235 ], [ 46.578587, 39.554244 ], [ 46.520778, 39.584354 ], [ 46.430448, 39.569213 ], [ 46.413732, 39.630845 ], [ 46.392207, 39.612483 ], [ 46.357508, 39.63951 ], [ 46.178019, 39.579703 ], [ 46.171652, 39.633739 ], [ 46.058171, 39.689808 ], [ 45.980408, 39.7851 ], [ 45.827694, 39.824959 ], [ 45.79903, 39.935788 ], [ 45.610515, 39.974218 ], [ 45.602178, 40.010409 ], [ 45.681691, 40.033749 ], [ 45.788378, 40.029391 ], [ 45.839021, 39.990152 ], [ 45.882981, 40.021244 ], [ 45.903444, 40.103461 ], [ 45.961846, 40.120841 ], [ 45.978134, 40.222868 ], [ 45.933486, 40.255855 ], [ 45.959255, 40.276215 ], [ 45.649541, 40.367028 ], [ 45.450042, 40.499767 ], [ 45.430708, 40.540161 ], [ 45.462927, 40.579401 ], [ 45.388196, 40.615953 ], [ 45.374801, 40.704871 ], [ 45.546119, 40.775306 ], [ 45.603032, 40.880709 ], [ 45.481186, 40.923531 ], [ 45.454797, 40.970557 ], [ 45.422275, 40.958792 ], [ 45.427511, 41.02101 ], [ 45.318233, 41.000753 ], [ 45.286703, 41.040837 ], [ 45.25815, 41.003957 ], [ 45.129952, 41.095028 ], [ 45.115896, 41.04976 ], [ 45.059534, 41.051258 ], [ 45.098946, 41.119885 ], [ 45.173194, 41.118455 ], [ 45.204297, 41.151769 ], [ 45.121408, 41.205185 ], [ 45.089203, 41.178503 ], [ 45.021707, 41.205564 ], [ 45.062634, 41.246165 ], [ 45.015065, 41.297083 ], [ 45.174848, 41.422226 ], [ 45.309441, 41.472921 ], [ 45.39171, 41.427377 ], [ 45.464718, 41.454145 ], [ 45.576849, 41.375924 ], [ 45.76079, 41.351343 ], [ 45.700363, 41.29791 ], [ 45.741084, 41.258705 ], [ 45.951814, 41.177779 ], [ 46.097238, 41.171923 ], [ 46.147605, 41.205685 ], [ 46.279277, 41.190199 ], [ 46.369538, 41.105122 ], [ 46.457623, 41.098318 ], [ 46.494044, 41.054945 ], [ 46.550268, 41.112633 ], [ 46.641935, 41.107052 ], [ 46.656859, 41.202567 ], [ 46.736124, 41.285008 ], [ 46.697952, 41.29648 ], [ 46.703533, 41.326573 ], [ 46.650107, 41.349707 ], [ 46.660029, 41.369947 ], [ 46.624847, 41.358905 ], [ 46.65052, 41.373323 ], [ 46.631738, 41.390342 ], [ 46.508954, 41.412511 ], [ 46.333365, 41.499844 ], [ 46.297605, 41.572949 ], [ 46.344182, 41.569383 ], [ 46.321651, 41.608055 ], [ 46.279277, 41.600303 ], [ 46.268115, 41.607107 ], [ 46.279552, 41.614015 ], [ 46.263292, 41.633204 ], [ 46.24003, 41.595756 ], [ 46.192254, 41.627295 ], [ 46.207412, 41.660954 ], [ 46.17795, 41.713199 ], [ 46.203857, 41.771352 ], [ 46.300016, 41.775297 ], [ 46.398959, 41.844784 ], [ 46.425762, 41.912343 ], [ 46.536901, 41.879373 ], [ 46.58279, 41.802375 ], [ 46.626157, 41.834501 ], [ 46.720828, 41.827197 ], [ 46.759757, 41.862061 ], [ 46.790763, 41.773178 ], [ 46.865108, 41.719417 ], [ 46.91458, 41.725326 ], [ 46.926707, 41.676784 ], [ 46.999853, 41.641972 ], [ 47.019173, 41.55655 ], [ 47.113638, 41.595222 ], [ 47.172452, 41.53035 ], [ 47.159499, 41.499517 ], [ 47.242525, 41.446652 ], [ 47.218479, 41.40047 ], [ 47.259475, 41.396767 ], [ 47.256719, 41.339733 ], [ 47.303669, 41.306419 ], [ 47.496388, 41.268351 ], [ 47.503622, 41.226838 ], [ 47.558992, 41.197623 ], [ 47.620411, 41.238206 ], [ 47.781752, 41.185359 ], [ 47.811655, 41.2195 ], [ 47.899712, 41.232608 ], [ 47.891333, 41.288729 ], [ 47.967925, 41.318942 ], [ 47.950079, 41.350654 ], [ 48.000405, 41.370343 ], [ 48.002334, 41.428875 ], [ 48.063313, 41.457469 ], [ 48.0773, 41.501481 ], [ 48.201089, 41.504357 ], [ 48.385677, 41.593602 ], [ 48.583956, 41.835772 ], [ 50.000002, 42.633333 ], [ 51.500002, 42.000002 ] ] ] } }
]
}
